-- MariaDB dump 10.17  Distrib 10.4.12-MariaDB, for Linux (x86_64)
--
-- Host: localhost    Database: cacti
-- ------------------------------------------------------
-- Server version	10.4.12-MariaDB

/*!40101 SET @OLD_CHARACTER_SET_CLIENT=@@CHARACTER_SET_CLIENT */;
/*!40101 SET @OLD_CHARACTER_SET_RESULTS=@@CHARACTER_SET_RESULTS */;
/*!40101 SET @OLD_COLLATION_CONNECTION=@@COLLATION_CONNECTION */;
/*!40101 SET NAMES utf8mb4 */;
/*!40103 SET @OLD_TIME_ZONE=@@TIME_ZONE */;
/*!40103 SET TIME_ZONE='+00:00' */;
/*!40014 SET @OLD_UNIQUE_CHECKS=@@UNIQUE_CHECKS, UNIQUE_CHECKS=0 */;
/*!40014 SET @OLD_FOREIGN_KEY_CHECKS=@@FOREIGN_KEY_CHECKS, FOREIGN_KEY_CHECKS=0 */;
/*!40101 SET @OLD_SQL_MODE=@@SQL_MODE, SQL_MODE='NO_AUTO_VALUE_ON_ZERO' */;
/*!40111 SET @OLD_SQL_NOTES=@@SQL_NOTES, SQL_NOTES=0 */;

--
-- Table structure for table `aggregate_graph_templates`
--

DROP TABLE IF EXISTS `aggregate_graph_templates`;
/*!40101 SET @saved_cs_client     = @@character_set_client */;
/*!40101 SET character_set_client = utf8 */;
CREATE TABLE `aggregate_graph_templates` (
  `id` int(10) unsigned NOT NULL AUTO_INCREMENT,
  `name` varchar(64) COLLATE utf8mb4_unicode_ci NOT NULL,
  `graph_template_id` int(10) unsigned NOT NULL,
  `gprint_prefix` varchar(64) COLLATE utf8mb4_unicode_ci NOT NULL,
  `gprint_format` char(2) COLLATE utf8mb4_unicode_ci DEFAULT '',
  `graph_type` int(10) unsigned NOT NULL,
  `total` int(10) unsigned NOT NULL,
  `total_type` int(10) unsigned NOT NULL,
  `total_prefix` varchar(64) COLLATE utf8mb4_unicode_ci NOT NULL,
  `order_type` int(10) unsigned NOT NULL,
  `created` timestamp NOT NULL DEFAULT current_timestamp(),
  `user_id` int(10) unsigned NOT NULL,
  PRIMARY KEY (`id`),
  KEY `graph_template_id` (`graph_template_id`),
  KEY `user_id` (`user_id`)
) ENGINE=InnoDB DEFAULT CHARSET=utf8mb4 COLLATE=utf8mb4_unicode_ci ROW_FORMAT=DYNAMIC COMMENT='Template Definitions for Aggregate Graphs';
/*!40101 SET character_set_client = @saved_cs_client */;

--
-- Dumping data for table `aggregate_graph_templates`
--

LOCK TABLES `aggregate_graph_templates` WRITE;
/*!40000 ALTER TABLE `aggregate_graph_templates` DISABLE KEYS */;
/*!40000 ALTER TABLE `aggregate_graph_templates` ENABLE KEYS */;
UNLOCK TABLES;

--
-- Table structure for table `aggregate_graph_templates_graph`
--

DROP TABLE IF EXISTS `aggregate_graph_templates_graph`;
/*!40101 SET @saved_cs_client     = @@character_set_client */;
/*!40101 SET character_set_client = utf8 */;
CREATE TABLE `aggregate_graph_templates_graph` (
  `aggregate_template_id` int(10) unsigned NOT NULL,
  `t_image_format_id` char(2) COLLATE utf8mb4_unicode_ci DEFAULT '',
  `image_format_id` tinyint(1) NOT NULL DEFAULT 0,
  `t_height` char(2) COLLATE utf8mb4_unicode_ci DEFAULT '',
  `height` mediumint(8) NOT NULL DEFAULT 0,
  `t_width` char(2) COLLATE utf8mb4_unicode_ci DEFAULT '',
  `width` mediumint(8) NOT NULL DEFAULT 0,
  `t_upper_limit` char(2) COLLATE utf8mb4_unicode_ci DEFAULT '',
  `upper_limit` varchar(20) COLLATE utf8mb4_unicode_ci NOT NULL DEFAULT '0',
  `t_lower_limit` char(2) COLLATE utf8mb4_unicode_ci DEFAULT '',
  `lower_limit` varchar(20) COLLATE utf8mb4_unicode_ci NOT NULL DEFAULT '0',
  `t_vertical_label` char(2) COLLATE utf8mb4_unicode_ci DEFAULT '',
  `vertical_label` varchar(200) COLLATE utf8mb4_unicode_ci DEFAULT '',
  `t_slope_mode` char(2) COLLATE utf8mb4_unicode_ci DEFAULT '',
  `slope_mode` char(2) COLLATE utf8mb4_unicode_ci DEFAULT 'on',
  `t_auto_scale` char(2) COLLATE utf8mb4_unicode_ci DEFAULT '',
  `auto_scale` char(2) COLLATE utf8mb4_unicode_ci DEFAULT '',
  `t_auto_scale_opts` char(2) COLLATE utf8mb4_unicode_ci DEFAULT '',
  `auto_scale_opts` tinyint(1) NOT NULL DEFAULT 0,
  `t_auto_scale_log` char(2) COLLATE utf8mb4_unicode_ci DEFAULT '',
  `auto_scale_log` char(2) COLLATE utf8mb4_unicode_ci DEFAULT '',
  `t_scale_log_units` char(2) COLLATE utf8mb4_unicode_ci DEFAULT '',
  `scale_log_units` char(2) COLLATE utf8mb4_unicode_ci DEFAULT '',
  `t_auto_scale_rigid` char(2) COLLATE utf8mb4_unicode_ci DEFAULT '',
  `auto_scale_rigid` char(2) COLLATE utf8mb4_unicode_ci DEFAULT '',
  `t_auto_padding` char(2) COLLATE utf8mb4_unicode_ci DEFAULT '',
  `auto_padding` char(2) COLLATE utf8mb4_unicode_ci DEFAULT '',
  `t_base_value` char(2) COLLATE utf8mb4_unicode_ci DEFAULT '',
  `base_value` mediumint(8) NOT NULL DEFAULT 0,
  `t_grouping` char(2) COLLATE utf8mb4_unicode_ci DEFAULT '',
  `grouping` char(2) COLLATE utf8mb4_unicode_ci NOT NULL DEFAULT '',
  `t_unit_value` char(2) COLLATE utf8mb4_unicode_ci DEFAULT '',
  `unit_value` varchar(20) COLLATE utf8mb4_unicode_ci DEFAULT '',
  `t_unit_exponent_value` char(2) COLLATE utf8mb4_unicode_ci DEFAULT '',
  `unit_exponent_value` varchar(5) COLLATE utf8mb4_unicode_ci NOT NULL DEFAULT '',
  `t_alt_y_grid` char(2) COLLATE utf8mb4_unicode_ci DEFAULT '',
  `alt_y_grid` char(2) COLLATE utf8mb4_unicode_ci DEFAULT NULL,
  `t_right_axis` char(2) COLLATE utf8mb4_unicode_ci DEFAULT '',
  `right_axis` varchar(20) COLLATE utf8mb4_unicode_ci DEFAULT NULL,
  `t_right_axis_label` char(2) COLLATE utf8mb4_unicode_ci DEFAULT '',
  `right_axis_label` varchar(200) COLLATE utf8mb4_unicode_ci DEFAULT NULL,
  `t_right_axis_format` char(2) COLLATE utf8mb4_unicode_ci DEFAULT '',
  `right_axis_format` mediumint(8) DEFAULT NULL,
  `t_right_axis_formatter` char(2) COLLATE utf8mb4_unicode_ci DEFAULT '',
  `right_axis_formatter` varchar(10) COLLATE utf8mb4_unicode_ci DEFAULT NULL,
  `t_left_axis_formatter` char(2) COLLATE utf8mb4_unicode_ci DEFAULT '',
  `left_axis_formatter` varchar(10) COLLATE utf8mb4_unicode_ci DEFAULT NULL,
  `t_no_gridfit` char(2) COLLATE utf8mb4_unicode_ci DEFAULT '',
  `no_gridfit` char(2) COLLATE utf8mb4_unicode_ci DEFAULT NULL,
  `t_unit_length` char(2) COLLATE utf8mb4_unicode_ci DEFAULT '',
  `unit_length` varchar(10) COLLATE utf8mb4_unicode_ci DEFAULT NULL,
  `t_tab_width` char(2) COLLATE utf8mb4_unicode_ci DEFAULT '',
  `tab_width` varchar(20) COLLATE utf8mb4_unicode_ci DEFAULT '30',
  `t_dynamic_labels` char(2) COLLATE utf8mb4_unicode_ci DEFAULT '',
  `dynamic_labels` char(2) COLLATE utf8mb4_unicode_ci DEFAULT NULL,
  `t_force_rules_legend` char(2) COLLATE utf8mb4_unicode_ci DEFAULT '',
  `force_rules_legend` char(2) COLLATE utf8mb4_unicode_ci DEFAULT NULL,
  `t_legend_position` char(2) COLLATE utf8mb4_unicode_ci DEFAULT '',
  `legend_position` varchar(10) COLLATE utf8mb4_unicode_ci DEFAULT NULL,
  `t_legend_direction` char(2) COLLATE utf8mb4_unicode_ci DEFAULT '',
  `legend_direction` varchar(10) COLLATE utf8mb4_unicode_ci DEFAULT NULL,
  PRIMARY KEY (`aggregate_template_id`)
) ENGINE=InnoDB DEFAULT CHARSET=utf8mb4 COLLATE=utf8mb4_unicode_ci ROW_FORMAT=DYNAMIC COMMENT='Aggregate Template Graph Data';
/*!40101 SET character_set_client = @saved_cs_client */;

--
-- Dumping data for table `aggregate_graph_templates_graph`
--

LOCK TABLES `aggregate_graph_templates_graph` WRITE;
/*!40000 ALTER TABLE `aggregate_graph_templates_graph` DISABLE KEYS */;
/*!40000 ALTER TABLE `aggregate_graph_templates_graph` ENABLE KEYS */;
UNLOCK TABLES;

--
-- Table structure for table `aggregate_graph_templates_item`
--

DROP TABLE IF EXISTS `aggregate_graph_templates_item`;
/*!40101 SET @saved_cs_client     = @@character_set_client */;
/*!40101 SET character_set_client = utf8 */;
CREATE TABLE `aggregate_graph_templates_item` (
  `aggregate_template_id` int(10) unsigned NOT NULL,
  `graph_templates_item_id` int(10) unsigned NOT NULL,
  `sequence` mediumint(8) unsigned NOT NULL DEFAULT 0,
  `color_template` int(11) NOT NULL,
  `t_graph_type_id` char(2) COLLATE utf8mb4_unicode_ci DEFAULT '',
  `graph_type_id` tinyint(3) NOT NULL DEFAULT 0,
  `t_cdef_id` char(2) COLLATE utf8mb4_unicode_ci DEFAULT '',
  `cdef_id` mediumint(8) unsigned DEFAULT NULL,
  `item_skip` char(2) COLLATE utf8mb4_unicode_ci NOT NULL,
  `item_total` char(2) COLLATE utf8mb4_unicode_ci NOT NULL,
  PRIMARY KEY (`aggregate_template_id`,`graph_templates_item_id`)
) ENGINE=InnoDB DEFAULT CHARSET=utf8mb4 COLLATE=utf8mb4_unicode_ci ROW_FORMAT=DYNAMIC COMMENT='Aggregate Template Graph Items';
/*!40101 SET character_set_client = @saved_cs_client */;

--
-- Dumping data for table `aggregate_graph_templates_item`
--

LOCK TABLES `aggregate_graph_templates_item` WRITE;
/*!40000 ALTER TABLE `aggregate_graph_templates_item` DISABLE KEYS */;
/*!40000 ALTER TABLE `aggregate_graph_templates_item` ENABLE KEYS */;
UNLOCK TABLES;

--
-- Table structure for table `aggregate_graphs`
--

DROP TABLE IF EXISTS `aggregate_graphs`;
/*!40101 SET @saved_cs_client     = @@character_set_client */;
/*!40101 SET character_set_client = utf8 */;
CREATE TABLE `aggregate_graphs` (
  `id` int(10) unsigned NOT NULL AUTO_INCREMENT,
  `aggregate_template_id` int(10) unsigned NOT NULL,
  `template_propogation` char(2) COLLATE utf8mb4_unicode_ci NOT NULL DEFAULT '',
  `local_graph_id` int(10) unsigned NOT NULL,
  `title_format` varchar(128) COLLATE utf8mb4_unicode_ci NOT NULL,
  `graph_template_id` int(10) unsigned NOT NULL,
  `gprint_prefix` varchar(64) COLLATE utf8mb4_unicode_ci NOT NULL,
  `gprint_format` char(2) COLLATE utf8mb4_unicode_ci DEFAULT '',
  `graph_type` int(10) unsigned NOT NULL,
  `total` int(10) unsigned NOT NULL,
  `total_type` int(10) unsigned NOT NULL,
  `total_prefix` varchar(64) COLLATE utf8mb4_unicode_ci NOT NULL,
  `order_type` int(10) unsigned NOT NULL,
  `created` timestamp NOT NULL DEFAULT current_timestamp() ON UPDATE current_timestamp(),
  `user_id` int(10) unsigned NOT NULL,
  PRIMARY KEY (`id`),
  KEY `aggregate_template_id` (`aggregate_template_id`),
  KEY `local_graph_id` (`local_graph_id`),
  KEY `title_format` (`title_format`),
  KEY `user_id` (`user_id`)
) ENGINE=InnoDB DEFAULT CHARSET=utf8mb4 COLLATE=utf8mb4_unicode_ci ROW_FORMAT=DYNAMIC COMMENT='Aggregate Graph Definitions';
/*!40101 SET character_set_client = @saved_cs_client */;

--
-- Dumping data for table `aggregate_graphs`
--

LOCK TABLES `aggregate_graphs` WRITE;
/*!40000 ALTER TABLE `aggregate_graphs` DISABLE KEYS */;
/*!40000 ALTER TABLE `aggregate_graphs` ENABLE KEYS */;
UNLOCK TABLES;

--
-- Table structure for table `aggregate_graphs_graph_item`
--

DROP TABLE IF EXISTS `aggregate_graphs_graph_item`;
/*!40101 SET @saved_cs_client     = @@character_set_client */;
/*!40101 SET character_set_client = utf8 */;
CREATE TABLE `aggregate_graphs_graph_item` (
  `aggregate_graph_id` int(10) unsigned NOT NULL,
  `graph_templates_item_id` int(10) unsigned NOT NULL,
  `sequence` mediumint(8) unsigned NOT NULL DEFAULT 0,
  `color_template` int(11) unsigned NOT NULL,
  `t_graph_type_id` char(2) COLLATE utf8mb4_unicode_ci DEFAULT '',
  `graph_type_id` tinyint(3) NOT NULL DEFAULT 0,
  `t_cdef_id` char(2) COLLATE utf8mb4_unicode_ci DEFAULT '',
  `cdef_id` mediumint(8) unsigned DEFAULT NULL,
  `item_skip` char(2) COLLATE utf8mb4_unicode_ci NOT NULL,
  `item_total` char(2) COLLATE utf8mb4_unicode_ci NOT NULL,
  PRIMARY KEY (`aggregate_graph_id`,`graph_templates_item_id`)
) ENGINE=InnoDB DEFAULT CHARSET=utf8mb4 COLLATE=utf8mb4_unicode_ci ROW_FORMAT=DYNAMIC COMMENT='Aggregate Graph Graph Items';
/*!40101 SET character_set_client = @saved_cs_client */;

--
-- Dumping data for table `aggregate_graphs_graph_item`
--

LOCK TABLES `aggregate_graphs_graph_item` WRITE;
/*!40000 ALTER TABLE `aggregate_graphs_graph_item` DISABLE KEYS */;
/*!40000 ALTER TABLE `aggregate_graphs_graph_item` ENABLE KEYS */;
UNLOCK TABLES;

--
-- Table structure for table `aggregate_graphs_items`
--

DROP TABLE IF EXISTS `aggregate_graphs_items`;
/*!40101 SET @saved_cs_client     = @@character_set_client */;
/*!40101 SET character_set_client = utf8 */;
CREATE TABLE `aggregate_graphs_items` (
  `aggregate_graph_id` int(10) unsigned NOT NULL,
  `local_graph_id` int(10) unsigned NOT NULL,
  `sequence` mediumint(8) unsigned NOT NULL DEFAULT 0,
  PRIMARY KEY (`aggregate_graph_id`,`local_graph_id`)
) ENGINE=InnoDB DEFAULT CHARSET=utf8mb4 COLLATE=utf8mb4_unicode_ci ROW_FORMAT=DYNAMIC COMMENT='Aggregate Graph Items';
/*!40101 SET character_set_client = @saved_cs_client */;

--
-- Dumping data for table `aggregate_graphs_items`
--

LOCK TABLES `aggregate_graphs_items` WRITE;
/*!40000 ALTER TABLE `aggregate_graphs_items` DISABLE KEYS */;
/*!40000 ALTER TABLE `aggregate_graphs_items` ENABLE KEYS */;
UNLOCK TABLES;

--
-- Table structure for table `automation_devices`
--

DROP TABLE IF EXISTS `automation_devices`;
/*!40101 SET @saved_cs_client     = @@character_set_client */;
/*!40101 SET character_set_client = utf8 */;
CREATE TABLE `automation_devices` (
  `id` bigint(20) unsigned NOT NULL AUTO_INCREMENT,
  `network_id` int(10) unsigned NOT NULL DEFAULT 0,
  `hostname` varchar(100) COLLATE utf8mb4_unicode_ci NOT NULL DEFAULT '',
  `ip` varchar(17) COLLATE utf8mb4_unicode_ci NOT NULL DEFAULT '',
  `snmp_community` varchar(100) COLLATE utf8mb4_unicode_ci NOT NULL DEFAULT '',
  `snmp_version` tinyint(1) unsigned NOT NULL DEFAULT 1,
  `snmp_port` mediumint(5) unsigned NOT NULL DEFAULT 161,
  `snmp_username` varchar(50) COLLATE utf8mb4_unicode_ci DEFAULT NULL,
  `snmp_password` varchar(50) COLLATE utf8mb4_unicode_ci DEFAULT NULL,
  `snmp_auth_protocol` char(6) COLLATE utf8mb4_unicode_ci DEFAULT '',
  `snmp_priv_passphrase` varchar(200) COLLATE utf8mb4_unicode_ci DEFAULT '',
  `snmp_priv_protocol` char(6) COLLATE utf8mb4_unicode_ci DEFAULT '',
  `snmp_context` varchar(64) COLLATE utf8mb4_unicode_ci DEFAULT '',
  `snmp_engine_id` varchar(64) COLLATE utf8mb4_unicode_ci DEFAULT '',
  `sysName` varchar(100) COLLATE utf8mb4_unicode_ci NOT NULL DEFAULT '',
  `sysLocation` varchar(255) COLLATE utf8mb4_unicode_ci NOT NULL DEFAULT '',
  `sysContact` varchar(255) COLLATE utf8mb4_unicode_ci NOT NULL DEFAULT '',
  `sysDescr` varchar(255) COLLATE utf8mb4_unicode_ci NOT NULL DEFAULT '',
  `sysUptime` int(32) NOT NULL DEFAULT 0,
  `os` varchar(64) COLLATE utf8mb4_unicode_ci NOT NULL DEFAULT '',
  `snmp` tinyint(4) NOT NULL DEFAULT 0,
  `known` tinyint(4) NOT NULL DEFAULT 0,
  `up` tinyint(4) NOT NULL DEFAULT 0,
  `time` int(11) NOT NULL DEFAULT 0,
  PRIMARY KEY (`id`),
  UNIQUE KEY `ip` (`ip`),
  KEY `hostname` (`hostname`)
) ENGINE=InnoDB DEFAULT CHARSET=utf8mb4 COLLATE=utf8mb4_unicode_ci ROW_FORMAT=DYNAMIC COMMENT='Table of Discovered Devices';
/*!40101 SET character_set_client = @saved_cs_client */;

--
-- Dumping data for table `automation_devices`
--

LOCK TABLES `automation_devices` WRITE;
/*!40000 ALTER TABLE `automation_devices` DISABLE KEYS */;
/*!40000 ALTER TABLE `automation_devices` ENABLE KEYS */;
UNLOCK TABLES;

--
-- Table structure for table `automation_graph_rule_items`
--

DROP TABLE IF EXISTS `automation_graph_rule_items`;
/*!40101 SET @saved_cs_client     = @@character_set_client */;
/*!40101 SET character_set_client = utf8 */;
CREATE TABLE `automation_graph_rule_items` (
  `id` mediumint(8) unsigned NOT NULL AUTO_INCREMENT,
  `rule_id` mediumint(8) unsigned NOT NULL DEFAULT 0,
  `sequence` smallint(3) unsigned NOT NULL DEFAULT 0,
  `operation` smallint(3) unsigned NOT NULL DEFAULT 0,
  `field` varchar(255) COLLATE utf8mb4_unicode_ci NOT NULL DEFAULT '',
  `operator` smallint(3) unsigned NOT NULL DEFAULT 0,
  `pattern` varchar(255) COLLATE utf8mb4_unicode_ci NOT NULL DEFAULT '',
  PRIMARY KEY (`id`)
) ENGINE=InnoDB AUTO_INCREMENT=7 DEFAULT CHARSET=utf8mb4 COLLATE=utf8mb4_unicode_ci ROW_FORMAT=DYNAMIC COMMENT='Automation Graph Rule Items';
/*!40101 SET character_set_client = @saved_cs_client */;

--
-- Dumping data for table `automation_graph_rule_items`
--

LOCK TABLES `automation_graph_rule_items` WRITE;
/*!40000 ALTER TABLE `automation_graph_rule_items` DISABLE KEYS */;
INSERT INTO `automation_graph_rule_items` VALUES (1,1,1,0,'ifOperStatus',7,'Up'),(2,1,2,1,'ifIP',16,''),(3,1,3,1,'ifHwAddr',16,''),(4,2,1,0,'ifOperStatus',7,'Up'),(5,2,2,1,'ifIP',16,''),(6,2,3,1,'ifHwAddr',16,'');
/*!40000 ALTER TABLE `automation_graph_rule_items` ENABLE KEYS */;
UNLOCK TABLES;

--
-- Table structure for table `automation_graph_rules`
--

DROP TABLE IF EXISTS `automation_graph_rules`;
/*!40101 SET @saved_cs_client     = @@character_set_client */;
/*!40101 SET character_set_client = utf8 */;
CREATE TABLE `automation_graph_rules` (
  `id` mediumint(8) unsigned NOT NULL AUTO_INCREMENT,
  `name` varchar(255) COLLATE utf8mb4_unicode_ci NOT NULL DEFAULT '',
  `snmp_query_id` smallint(3) unsigned NOT NULL DEFAULT 0,
  `graph_type_id` smallint(3) unsigned NOT NULL DEFAULT 0,
  `enabled` char(2) COLLATE utf8mb4_unicode_ci DEFAULT '',
  PRIMARY KEY (`id`),
  KEY `name` (`name`(171))
) ENGINE=InnoDB AUTO_INCREMENT=4 DEFAULT CHARSET=utf8mb4 COLLATE=utf8mb4_unicode_ci ROW_FORMAT=DYNAMIC COMMENT='Automation Graph Rules';
/*!40101 SET character_set_client = @saved_cs_client */;

--
-- Dumping data for table `automation_graph_rules`
--

LOCK TABLES `automation_graph_rules` WRITE;
/*!40000 ALTER TABLE `automation_graph_rules` DISABLE KEYS */;
INSERT INTO `automation_graph_rules` VALUES (1,'Traffic 64 bit Server',0,0,''),(2,'Traffic 64 bit Server Linux',0,0,''),(3,'Disk Space',2,0,'');
/*!40000 ALTER TABLE `automation_graph_rules` ENABLE KEYS */;
UNLOCK TABLES;

--
-- Table structure for table `automation_ips`
--

DROP TABLE IF EXISTS `automation_ips`;
/*!40101 SET @saved_cs_client     = @@character_set_client */;
/*!40101 SET character_set_client = utf8 */;
CREATE TABLE `automation_ips` (
  `ip_address` varchar(20) COLLATE utf8mb4_unicode_ci NOT NULL DEFAULT '',
  `hostname` varchar(100) COLLATE utf8mb4_unicode_ci DEFAULT NULL,
  `network_id` int(10) unsigned DEFAULT NULL,
  `pid` int(10) unsigned DEFAULT NULL,
  `status` int(10) unsigned DEFAULT NULL,
  `thread` int(10) unsigned DEFAULT NULL,
  PRIMARY KEY (`ip_address`),
  KEY `pid` (`pid`)
) ENGINE=InnoDB DEFAULT CHARSET=utf8mb4 COLLATE=utf8mb4_unicode_ci ROW_FORMAT=DYNAMIC COMMENT='List of discoverable ip addresses used for scanning';
/*!40101 SET character_set_client = @saved_cs_client */;

--
-- Dumping data for table `automation_ips`
--

LOCK TABLES `automation_ips` WRITE;
/*!40000 ALTER TABLE `automation_ips` DISABLE KEYS */;
/*!40000 ALTER TABLE `automation_ips` ENABLE KEYS */;
UNLOCK TABLES;

--
-- Table structure for table `automation_match_rule_items`
--

DROP TABLE IF EXISTS `automation_match_rule_items`;
/*!40101 SET @saved_cs_client     = @@character_set_client */;
/*!40101 SET character_set_client = utf8 */;
CREATE TABLE `automation_match_rule_items` (
  `id` mediumint(8) unsigned NOT NULL AUTO_INCREMENT,
  `rule_id` mediumint(8) unsigned NOT NULL DEFAULT 0,
  `rule_type` smallint(3) unsigned NOT NULL DEFAULT 0,
  `sequence` smallint(3) unsigned NOT NULL DEFAULT 0,
  `operation` smallint(3) unsigned NOT NULL DEFAULT 0,
  `field` varchar(255) COLLATE utf8mb4_unicode_ci NOT NULL DEFAULT '',
  `operator` smallint(3) unsigned NOT NULL DEFAULT 0,
  `pattern` varchar(255) COLLATE utf8mb4_unicode_ci NOT NULL DEFAULT '',
  PRIMARY KEY (`id`)
) ENGINE=InnoDB AUTO_INCREMENT=8 DEFAULT CHARSET=utf8mb4 COLLATE=utf8mb4_unicode_ci ROW_FORMAT=DYNAMIC COMMENT='Automation Match Rule Items';
/*!40101 SET character_set_client = @saved_cs_client */;

--
-- Dumping data for table `automation_match_rule_items`
--

LOCK TABLES `automation_match_rule_items` WRITE;
/*!40000 ALTER TABLE `automation_match_rule_items` DISABLE KEYS */;
INSERT INTO `automation_match_rule_items` VALUES (1,1,1,1,0,'h.description',14,''),(2,1,1,2,1,'h.snmp_version',12,'2'),(3,1,3,1,0,'ht.name',1,'Linux'),(4,2,1,1,0,'ht.name',1,'Linux'),(5,2,1,2,1,'h.snmp_version',12,'2'),(6,2,3,1,0,'ht.name',1,'SNMP'),(7,2,3,2,1,'gt.name',1,'Traffic');
/*!40000 ALTER TABLE `automation_match_rule_items` ENABLE KEYS */;
UNLOCK TABLES;

--
-- Table structure for table `automation_networks`
--

DROP TABLE IF EXISTS `automation_networks`;
/*!40101 SET @saved_cs_client     = @@character_set_client */;
/*!40101 SET character_set_client = utf8 */;
CREATE TABLE `automation_networks` (
  `id` int(10) unsigned NOT NULL AUTO_INCREMENT,
  `poller_id` int(10) unsigned DEFAULT 1,
  `site_id` int(10) unsigned DEFAULT 1,
  `name` varchar(128) COLLATE utf8mb4_unicode_ci NOT NULL DEFAULT '' COMMENT 'The name for this network',
  `subnet_range` varchar(1024) COLLATE utf8mb4_unicode_ci NOT NULL DEFAULT '' COMMENT 'Defined subnet ranges for discovery',
  `dns_servers` varchar(128) COLLATE utf8mb4_unicode_ci NOT NULL DEFAULT '' COMMENT 'DNS Servers to use for name resolution',
  `enabled` char(2) COLLATE utf8mb4_unicode_ci DEFAULT '',
  `notification_enabled` char(2) COLLATE utf8mb4_unicode_ci DEFAULT '',
  `notification_email` varchar(255) COLLATE utf8mb4_unicode_ci DEFAULT '',
  `notification_fromname` varchar(32) COLLATE utf8mb4_unicode_ci DEFAULT '',
  `notification_fromemail` varchar(128) COLLATE utf8mb4_unicode_ci DEFAULT '',
  `snmp_id` int(10) unsigned DEFAULT NULL,
  `enable_netbios` char(2) COLLATE utf8mb4_unicode_ci DEFAULT '',
  `add_to_cacti` char(2) COLLATE utf8mb4_unicode_ci DEFAULT '',
  `same_sysname` char(2) COLLATE utf8mb4_unicode_ci DEFAULT '',
  `total_ips` int(10) unsigned DEFAULT 0,
  `up_hosts` int(10) unsigned NOT NULL DEFAULT 0,
  `snmp_hosts` int(10) unsigned NOT NULL DEFAULT 0,
  `ping_method` int(10) unsigned NOT NULL DEFAULT 0 COMMENT 'The ping method (ICMP:TCP:UDP)',
  `ping_port` int(10) unsigned NOT NULL DEFAULT 0 COMMENT 'For TCP:UDP the port to ping',
  `ping_timeout` int(10) unsigned NOT NULL DEFAULT 0 COMMENT 'The ping timeout in seconds',
  `ping_retries` int(10) unsigned DEFAULT 0,
  `sched_type` int(10) unsigned NOT NULL DEFAULT 0 COMMENT 'Schedule type: manual or automatic',
  `threads` int(10) unsigned DEFAULT 1,
  `run_limit` int(10) unsigned DEFAULT 0 COMMENT 'The maximum runtime for the discovery',
  `start_at` varchar(20) COLLATE utf8mb4_unicode_ci DEFAULT NULL,
  `next_start` timestamp NOT NULL DEFAULT '0000-00-00 00:00:00',
  `recur_every` int(10) unsigned DEFAULT 1,
  `day_of_week` varchar(45) COLLATE utf8mb4_unicode_ci DEFAULT NULL COMMENT 'The days of week to run in crontab format',
  `month` varchar(45) COLLATE utf8mb4_unicode_ci DEFAULT NULL COMMENT 'The months to run in crontab format',
  `day_of_month` varchar(45) COLLATE utf8mb4_unicode_ci DEFAULT NULL COMMENT 'The days of month to run in crontab format',
  `monthly_week` varchar(45) COLLATE utf8mb4_unicode_ci DEFAULT NULL,
  `monthly_day` varchar(45) COLLATE utf8mb4_unicode_ci DEFAULT NULL,
  `last_runtime` double NOT NULL DEFAULT 0 COMMENT 'The last runtime for discovery',
  `last_started` timestamp NOT NULL DEFAULT '0000-00-00 00:00:00' COMMENT 'The time the discovery last started',
  `last_status` varchar(128) COLLATE utf8mb4_unicode_ci NOT NULL DEFAULT '' COMMENT 'The last exit message if any',
  `rerun_data_queries` char(2) COLLATE utf8mb4_unicode_ci DEFAULT NULL COMMENT 'Rerun data queries or not for existing hosts',
  PRIMARY KEY (`id`),
  KEY `poller_id` (`poller_id`)
) ENGINE=InnoDB AUTO_INCREMENT=2 DEFAULT CHARSET=utf8mb4 COLLATE=utf8mb4_unicode_ci ROW_FORMAT=DYNAMIC COMMENT='Stores scanning subnet definitions';
/*!40101 SET character_set_client = @saved_cs_client */;

--
-- Dumping data for table `automation_networks`
--

LOCK TABLES `automation_networks` WRITE;
/*!40000 ALTER TABLE `automation_networks` DISABLE KEYS */;
INSERT INTO `automation_networks` VALUES (1,1,1,'Test Network','192.168.1.0/24','','','','','','',1,'on','','',254,14,8,2,22,400,1,2,10,1200,'2015-05-17 16:15','2020-03-29 07:15:00',2,'4','1,2,6','1,2,3,4,6,7,11,12,14,15,17,19,26,32','','',40.178689002991,'2015-05-18 17:23:22','','on');
/*!40000 ALTER TABLE `automation_networks` ENABLE KEYS */;
UNLOCK TABLES;

--
-- Table structure for table `automation_processes`
--

DROP TABLE IF EXISTS `automation_processes`;
/*!40101 SET @saved_cs_client     = @@character_set_client */;
/*!40101 SET character_set_client = utf8 */;
CREATE TABLE `automation_processes` (
  `pid` int(8) unsigned NOT NULL,
  `poller_id` int(10) unsigned DEFAULT 1,
  `network_id` int(10) unsigned NOT NULL DEFAULT 0,
  `task` varchar(20) COLLATE utf8mb4_unicode_ci DEFAULT '',
  `status` varchar(20) COLLATE utf8mb4_unicode_ci DEFAULT NULL,
  `command` varchar(20) COLLATE utf8mb4_unicode_ci DEFAULT NULL,
  `up_hosts` int(10) unsigned DEFAULT 0,
  `snmp_hosts` int(10) unsigned DEFAULT 0,
  `heartbeat` timestamp NOT NULL DEFAULT '0000-00-00 00:00:00',
  PRIMARY KEY (`pid`,`network_id`)
) ENGINE=InnoDB DEFAULT CHARSET=utf8mb4 COLLATE=utf8mb4_unicode_ci ROW_FORMAT=DYNAMIC COMMENT='Table tracking active poller processes';
/*!40101 SET character_set_client = @saved_cs_client */;

--
-- Dumping data for table `automation_processes`
--

LOCK TABLES `automation_processes` WRITE;
/*!40000 ALTER TABLE `automation_processes` DISABLE KEYS */;
/*!40000 ALTER TABLE `automation_processes` ENABLE KEYS */;
UNLOCK TABLES;

--
-- Table structure for table `automation_snmp`
--

DROP TABLE IF EXISTS `automation_snmp`;
/*!40101 SET @saved_cs_client     = @@character_set_client */;
/*!40101 SET character_set_client = utf8 */;
CREATE TABLE `automation_snmp` (
  `id` int(10) unsigned NOT NULL AUTO_INCREMENT,
  `name` varchar(100) COLLATE utf8mb4_unicode_ci NOT NULL DEFAULT '',
  PRIMARY KEY (`id`)
) ENGINE=InnoDB AUTO_INCREMENT=2 DEFAULT CHARSET=utf8mb4 COLLATE=utf8mb4_unicode_ci ROW_FORMAT=DYNAMIC COMMENT='Group of SNMP Option Sets';
/*!40101 SET character_set_client = @saved_cs_client */;

--
-- Dumping data for table `automation_snmp`
--

LOCK TABLES `automation_snmp` WRITE;
/*!40000 ALTER TABLE `automation_snmp` DISABLE KEYS */;
INSERT INTO `automation_snmp` VALUES (1,'Default Option Set');
/*!40000 ALTER TABLE `automation_snmp` ENABLE KEYS */;
UNLOCK TABLES;

--
-- Table structure for table `automation_snmp_items`
--

DROP TABLE IF EXISTS `automation_snmp_items`;
/*!40101 SET @saved_cs_client     = @@character_set_client */;
/*!40101 SET character_set_client = utf8 */;
CREATE TABLE `automation_snmp_items` (
  `id` int(10) unsigned NOT NULL AUTO_INCREMENT,
  `snmp_id` int(10) unsigned NOT NULL DEFAULT 0,
  `sequence` int(10) unsigned NOT NULL DEFAULT 0,
  `snmp_version` tinyint(1) unsigned NOT NULL DEFAULT 1,
  `snmp_community` varchar(100) COLLATE utf8mb4_unicode_ci NOT NULL,
  `snmp_port` mediumint(5) unsigned NOT NULL DEFAULT 161,
  `snmp_timeout` int(10) unsigned NOT NULL DEFAULT 500,
  `snmp_retries` tinyint(11) unsigned NOT NULL DEFAULT 3,
  `max_oids` int(12) unsigned DEFAULT 10,
  `snmp_username` varchar(50) COLLATE utf8mb4_unicode_ci DEFAULT NULL,
  `snmp_password` varchar(50) COLLATE utf8mb4_unicode_ci DEFAULT NULL,
  `snmp_auth_protocol` char(6) COLLATE utf8mb4_unicode_ci DEFAULT '',
  `snmp_priv_passphrase` varchar(200) COLLATE utf8mb4_unicode_ci DEFAULT '',
  `snmp_priv_protocol` char(6) COLLATE utf8mb4_unicode_ci DEFAULT '',
  `snmp_context` varchar(64) COLLATE utf8mb4_unicode_ci DEFAULT '',
  `snmp_engine_id` varchar(64) COLLATE utf8mb4_unicode_ci DEFAULT '',
  PRIMARY KEY (`id`,`snmp_id`)
) ENGINE=InnoDB AUTO_INCREMENT=3 DEFAULT CHARSET=utf8mb4 COLLATE=utf8mb4_unicode_ci ROW_FORMAT=DYNAMIC COMMENT='Set of SNMP Options';
/*!40101 SET character_set_client = @saved_cs_client */;

--
-- Dumping data for table `automation_snmp_items`
--

LOCK TABLES `automation_snmp_items` WRITE;
/*!40000 ALTER TABLE `automation_snmp_items` DISABLE KEYS */;
INSERT INTO `automation_snmp_items` VALUES (1,1,1,2,'public',161,1000,3,10,'admin','baseball','MD5','','DES','',''),(2,1,2,2,'private',161,1000,3,10,'admin','baseball','MD5','','DES','','');
/*!40000 ALTER TABLE `automation_snmp_items` ENABLE KEYS */;
UNLOCK TABLES;

--
-- Table structure for table `automation_templates`
--

DROP TABLE IF EXISTS `automation_templates`;
/*!40101 SET @saved_cs_client     = @@character_set_client */;
/*!40101 SET character_set_client = utf8 */;
CREATE TABLE `automation_templates` (
  `id` int(8) NOT NULL AUTO_INCREMENT,
  `host_template` int(8) NOT NULL DEFAULT 0,
  `availability_method` int(10) unsigned DEFAULT 2,
  `sysDescr` varchar(255) COLLATE utf8mb4_unicode_ci DEFAULT '',
  `sysName` varchar(255) COLLATE utf8mb4_unicode_ci DEFAULT '',
  `sysOid` varchar(60) COLLATE utf8mb4_unicode_ci DEFAULT '',
  `sequence` int(10) unsigned DEFAULT 0,
  PRIMARY KEY (`id`)
) ENGINE=InnoDB AUTO_INCREMENT=3 DEFAULT CHARSET=utf8mb4 COLLATE=utf8mb4_unicode_ci ROW_FORMAT=DYNAMIC COMMENT='Templates of SNMP Sys variables used for automation';
/*!40101 SET character_set_client = @saved_cs_client */;

--
-- Dumping data for table `automation_templates`
--

LOCK TABLES `automation_templates` WRITE;
/*!40000 ALTER TABLE `automation_templates` DISABLE KEYS */;
INSERT INTO `automation_templates` VALUES (1,3,2,'Linux','','',2),(2,1,2,'HP ETHERNET','','',1);
/*!40000 ALTER TABLE `automation_templates` ENABLE KEYS */;
UNLOCK TABLES;

--
-- Table structure for table `automation_tree_rule_items`
--

DROP TABLE IF EXISTS `automation_tree_rule_items`;
/*!40101 SET @saved_cs_client     = @@character_set_client */;
/*!40101 SET character_set_client = utf8 */;
CREATE TABLE `automation_tree_rule_items` (
  `id` mediumint(8) unsigned NOT NULL AUTO_INCREMENT,
  `rule_id` mediumint(8) unsigned NOT NULL DEFAULT 0,
  `sequence` smallint(3) unsigned NOT NULL DEFAULT 0,
  `field` varchar(255) COLLATE utf8mb4_unicode_ci NOT NULL DEFAULT '',
  `sort_type` smallint(3) unsigned NOT NULL DEFAULT 0,
  `propagate_changes` char(2) COLLATE utf8mb4_unicode_ci DEFAULT '',
  `search_pattern` varchar(255) COLLATE utf8mb4_unicode_ci NOT NULL DEFAULT '',
  `replace_pattern` varchar(255) COLLATE utf8mb4_unicode_ci NOT NULL DEFAULT '',
  PRIMARY KEY (`id`)
) ENGINE=InnoDB AUTO_INCREMENT=5 DEFAULT CHARSET=utf8mb4 COLLATE=utf8mb4_unicode_ci ROW_FORMAT=DYNAMIC COMMENT='Automation Tree Rule Items';
/*!40101 SET character_set_client = @saved_cs_client */;

--
-- Dumping data for table `automation_tree_rule_items`
--

LOCK TABLES `automation_tree_rule_items` WRITE;
/*!40000 ALTER TABLE `automation_tree_rule_items` DISABLE KEYS */;
INSERT INTO `automation_tree_rule_items` VALUES (1,1,1,'ht.name',1,'','^(.*)\\s*Linux\\s*(.*)$','${1}\\n${2}'),(2,1,2,'h.hostname',1,'','^(\\w*)\\s*(\\w*)\\s*(\\w*).*$',''),(3,2,1,'0',2,'on','Traffic',''),(4,2,2,'gtg.title_cache',1,'','^(.*)\\s*-\\s*Traffic -\\s*(.*)$','${1}\\n${2}');
/*!40000 ALTER TABLE `automation_tree_rule_items` ENABLE KEYS */;
UNLOCK TABLES;

--
-- Table structure for table `automation_tree_rules`
--

DROP TABLE IF EXISTS `automation_tree_rules`;
/*!40101 SET @saved_cs_client     = @@character_set_client */;
/*!40101 SET character_set_client = utf8 */;
CREATE TABLE `automation_tree_rules` (
  `id` mediumint(8) unsigned NOT NULL AUTO_INCREMENT,
  `name` varchar(255) COLLATE utf8mb4_unicode_ci NOT NULL DEFAULT '',
  `tree_id` smallint(3) unsigned NOT NULL DEFAULT 0,
  `tree_item_id` mediumint(8) unsigned NOT NULL DEFAULT 0,
  `leaf_type` smallint(3) unsigned NOT NULL DEFAULT 0,
  `host_grouping_type` smallint(3) unsigned NOT NULL DEFAULT 0,
  `enabled` char(2) COLLATE utf8mb4_unicode_ci DEFAULT '',
  PRIMARY KEY (`id`),
  KEY `name` (`name`(171))
) ENGINE=InnoDB AUTO_INCREMENT=3 DEFAULT CHARSET=utf8mb4 COLLATE=utf8mb4_unicode_ci ROW_FORMAT=DYNAMIC COMMENT='Automation Tree Rules';
/*!40101 SET character_set_client = @saved_cs_client */;

--
-- Dumping data for table `automation_tree_rules`
--

LOCK TABLES `automation_tree_rules` WRITE;
/*!40000 ALTER TABLE `automation_tree_rules` DISABLE KEYS */;
INSERT INTO `automation_tree_rules` VALUES (1,'New Device',1,0,3,1,''),(2,'New Graph',1,0,2,1,'');
/*!40000 ALTER TABLE `automation_tree_rules` ENABLE KEYS */;
UNLOCK TABLES;

--
-- Table structure for table `cdef`
--

DROP TABLE IF EXISTS `cdef`;
/*!40101 SET @saved_cs_client     = @@character_set_client */;
/*!40101 SET character_set_client = utf8 */;
CREATE TABLE `cdef` (
  `id` mediumint(8) unsigned NOT NULL AUTO_INCREMENT,
  `hash` varchar(32) COLLATE utf8mb4_unicode_ci NOT NULL DEFAULT '',
  `system` mediumint(8) unsigned NOT NULL DEFAULT 0,
  `name` varchar(255) COLLATE utf8mb4_unicode_ci NOT NULL DEFAULT '',
  PRIMARY KEY (`id`),
  KEY `hash` (`hash`),
  KEY `name` (`name`(171))
) ENGINE=InnoDB AUTO_INCREMENT=30 DEFAULT CHARSET=utf8mb4 COLLATE=utf8mb4_unicode_ci ROW_FORMAT=DYNAMIC;
/*!40101 SET character_set_client = @saved_cs_client */;

--
-- Dumping data for table `cdef`
--

LOCK TABLES `cdef` WRITE;
/*!40000 ALTER TABLE `cdef` DISABLE KEYS */;
INSERT INTO `cdef` VALUES (2,'73f95f8b77b5508157d64047342c421e',0,'Turn Bytes into Bits'),(3,'3d352eed9fa8f7b2791205b3273708c7',0,'Make Stack Negative'),(4,'e961cc8ec04fda6ed4981cf5ad501aa5',0,'Make Per 5 Minutes'),(12,'f1ac79f05f255c02f914c920f1038c54',0,'Total All Data Sources'),(14,'634a23af5e78af0964e8d33b1a4ed26b',0,'Multiply by 1024'),(15,'068984b5ccdfd2048869efae5166f722',0,'Total All Data Sources, Multiply by 1024'),(16,'40ce49e270ccd824128c2084ae7f54dc',0,'Divide by 1000'),(17,'828d4e1bfd5ab107e94e76017bcdc653',0,'Advanced Ping ALT - Loss 0.01-0.02'),(18,'4e97636e8c22221486974a63426b6728',0,'Advanced Ping ALT - Loss 0.03-0.05'),(19,'a73fffefb7d4ffdf5a59b4232aeeebfe',0,'Advanced Ping ALT - Loss 0.06-010'),(20,'fed7149d03fdb76a7cec99c5764e83b9',0,'Advanced Ping ALT - Loss 0.11-0.15'),(21,'becffe77a699214e35223077ac13e442',0,'Advanced Ping ALT - Loss 0.16-0.50'),(22,'b59ff622900f31ec0cbf6085a21938ba',0,'Advanced Ping ALT - Loss 0.51-0.95'),(23,'df5dcfafd43945524c486cdf53b8235b',0,'Advanced Ping ALT - Loss 0.96-0.99'),(24,'03f1d1e840e9ab2585c134f1493187c8',0,'Advanced Ping ALT - SDEV Position 1,2 (sdev)'),(25,'b8d406e8f95e4ac306bf1070da15f076',0,'Advanced Ping ALT - SDEV Position 3 Max'),(26,'be93da3bf9883d565ad4075f0dc9bf1b',0,'Advanced Ping ALT - SDEV Position 3 Min'),(27,'2b9982d27bbf9d670db6926329bb87c6',0,'Advanced Ping ALT - Loss 0.99-1.00'),(28,'0018d26bba5c3d108d4f9056bd9ec6b6',0,'DiskPercent'),(29,'30f2ff31b6944a59edf5a6966e667801',0,'b minus a');
/*!40000 ALTER TABLE `cdef` ENABLE KEYS */;
UNLOCK TABLES;

--
-- Table structure for table `cdef_items`
--

DROP TABLE IF EXISTS `cdef_items`;
/*!40101 SET @saved_cs_client     = @@character_set_client */;
/*!40101 SET character_set_client = utf8 */;
CREATE TABLE `cdef_items` (
  `id` mediumint(8) unsigned NOT NULL AUTO_INCREMENT,
  `hash` varchar(32) COLLATE utf8mb4_unicode_ci NOT NULL DEFAULT '',
  `cdef_id` mediumint(8) unsigned NOT NULL DEFAULT 0,
  `sequence` mediumint(8) unsigned NOT NULL DEFAULT 0,
  `type` tinyint(2) NOT NULL DEFAULT 0,
  `value` varchar(150) COLLATE utf8mb4_unicode_ci NOT NULL DEFAULT '',
  PRIMARY KEY (`id`),
  KEY `cdef_id_sequence` (`cdef_id`,`sequence`)
) ENGINE=InnoDB AUTO_INCREMENT=66 DEFAULT CHARSET=utf8mb4 COLLATE=utf8mb4_unicode_ci ROW_FORMAT=DYNAMIC;
/*!40101 SET character_set_client = @saved_cs_client */;

--
-- Dumping data for table `cdef_items`
--

LOCK TABLES `cdef_items` WRITE;
/*!40000 ALTER TABLE `cdef_items` DISABLE KEYS */;
INSERT INTO `cdef_items` VALUES (7,'9bbf6b792507bb9bb17d2af0970f9be9',2,1,4,'CURRENT_DATA_SOURCE'),(8,'caa4e023ac2d7b1c4b4c8c4adfd55dfe',2,3,2,'3'),(9,'a4b8eb2c3bf4920a3ef571a7a004be53',2,2,6,'8'),(10,'c888c9fe6b62c26c4bfe23e18991731d',3,1,4,'CURRENT_DATA_SOURCE'),(11,'1e1d0b29a94e08b648c8f053715442a0',3,3,2,'3'),(12,'4355c197998c7f8b285be7821ddc6da4',3,2,6,'-1'),(13,'40bb7a1143b0f2e2efca14eb356236de',4,1,4,'CURRENT_DATA_SOURCE'),(14,'42686ea0925c0220924b7d333599cd67',4,3,2,'3'),(15,'faf1b148b2c0e0527362ed5b8ca1d351',4,2,6,'300'),(16,'0ef6b8a42dc83b4e43e437960fccd2ea',12,1,4,'ALL_DATA_SOURCES_NODUPS'),(18,'86370cfa0008fe8c56b28be80ee39a40',14,1,4,'CURRENT_DATA_SOURCE'),(19,'9a35cc60d47691af37f6fddf02064e20',14,2,6,'1024'),(20,'5d7a7941ec0440b257e5598a27dd1688',14,3,2,'3'),(21,'44fd595c60539ff0f5817731d9f43a85',15,1,4,'ALL_DATA_SOURCES_NODUPS'),(22,'aa38be265e5ac31783e57ce6f9314e9a',15,2,6,'1024'),(23,'204423d4b2598f1f7252eea19458345c',15,3,2,'3'),(24,'a19ba5ee30d8d39fea404b0464b9c16e',16,1,4,'CURRENT_DATA_SOURCE'),(25,'57a54f55e9a94610f15ce097c4d767fe',16,2,6,'1000'),(26,'ff1654db642a96a0c3e93ec3b88623d4',16,3,2,'4'),(27,'e89b4342b275617b99aa75aa3507cc8c',17,1,6,'d,0,GT,d,2,GT,UNKN,b,IF,UNKN,IF'),(28,'255eea3efdd09782a91675bdf68d3f01',17,2,6,'1000'),(29,'89cedd580a63b78eecb8118a01477a10',17,3,2,'4'),(30,'3c8887e85a7d33dc464d0edd7e2af57b',18,1,6,'d,3,GT,d,5,GT,UNKN,b,IF,UNKN,IF'),(31,'387e07bbe1f75a3ea459e814e87a2d8e',18,2,6,'1000'),(32,'46960a042f3ae53f5317e1b20eaf31a1',18,3,2,'4'),(33,'bdbc069ee1219ab88bf6f361bd56a491',19,1,6,'d,5,GT,d,10,GT,UNKN,b,IF,UNKN,IF'),(34,'f4aa9990a8957e8512b92297fca20fcb',19,2,6,'1000'),(35,'714715dc32e9d6e614b589a02ee8dea7',19,3,2,'4'),(36,'4af6ab3f82bd332810ed1e99061b919b',20,1,6,'d,10,GT,d,15,GT,UNKN,b,IF,UNKN,IF'),(37,'0ca338d9a7c1a12f2eddceea4c3561d8',20,2,6,'1000'),(38,'efece964382fdf0c62bd84257a15d869',20,3,2,'4'),(39,'a50b2fcfc3a4c7210126ab62d04f2811',21,1,6,'d,15,GT,d,50,GT,UNKN,b,IF,UNKN,IF'),(40,'5ecae7d3f49218045d2cb081bc162e66',21,2,6,'1000'),(41,'a63731c52a24f863c8445aac6a95aa42',21,3,2,'4'),(42,'53c898b5c89619f541f11f240e56e1d8',22,1,6,'d,50,GT,d,95,GT,UNKN,b,IF,UNKN,IF'),(43,'9533ddb8e97886d4ca7f586770599328',22,2,6,'1000'),(44,'27782cf565d4ba9fc28aa986b793c754',22,3,2,'4'),(45,'2fc523d7a82bbfd7ed9def17d9bd8c77',23,2,6,'d,95,GT,d,99,GT,UNKN,b,IF,UNKN,IF'),(46,'5fd28da2fdd66f78a5d7a39bfc4bbbff',23,3,6,'1000'),(47,'1549376f1c0c1bedf8d10ecc4a2bd6c0',23,4,2,'4'),(48,'23c1dac59a726d6e315c7cb1f75ed646',24,1,6,'e'),(49,'1ea1ff225db755ec9bfe0a85447921cc',24,2,6,'1000'),(50,'02d820b3df1fde9463bc9e658fe5497b',24,3,2,'4'),(51,'c442452a26ab60edef63443392e74da2',25,1,6,'c,b,-,e,-,e,-'),(52,'e310052a6c4b0d8f1877c0247601f380',25,2,6,'1000'),(53,'3ba3af2afd790f512757e0d9c4f5b4bb',25,3,2,'4'),(54,'0b8b734be78bac58dbcd175080a669f0',26,1,6,'b,a,-,e,-,e,-'),(55,'92ebe3f53638bc0cd66078a8d2f4cc73',26,2,6,'1000'),(56,'f7e68797e4a6b5fb9a1d9e0f9c5f8f04',26,3,2,'4'),(57,'de76df761f7e4451efa3f4fd84fc4e9a',27,4,6,'d,99,GT,d,100,GT,UNKN,INF,IF,UNKN,IF'),(58,'5018b2eea194f5397e5b5c725651f9e7',28,1,4,'CURRENT_DATA_SOURCE'),(59,'ff2094457faa4e46fb6d149229fdb286',28,2,6,'b'),(60,'0e4cd7ed2e3ac71ec7c6003d0880b739',28,5,2,'4'),(61,'68f8953a0f3593d6c895b5a4a88c2151',28,6,6,'100'),(62,'58fb335ade567de9746f691c060aefd1',28,7,2,'3'),(63,'edfd8064c983fa406a761546308a1efa',29,2,6,'b'),(64,'55df9d7769f3d4fff9580748032b925d',29,3,6,'a'),(65,'6961de72b500b63c23862c89787b8f37',29,4,2,'2');
/*!40000 ALTER TABLE `cdef_items` ENABLE KEYS */;
UNLOCK TABLES;

--
-- Table structure for table `color_template_items`
--

DROP TABLE IF EXISTS `color_template_items`;
/*!40101 SET @saved_cs_client     = @@character_set_client */;
/*!40101 SET character_set_client = utf8 */;
CREATE TABLE `color_template_items` (
  `color_template_item_id` int(12) unsigned NOT NULL AUTO_INCREMENT,
  `color_template_id` mediumint(8) unsigned NOT NULL DEFAULT 0,
  `color_id` mediumint(8) unsigned NOT NULL DEFAULT 0,
  `sequence` mediumint(8) unsigned NOT NULL DEFAULT 0,
  PRIMARY KEY (`color_template_item_id`)
) ENGINE=InnoDB AUTO_INCREMENT=45 DEFAULT CHARSET=utf8mb4 COLLATE=utf8mb4_unicode_ci ROW_FORMAT=DYNAMIC COMMENT='Color Items for Color Templates';
/*!40101 SET character_set_client = @saved_cs_client */;

--
-- Dumping data for table `color_template_items`
--

LOCK TABLES `color_template_items` WRITE;
/*!40000 ALTER TABLE `color_template_items` DISABLE KEYS */;
INSERT INTO `color_template_items` VALUES (1,1,4,1),(2,1,24,2),(3,1,98,3),(4,1,25,4),(5,2,25,1),(6,2,29,2),(7,2,30,3),(8,2,31,4),(9,2,33,5),(10,2,35,6),(11,2,41,7),(12,2,9,8),(13,3,15,1),(14,3,31,2),(15,3,28,3),(16,3,8,4),(17,3,34,5),(18,3,33,6),(19,3,35,7),(20,3,41,8),(21,3,36,9),(22,3,42,10),(23,3,44,11),(24,3,48,12),(25,3,9,13),(26,3,49,14),(27,3,51,15),(28,3,52,16),(29,4,76,1),(30,4,84,2),(31,4,89,3),(32,4,17,4),(33,4,86,5),(34,4,88,6),(35,4,90,7),(36,4,94,8),(37,4,96,9),(38,4,93,10),(39,4,91,11),(40,4,22,12),(41,4,12,13),(42,4,95,14),(43,4,6,15),(44,4,92,16);
/*!40000 ALTER TABLE `color_template_items` ENABLE KEYS */;
UNLOCK TABLES;

--
-- Table structure for table `color_templates`
--

DROP TABLE IF EXISTS `color_templates`;
/*!40101 SET @saved_cs_client     = @@character_set_client */;
/*!40101 SET character_set_client = utf8 */;
CREATE TABLE `color_templates` (
  `color_template_id` mediumint(8) unsigned NOT NULL AUTO_INCREMENT,
  `name` varchar(255) COLLATE utf8mb4_unicode_ci NOT NULL DEFAULT '',
  PRIMARY KEY (`color_template_id`)
) ENGINE=InnoDB AUTO_INCREMENT=5 DEFAULT CHARSET=utf8mb4 COLLATE=utf8mb4_unicode_ci ROW_FORMAT=DYNAMIC COMMENT='Color Templates';
/*!40101 SET character_set_client = @saved_cs_client */;

--
-- Dumping data for table `color_templates`
--

LOCK TABLES `color_templates` WRITE;
/*!40000 ALTER TABLE `color_templates` DISABLE KEYS */;
INSERT INTO `color_templates` VALUES (1,'Yellow: light -> dark, 4 colors'),(2,'Red: light yellow > dark red, 8 colors'),(3,'Red: light -> dark, 16 colors'),(4,'Green: dark -> light, 16 colors');
/*!40000 ALTER TABLE `color_templates` ENABLE KEYS */;
UNLOCK TABLES;

--
-- Table structure for table `colors`
--

DROP TABLE IF EXISTS `colors`;
/*!40101 SET @saved_cs_client     = @@character_set_client */;
/*!40101 SET character_set_client = utf8 */;
CREATE TABLE `colors` (
  `id` mediumint(8) unsigned NOT NULL AUTO_INCREMENT,
  `name` varchar(40) COLLATE utf8mb4_unicode_ci DEFAULT '',
  `hex` varchar(6) COLLATE utf8mb4_unicode_ci NOT NULL DEFAULT '',
  `read_only` char(2) COLLATE utf8mb4_unicode_ci DEFAULT '',
  PRIMARY KEY (`id`),
  UNIQUE KEY `hex` (`hex`)
) ENGINE=InnoDB AUTO_INCREMENT=448 DEFAULT CHARSET=utf8mb4 COLLATE=utf8mb4_unicode_ci ROW_FORMAT=DYNAMIC;
/*!40101 SET character_set_client = @saved_cs_client */;

--
-- Dumping data for table `colors`
--

LOCK TABLES `colors` WRITE;
/*!40000 ALTER TABLE `colors` DISABLE KEYS */;
INSERT INTO `colors` VALUES (1,'Black','000000','on'),(2,'White','FFFFFF','on'),(4,'','FAFD9E',''),(5,'Silver','C0C0C0','on'),(6,'','74C366',''),(7,'','6DC8FE',''),(8,'','EA8F00',''),(9,'Red','FF0000','on'),(10,'','4444FF',''),(11,'Magenta','FF00FF','on'),(12,'Lime Green','00FF00','on'),(13,'','8D85F3',''),(14,'','AD3B6E',''),(15,'','EACC00',''),(16,'','12B3B5',''),(17,'','157419',''),(18,'','C4FD3D',''),(19,'','817C4E',''),(20,'','002A97',''),(21,'Blue','0000FF','on'),(22,'','00CF00',''),(24,'','F9FD5F',''),(25,'','FFF200',''),(26,'','CCBB00',''),(27,'','837C04',''),(28,'','EAAF00',''),(29,'','FFD660',''),(30,'','FFC73B',''),(31,'','FFAB00',''),(33,'','FF7D00',''),(34,'','ED7600',''),(35,'','FF5700',''),(36,'','EE5019',''),(37,'','B1441E',''),(38,'','FFC3C0',''),(39,'','FF897C',''),(40,'','FF6044',''),(41,'','FF4105',''),(42,'','DA4725',''),(43,'','942D0C',''),(44,'','FF3932',''),(45,'','862F2F',''),(46,'','FF5576',''),(47,'','562B29',''),(48,'','F51D30',''),(49,'','DE0056',''),(50,'','ED5394',''),(51,'','B90054',''),(52,'','8F005C',''),(53,'','F24AC8',''),(54,'','E8CDEF',''),(55,'','D8ACE0',''),(56,'','A150AA',''),(57,'','750F7D',''),(58,'','8D00BA',''),(59,'','623465',''),(60,'','55009D',''),(61,'','3D168B',''),(62,'','311F4E',''),(63,'','D2D8F9',''),(64,'','9FA4EE',''),(65,'','6557D0',''),(66,'','4123A1',''),(67,'','4668E4',''),(68,'','0D006A',''),(69,'','00004D',''),(70,'','001D61',''),(71,'','00234B',''),(72,'','002A8F',''),(73,'','2175D9',''),(74,'','7CB3F1',''),(75,'','005199',''),(76,'','004359',''),(77,'','00A0C1',''),(78,'','007283',''),(79,'','00BED9',''),(80,'','AFECED',''),(81,'','55D6D3',''),(82,'','00BBB4',''),(83,'','009485',''),(84,'','005D57',''),(85,'','008A77',''),(86,'','008A6D',''),(87,'','00B99B',''),(88,'','009F67',''),(89,'','00694A',''),(90,'','00A348',''),(91,'','00BF47',''),(92,'','96E78A',''),(93,'','00BD27',''),(94,'','35962B',''),(95,'','7EE600',''),(96,'','6EA100',''),(97,'','CAF100',''),(98,'','F5F800',''),(99,'','CDCFC4',''),(100,'','BCBEB3',''),(101,'','AAABA1',''),(102,'','8F9286',''),(103,'','797C6E',''),(104,'','2E3127',''),(105,'Night','0C090A','on'),(106,'Gunmetal','2C3539','on'),(107,'Midnight','2B1B17','on'),(108,'Charcoal','34282C','on'),(109,'Dark Slate Grey','25383C','on'),(110,'Oil','3B3131','on'),(111,'Black Cat','413839','on'),(112,'Iridium','3D3C3A','on'),(113,'Black Eel','463E3F','on'),(114,'Black Cow','4C4646','on'),(115,'Gray Wolf','504A4B','on'),(116,'Vampire Gray','565051','on'),(117,'Gray Dolphin','5C5858','on'),(118,'Carbon Gray','625D5D','on'),(119,'Ash Gray','666362','on'),(120,'Cloudy Gray','6D6968','on'),(121,'Smokey Gray','726E6D','on'),(122,'Gray','736F6E','on'),(123,'Granite','837E7C','on'),(124,'Battleship Gray','848482','on'),(125,'Gray Cloud','B6B6B4','on'),(126,'Gray Goose','D1D0CE','on'),(127,'Platinum','E5E4E2','on'),(128,'Metallic Silver','BCC6CC','on'),(129,'Blue Gray','98AFC7','on'),(130,'Light Slate Gray','6D7B8D','on'),(131,'Slate Gray','657383','on'),(132,'Jet Gray','616D7E','on'),(133,'Mist Blue','646D7E','on'),(134,'Marble Blue','566D7E','on'),(135,'Slate Blue','737CA1','on'),(136,'Steel Blue','4863A0','on'),(137,'Blue Jay','2B547E','on'),(138,'Dark Slate Blue','2B3856','on'),(139,'Midnight Blue','151B54','on'),(140,'Navy Blue','000080','on'),(141,'Blue Whale','342D7E','on'),(142,'Lapis Blue','15317E','on'),(143,'Cornflower Blue','151B8D','on'),(144,'Earth Blue','0000A0','on'),(145,'Cobalt Blue','0020C2','on'),(146,'Blueberry Blue','0041C2','on'),(147,'Sapphire Blue','2554C7','on'),(148,'Blue Eyes','1569C7','on'),(149,'Royal Blue','2B60DE','on'),(150,'Blue Orchid','1F45FC','on'),(151,'Blue Lotus','6960EC','on'),(152,'Light Slate Blue','736AFF','on'),(153,'Slate Blue','357EC7','on'),(154,'Glacial Blue Ice','368BC1','on'),(155,'Silk Blue','488AC7','on'),(156,'Blue Ivy','3090C7','on'),(157,'Blue Koi','659EC7','on'),(158,'Columbia Blue','87AFC7','on'),(159,'Baby Blue','95B9C7','on'),(160,'Light Steel Blue','728FCE','on'),(161,'Ocean Blue','2B65EC','on'),(162,'Blue Ribbon','306EFF','on'),(163,'Blue Dress','157DEC','on'),(164,'Dodger Blue','1589FF','on'),(165,'Cornflower Blue','6495ED','on'),(166,'Sky Blue','6698FF','on'),(167,'Butterfly Blue','38ACEC','on'),(168,'Iceberg','56A5EC','on'),(169,'Crystal Blue','5CB3FF','on'),(170,'Deep Sky Blue','3BB9FF','on'),(171,'Denim Blue','79BAEC','on'),(172,'Light Sky Blue','82CAFA','on'),(173,'Day Sky Blue','82CAFF','on'),(174,'Jeans Blue','A0CFEC','on'),(175,'Blue Angel','B7CEEC','on'),(176,'Pastel Blue','B4CFEC','on'),(177,'Sea Blue','C2DFFF','on'),(178,'Powder Blue','C6DEFF','on'),(179,'Coral Blue','AFDCEC','on'),(180,'Light Blue','ADDFFF','on'),(181,'Robin Egg Blue','BDEDFF','on'),(182,'Pale Blue Lily','CFECEC','on'),(183,'Light Cyan','E0FFFF','on'),(184,'Water','EBF4FA','on'),(185,'Alice Blue','F0F8FF','on'),(186,'Azure','F0FFFF','on'),(187,'Light Slate','CCFFFF','on'),(188,'Light Aquamarine','93FFE8','on'),(189,'Electric Blue','9AFEFF','on'),(190,'Aquamarine','7FFFD4','on'),(191,'Cyan or Aqua','00FFFF','on'),(192,'Tron Blue','7DFDFE','on'),(193,'Blue Zircon','57FEFF','on'),(194,'Blue Lagoon','8EEBEC','on'),(195,'Celeste','50EBEC','on'),(196,'Blue Diamond','4EE2EC','on'),(197,'Tiffany Blue','81D8D0','on'),(198,'Cyan Opaque','92C7C7','on'),(199,'Blue Hosta','77BFC7','on'),(200,'Northern Lights Blue','78C7C7','on'),(201,'Medium Turquoise','48CCCD','on'),(202,'Turquoise','43C6DB','on'),(203,'Jellyfish','46C7C7','on'),(204,'Macaw Blue Green','43BFC7','on'),(205,'Light Sea Green','3EA99F','on'),(206,'Dark Turquoise','3B9C9C','on'),(207,'Sea Turtle Green','438D80','on'),(208,'Medium Aquamarine','348781','on'),(209,'Greenish Blue','307D7E','on'),(210,'Grayish Turquoise','5E7D7E','on'),(211,'Beetle Green','4C787E','on'),(212,'Teal','008080','on'),(213,'Sea Green','4E8975','on'),(214,'Camouflage Green','78866B','on'),(215,'Sage Green','848b79','on'),(216,'Hazel Green','617C58','on'),(217,'Venom Green','728C00','on'),(218,'Fern Green','667C26','on'),(219,'Dark Forrest Green','254117','on'),(220,'Medium Sea Green','306754','on'),(221,'Medium Forest Green','347235','on'),(222,'Seaweed Green','437C17','on'),(223,'Pine Green','387C44','on'),(224,'Jungle Green','347C2C','on'),(225,'Shamrock Green','347C17','on'),(226,'Medium Spring Green','348017','on'),(227,'Forest Green','4E9258','on'),(228,'Green Onion','6AA121','on'),(229,'Spring Green','4AA02C','on'),(230,'Lime Green','41A317','on'),(231,'Clover Green','3EA055','on'),(232,'Green Snake','6CBB3C','on'),(233,'Alien Green','6CC417','on'),(234,'Green Apple','4CC417','on'),(235,'Yellow Green','52D017','on'),(236,'Kelly Green','4CC552','on'),(237,'Zombie Green','54C571','on'),(238,'Frog Green','99C68E','on'),(239,'Green Peas','89C35C','on'),(240,'Dollar Bill Green','85BB65','on'),(241,'Dark Sea Green','8BB381','on'),(242,'Iguana Green','9CB071','on'),(243,'Avocado Green','B2C248','on'),(244,'Pistachio Green','9DC209','on'),(245,'Salad Green','A1C935','on'),(246,'Hummingbird Green','7FE817','on'),(247,'Nebula Green','59E817','on'),(248,'Stoplight Go Green','57E964','on'),(249,'Algae Green','64E986','on'),(250,'Jade Green','5EFB6E','on'),(251,'Emerald Green','5FFB17','on'),(252,'Lawn Green','87F717','on'),(253,'Chartreuse','8AFB17','on'),(254,'Dragon Green','6AFB92','on'),(255,'Mint Green','98FF98','on'),(256,'Green Thumb','B5EAAA','on'),(257,'Light Jade','C3FDB8','on'),(258,'Tea Green','CCFB5D','on'),(259,'Green Yellow','B1FB17','on'),(260,'Slime Green','BCE954','on'),(261,'Goldenrod','EDDA74','on'),(262,'Harvest Gold','EDE275','on'),(263,'Sun Yellow','FFE87C','on'),(264,'Yellow','FFFF00','on'),(265,'Corn Yellow','FFF380','on'),(266,'Parchment','FFFFC2','on'),(267,'Cream','FFFFCC','on'),(268,'Lemon Chiffon','FFF8C6','on'),(269,'Cornsilk','FFF8DC','on'),(270,'Beige','F5F5DC','on'),(271,'Blonde','FBF6D9','on'),(272,'Antique White','FAEBD7','on'),(273,'Champagne','F7E7CE','on'),(274,'Blanched Almond','FFEBCD','on'),(275,'Vanilla','F3E5AB','on'),(276,'Tan Brown','ECE5B6','on'),(277,'Peach','FFE5B4','on'),(278,'Mustard','FFDB58','on'),(279,'Rubber Ducky Yellow','FFD801','on'),(280,'Bright Gold','FDD017','on'),(281,'Golden Brown','EAC117','on'),(282,'Macaroni and Cheese','F2BB66','on'),(283,'Saffron','FBB917','on'),(284,'Beer','FBB117','on'),(285,'Cantaloupe','FFA62F','on'),(286,'Bee Yellow','E9AB17','on'),(287,'Brown Sugar','E2A76F','on'),(288,'Burly Wood','DEB887','on'),(289,'Deep Peach','FFCBA4','on'),(290,'Ginger Brown','C9BE62','on'),(291,'School Bus Yellow','E8A317','on'),(292,'Sandy Brown','EE9A4D','on'),(293,'Fall Leaf Brown','C8B560','on'),(294,'Orange Gold','D4A017','on'),(295,'Sand','C2B280','on'),(296,'Cookie Brown','C7A317','on'),(297,'Caramel','C68E17','on'),(298,'Brass','B5A642','on'),(299,'Khaki','ADA96E','on'),(300,'Camel Brown','C19A6B','on'),(301,'Bronze','CD7F32','on'),(302,'Tiger Orange','C88141','on'),(303,'Cinnamon','C58917','on'),(304,'Bullet Shell','AF9B60','on'),(305,'Dark Goldenrod','AF7817','on'),(306,'Copper','B87333','on'),(307,'Wood','966F33','on'),(308,'Oak Brown','806517','on'),(309,'Moccasin','827839','on'),(310,'Army Brown','827B60','on'),(311,'Sandstone','786D5F','on'),(312,'Mocha','493D26','on'),(313,'Taupe','483C32','on'),(314,'Coffee','6F4E37','on'),(315,'Brown Bear','835C3B','on'),(316,'Red Dirt','7F5217','on'),(317,'Sepia','7F462C','on'),(318,'Orange Salmon','C47451','on'),(319,'Rust','C36241','on'),(320,'Red Fox','C35817','on'),(321,'Chocolate','C85A17','on'),(322,'Sedona','CC6600','on'),(323,'Papaya Orange','E56717','on'),(324,'Halloween Orange','E66C2C','on'),(325,'Pumpkin Orange','F87217','on'),(326,'Construction Cone Orange','F87431','on'),(327,'Sunrise Orange','E67451','on'),(328,'Mango Orange','FF8040','on'),(329,'Dark Orange','F88017','on'),(330,'Coral','FF7F50','on'),(331,'Basket Ball Orange','F88158','on'),(332,'Light Salmon','F9966B','on'),(333,'Tangerine','E78A61','on'),(334,'Dark Salmon','E18B6B','on'),(335,'Light Coral','E77471','on'),(336,'Bean Red','F75D59','on'),(337,'Valentine Red','E55451','on'),(338,'Shocking Orange','E55B3C','on'),(339,'Scarlet','FF2400','on'),(340,'Ruby Red','F62217','on'),(341,'Ferrari Red','F70D1A','on'),(342,'Fire Engine Red','F62817','on'),(343,'Lava Red','E42217','on'),(344,'Love Red','E41B17','on'),(345,'Grapefruit','DC381F','on'),(346,'Chestnut Red','C34A2C','on'),(347,'Cherry Red','C24641','on'),(348,'Mahogany','C04000','on'),(349,'Chilli Pepper','C11B17','on'),(350,'Cranberry','9F000F','on'),(351,'Red Wine','990012','on'),(352,'Burgundy','8C001A','on'),(353,'Chestnut','954535','on'),(354,'Blood Red','7E3517','on'),(355,'Sienna','8A4117','on'),(356,'Sangria','7E3817','on'),(357,'Firebrick','800517','on'),(358,'Maroon','810541','on'),(359,'Plum Pie','7D0541','on'),(360,'Velvet Maroon','7E354D','on'),(361,'Plum Velvet','7D0552','on'),(362,'Rosy Finch','7F4E52','on'),(363,'Puce','7F5A58','on'),(364,'Dull Purple','7F525D','on'),(365,'Rosy Brown','B38481','on'),(366,'Khaki Rose','C5908E','on'),(367,'Pink Bow','C48189','on'),(368,'Lipstick Pink','C48793','on'),(369,'Rose','E8ADAA','on'),(370,'Desert Sand','EDC9AF','on'),(371,'Pig Pink','FDD7E4','on'),(372,'Cotton Candy','FCDFFF','on'),(373,'Pink Bubblegum','FFDFDD','on'),(374,'Misty Rose','FBBBB9','on'),(375,'Pink','FAAFBE','on'),(376,'Light Pink','FAAFBA','on'),(377,'Flamingo Pink','F9A7B0','on'),(378,'Pink Rose','E7A1B0','on'),(379,'Pink Daisy','E799A3','on'),(380,'Cadillac Pink','E38AAE','on'),(381,'Carnation Pink','F778A1','on'),(382,'Blush Red','E56E94','on'),(383,'Hot Pink','F660AB','on'),(384,'Watermelon Pink','FC6C85','on'),(385,'Violet Red','F6358A','on'),(386,'Deep Pink','F52887','on'),(387,'Pink Cupcake','E45E9D','on'),(388,'Pink Lemonade','E4287C','on'),(389,'Neon Pink','F535AA','on'),(390,'Dimorphotheca Magenta','E3319D','on'),(391,'Bright Neon Pink','F433FF','on'),(392,'Pale Violet Red','D16587','on'),(393,'Tulip Pink','C25A7C','on'),(394,'Medium Violet Red','CA226B','on'),(395,'Rogue Pink','C12869','on'),(396,'Burnt Pink','C12267','on'),(397,'Bashful Pink','C25283','on'),(398,'Carnation Pink','C12283','on'),(399,'Plum','B93B8F','on'),(400,'Viola Purple','7E587E','on'),(401,'Purple Iris','571B7E','on'),(402,'Plum Purple','583759','on'),(403,'Indigo','4B0082','on'),(404,'Purple Monster','461B7E','on'),(405,'Purple Haze','4E387E','on'),(406,'Eggplant','614051','on'),(407,'Grape','5E5A80','on'),(408,'Purple Jam','6A287E','on'),(409,'Dark Orchid','7D1B7E','on'),(410,'Purple Flower','A74AC7','on'),(411,'Medium Orchid','B048B5','on'),(412,'Purple Amethyst','6C2DC7','on'),(413,'Dark Violet','842DCE','on'),(414,'Violet','8D38C9','on'),(415,'Purple Sage Bush','7A5DC7','on'),(416,'Lovely Purple','7F38EC','on'),(417,'Purple','8E35EF','on'),(418,'Aztech Purple','893BFF','on'),(419,'Medium Purple','8467D7','on'),(420,'Jasmine Purple','A23BEC','on'),(421,'Purple Daffodil','B041FF','on'),(422,'Tyrian Purple','C45AEC','on'),(423,'Crocus Purple','9172EC','on'),(424,'Purple Mimosa','9E7BFF','on'),(425,'Heliotrope Purple','D462FF','on'),(426,'Crimson','E238EC','on'),(427,'Purple Dragon','C38EC7','on'),(428,'Lilac','C8A2C8','on'),(429,'Blush Pink','E6A9EC','on'),(430,'Mauve','E0B0FF','on'),(431,'Wisteria Purple','C6AEC7','on'),(432,'Blossom Pink','F9B7FF','on'),(433,'Thistle','D2B9D3','on'),(434,'Periwinkle','E9CFEC','on'),(435,'Lavender Pinocchio','EBDDE2','on'),(436,'Lavender Blue','E3E4FA','on'),(437,'Pearl','FDEEF4','on'),(438,'SeaShell','FFF5EE','on'),(439,'Milk White','FEFCFF','on'),(440,'','CCCCCC',''),(441,'','AAAAAA',''),(442,'','888888',''),(443,'Green','008000','on'),(444,'Olive','808000','on'),(445,'Grey','808080','on'),(446,'Purple','800080','on'),(447,'Maroon','800000','on');
/*!40000 ALTER TABLE `colors` ENABLE KEYS */;
UNLOCK TABLES;

--
-- Table structure for table `data_debug`
--

DROP TABLE IF EXISTS `data_debug`;
/*!40101 SET @saved_cs_client     = @@character_set_client */;
/*!40101 SET character_set_client = utf8 */;
CREATE TABLE `data_debug` (
  `id` int(11) unsigned NOT NULL AUTO_INCREMENT,
  `started` int(11) NOT NULL DEFAULT 0,
  `done` int(11) NOT NULL DEFAULT 0,
  `user` int(11) NOT NULL DEFAULT 0,
  `datasource` int(11) NOT NULL DEFAULT 0,
  `info` mediumtext COLLATE utf8mb4_unicode_ci NOT NULL DEFAULT '',
  `issue` mediumtext COLLATE utf8mb4_unicode_ci DEFAULT NULL,
  PRIMARY KEY (`id`),
  KEY `user` (`user`),
  KEY `done` (`done`),
  KEY `datasource` (`datasource`),
  KEY `started` (`started`)
) ENGINE=InnoDB DEFAULT CHARSET=utf8mb4 COLLATE=utf8mb4_unicode_ci ROW_FORMAT=DYNAMIC COMMENT='Datasource Debugger Information';
/*!40101 SET character_set_client = @saved_cs_client */;

--
-- Dumping data for table `data_debug`
--

LOCK TABLES `data_debug` WRITE;
/*!40000 ALTER TABLE `data_debug` DISABLE KEYS */;
/*!40000 ALTER TABLE `data_debug` ENABLE KEYS */;
UNLOCK TABLES;

--
-- Table structure for table `data_input`
--

DROP TABLE IF EXISTS `data_input`;
/*!40101 SET @saved_cs_client     = @@character_set_client */;
/*!40101 SET character_set_client = utf8 */;
CREATE TABLE `data_input` (
  `id` mediumint(8) unsigned NOT NULL AUTO_INCREMENT,
  `hash` varchar(32) COLLATE utf8mb4_unicode_ci NOT NULL DEFAULT '',
  `name` varchar(200) COLLATE utf8mb4_unicode_ci NOT NULL DEFAULT '',
  `input_string` varchar(512) COLLATE utf8mb4_unicode_ci DEFAULT NULL,
  `type_id` tinyint(2) NOT NULL DEFAULT 0,
  PRIMARY KEY (`id`),
  KEY `name_type_id` (`name`(171),`type_id`)
) ENGINE=InnoDB AUTO_INCREMENT=15 DEFAULT CHARSET=utf8mb4 COLLATE=utf8mb4_unicode_ci ROW_FORMAT=DYNAMIC;
/*!40101 SET character_set_client = @saved_cs_client */;

--
-- Dumping data for table `data_input`
--

LOCK TABLES `data_input` WRITE;
/*!40000 ALTER TABLE `data_input` DISABLE KEYS */;
INSERT INTO `data_input` VALUES (1,'3eb92bb845b9660a7445cf9740726522','Get SNMP Data','',2),(2,'bf566c869ac6443b0c75d1c32b5a350e','Get SNMP Data (Indexed)','',3),(11,'80e9e4c4191a5da189ae26d0e237f015','Get Script Data (Indexed)','',4),(12,'332111d8b54ac8ce939af87a7eac0c06','Get Script Server Data (Indexed)','',6),(13,'4427395a6ecd5bc2af34a3488ee0221b','PING - Advanced Ping','<path_cacti>/scripts/ss_fping.php ss_fping <hostname> <attempts> <protocol> <port>',5),(14,'8e556220d403fc98b23e690088f96474','DI - Linux Memory Usage','<path_cacti>/scripts/ss_netsnmp_memory.php ss_netsnmp_memory <hostname> <snmp_ver> <snmp_community> <snmp_port> <snmp_timeout> <snmp3_username> <snmp3_password> <snmp3_authprot> <snmp3_privpass> <snmp3_privprot> <snmp3_context>',5);
/*!40000 ALTER TABLE `data_input` ENABLE KEYS */;
UNLOCK TABLES;

--
-- Table structure for table `data_input_data`
--

DROP TABLE IF EXISTS `data_input_data`;
/*!40101 SET @saved_cs_client     = @@character_set_client */;
/*!40101 SET character_set_client = utf8 */;
CREATE TABLE `data_input_data` (
  `data_input_field_id` mediumint(8) unsigned NOT NULL DEFAULT 0,
  `data_template_data_id` mediumint(8) unsigned NOT NULL DEFAULT 0,
  `t_value` char(2) COLLATE utf8mb4_unicode_ci DEFAULT NULL,
  `value` mediumtext COLLATE utf8mb4_unicode_ci DEFAULT NULL,
  PRIMARY KEY (`data_input_field_id`,`data_template_data_id`),
  KEY `t_value` (`t_value`),
  KEY `data_template_data_id` (`data_template_data_id`)
) ENGINE=InnoDB DEFAULT CHARSET=utf8mb4 COLLATE=utf8mb4_unicode_ci ROW_FORMAT=DYNAMIC;
/*!40101 SET character_set_client = @saved_cs_client */;

--
-- Dumping data for table `data_input_data`
--

LOCK TABLES `data_input_data` WRITE;
/*!40000 ALTER TABLE `data_input_data` DISABLE KEYS */;
INSERT INTO `data_input_data` VALUES (1,1,'',''),(1,4,'',''),(1,5,'',''),(1,6,'',''),(1,9,NULL,'10.254.0.1'),(1,17,'',''),(1,18,'',''),(1,19,'',''),(1,20,'',''),(1,21,'',''),(1,22,'',''),(1,23,'',''),(1,34,'',''),(1,36,'',''),(1,37,'',''),(1,38,'',''),(1,39,'',''),(1,40,'',''),(1,41,'',''),(1,42,'',''),(1,45,NULL,'10.1.0.1'),(1,46,'',''),(1,47,'',''),(1,48,'',''),(1,124,'',''),(1,158,'',''),(1,164,NULL,'10.101.0.1'),(1,165,'',''),(1,166,'',''),(1,167,'',''),(1,168,'',''),(1,170,'',''),(1,172,'',''),(1,176,'',''),(1,177,'',''),(1,178,'',''),(1,182,'',''),(1,184,'',''),(1,185,'',''),(1,186,'',''),(1,193,'',''),(1,195,'',''),(1,196,'',''),(1,197,'',''),(1,198,'',''),(1,199,'',''),(1,200,'',''),(1,201,'',''),(1,202,'',''),(1,203,'',''),(1,214,'',''),(1,217,'',''),(1,218,'',''),(1,220,'',''),(1,221,'',''),(1,222,'',''),(1,223,'',''),(1,224,'',''),(1,230,'',''),(1,232,NULL,'10.254.254.1'),(1,243,'',''),(1,244,'',''),(1,245,'',''),(1,246,'',''),(1,247,'',''),(1,248,'',''),(1,249,'',''),(1,250,'',''),(1,251,'',''),(1,252,NULL,'10.254.254.2'),(1,254,'',''),(1,255,'',''),(1,256,'',''),(1,257,'',''),(1,258,'',''),(1,259,'',''),(1,260,'',''),(1,261,'',''),(1,262,'',''),(1,264,'',''),(1,265,'',''),(1,266,'',''),(1,267,'',''),(1,268,'',''),(1,269,'',''),(1,270,'',''),(1,271,'',''),(1,272,'',''),(1,273,'',''),(1,274,'',''),(1,275,'',''),(1,276,'',''),(1,277,'',''),(1,283,'',''),(1,285,'',''),(1,286,'',''),(1,287,'',''),(1,288,'',''),(1,289,'',''),(1,290,'',''),(1,291,'',''),(1,292,'',''),(1,293,'',''),(1,294,'',''),(1,295,'',''),(1,296,'',''),(1,297,'',''),(1,298,'',''),(1,299,'',''),(1,300,'',''),(1,301,'',''),(1,302,NULL,'10.254.10.201'),(1,304,'',''),(1,305,'',''),(2,1,'',''),(2,4,'',''),(2,5,'',''),(2,6,'',''),(2,9,NULL,'rocomm'),(2,17,'',''),(2,18,'',''),(2,19,'',''),(2,20,'',''),(2,21,'',''),(2,22,'',''),(2,23,'',''),(2,34,'',''),(2,36,'',''),(2,37,'',''),(2,38,'',''),(2,39,'',''),(2,40,'',''),(2,41,'',''),(2,42,'',''),(2,45,NULL,'rocomm'),(2,46,'',''),(2,47,'',''),(2,48,'',''),(2,124,'',''),(2,158,'',''),(2,164,NULL,'rocomm'),(2,165,'',''),(2,166,'',''),(2,167,'',''),(2,168,'',''),(2,170,'',''),(2,172,'',''),(2,176,'',''),(2,177,'',''),(2,178,'',''),(2,182,'',''),(2,184,'',''),(2,185,'',''),(2,186,'',''),(2,193,'',''),(2,195,'',''),(2,196,'',''),(2,197,'',''),(2,198,'',''),(2,199,'',''),(2,200,'',''),(2,201,'',''),(2,202,'',''),(2,203,'',''),(2,214,'',''),(2,217,'',''),(2,218,'',''),(2,220,'',''),(2,221,'',''),(2,222,'',''),(2,223,'',''),(2,224,'',''),(2,230,'',''),(2,232,NULL,'rocomm'),(2,243,'',''),(2,244,'',''),(2,245,'',''),(2,246,'',''),(2,247,'',''),(2,248,'',''),(2,249,'',''),(2,250,'',''),(2,251,'',''),(2,252,NULL,'rocomm'),(2,254,'',''),(2,255,'',''),(2,256,'',''),(2,257,'',''),(2,258,'',''),(2,259,'',''),(2,260,'',''),(2,261,'',''),(2,262,'',''),(2,264,'',''),(2,265,'',''),(2,266,'',''),(2,267,'',''),(2,268,'',''),(2,269,'',''),(2,270,'',''),(2,271,'',''),(2,272,'',''),(2,273,'',''),(2,274,'',''),(2,275,'',''),(2,276,'',''),(2,277,'',''),(2,283,'',''),(2,285,'',''),(2,286,'',''),(2,287,'',''),(2,288,'',''),(2,289,'',''),(2,290,'',''),(2,291,'',''),(2,292,'',''),(2,293,'',''),(2,294,'',''),(2,295,'',''),(2,296,'',''),(2,297,'',''),(2,298,'',''),(2,299,'',''),(2,300,'',''),(2,301,'',''),(2,302,NULL,'rocomm'),(2,304,'',''),(2,305,'',''),(3,1,'',''),(3,4,'',''),(3,5,'',''),(3,6,'',''),(3,9,NULL,''),(3,17,'',''),(3,18,'',''),(3,19,'',''),(3,20,'',''),(3,21,'',''),(3,22,'',''),(3,23,'',''),(3,36,'',''),(3,37,'',''),(3,38,'',''),(3,39,'',''),(3,40,'',''),(3,41,'',''),(3,42,'',''),(3,45,NULL,''),(3,46,'',''),(3,47,'',''),(3,48,'',''),(3,124,'',''),(3,158,'',''),(3,164,NULL,''),(3,165,'',''),(3,166,'',''),(3,167,'',''),(3,168,'',''),(3,170,'',''),(3,172,'',''),(3,176,'',''),(3,177,'',''),(3,178,'',''),(3,182,'',''),(3,184,'',''),(3,185,'',''),(3,186,'',''),(3,193,'',''),(3,195,'',''),(3,196,'',''),(3,197,'',''),(3,198,'',''),(3,199,'',''),(3,200,'',''),(3,201,'',''),(3,202,'',''),(3,203,'',''),(3,214,'',''),(3,217,'',''),(3,218,'',''),(3,220,'',''),(3,221,'',''),(3,222,'',''),(3,223,'',''),(3,224,'',''),(3,230,'',''),(3,232,NULL,''),(3,243,'',''),(3,244,'',''),(3,245,'',''),(3,246,'',''),(3,247,'',''),(3,248,'',''),(3,249,'',''),(3,250,'',''),(3,251,'',''),(3,252,NULL,''),(3,254,'',''),(3,255,'',''),(3,256,'',''),(3,257,'',''),(3,258,'',''),(3,259,'',''),(3,260,'',''),(3,261,'',''),(3,262,'',''),(3,264,'',''),(3,265,'',''),(3,266,'',''),(3,267,'',''),(3,268,'',''),(3,269,'',''),(3,270,'',''),(3,271,'',''),(3,272,'',''),(3,273,'',''),(3,274,'',''),(3,275,'',''),(3,276,'',''),(3,277,'',''),(3,283,'',''),(3,285,'',''),(3,286,'',''),(3,287,'',''),(3,288,'',''),(3,289,'',''),(3,290,'',''),(3,291,'',''),(3,292,'',''),(3,293,'',''),(3,294,'',''),(3,295,'',''),(3,296,'',''),(3,297,'',''),(3,298,'',''),(3,299,'',''),(3,300,'',''),(3,301,'',''),(3,302,NULL,''),(3,304,'',''),(3,305,'',''),(4,1,'',''),(4,9,NULL,''),(4,45,NULL,''),(4,164,NULL,''),(4,232,NULL,''),(4,252,NULL,''),(4,302,NULL,''),(5,1,'',''),(5,9,NULL,'2'),(5,45,NULL,'2'),(5,164,NULL,'2'),(5,232,NULL,'2'),(5,252,NULL,'2'),(5,302,NULL,'2'),(6,1,'','.1.3.6.1.4.1.9.2.1.58.0'),(6,9,'','.1.3.6.1.4.1.9.2.1.58.0'),(6,45,'','.1.3.6.1.4.1.9.2.1.58.0'),(6,164,'','.1.3.6.1.4.1.9.2.1.58.0'),(6,232,'','.1.3.6.1.4.1.9.2.1.58.0'),(6,252,'','.1.3.6.1.4.1.9.2.1.58.0'),(6,302,'','.1.3.6.1.4.1.9.2.1.58.0'),(7,3,'',''),(7,4,'',''),(7,11,NULL,'10.254.0.1'),(7,12,NULL,'10.254.0.1'),(7,17,NULL,'10.254.0.1'),(7,18,NULL,'10.254.0.1'),(7,19,NULL,'10.254.0.1'),(7,20,NULL,'10.254.0.1'),(7,21,NULL,'10.254.0.1'),(7,22,NULL,'10.254.0.1'),(7,23,NULL,'10.254.0.1'),(7,46,NULL,'10.1.0.1'),(7,47,NULL,'10.1.0.1'),(7,48,NULL,'10.1.0.1'),(7,51,NULL,'10.1.0.1'),(7,165,NULL,'10.101.0.1'),(7,166,NULL,'10.101.0.1'),(7,167,NULL,'10.101.0.1'),(7,168,NULL,'10.101.0.1'),(7,170,NULL,'10.101.0.1'),(7,172,NULL,'10.254.0.1'),(7,176,NULL,'10.1.0.1'),(7,177,NULL,'10.1.0.1'),(7,178,NULL,'10.1.0.1'),(7,182,NULL,'10.101.0.1'),(7,184,NULL,'10.1.0.1'),(7,185,NULL,'10.254.0.1'),(7,186,NULL,'10.254.0.1'),(7,187,NULL,'10.254.0.1'),(7,188,NULL,'10.254.0.1'),(7,193,NULL,'10.254.0.1'),(7,195,NULL,'10.254.254.252'),(7,196,NULL,'10.254.254.252'),(7,197,NULL,'10.254.254.252'),(7,198,NULL,'10.254.254.252'),(7,199,NULL,'10.254.254.252'),(7,200,NULL,'10.254.254.252'),(7,201,NULL,'10.254.254.252'),(7,202,NULL,'10.254.254.252'),(7,203,NULL,'10.254.254.252'),(7,204,NULL,'10.254.254.252'),(7,205,NULL,'10.254.254.252'),(7,214,NULL,'10.254.254.252'),(7,217,NULL,'10.254.254.252'),(7,218,NULL,'10.254.254.252'),(7,230,NULL,'10.254.10.241'),(7,242,NULL,'10.254.254.1'),(7,243,NULL,'10.254.254.1'),(7,244,NULL,'10.254.254.1'),(7,245,NULL,'10.254.254.1'),(7,246,NULL,'10.254.254.1'),(7,247,NULL,'10.254.254.1'),(7,248,NULL,'10.254.254.1'),(7,249,NULL,'10.254.254.1'),(7,250,NULL,'10.254.254.1'),(7,251,NULL,'10.254.254.1'),(7,254,NULL,'10.254.254.2'),(7,255,NULL,'10.254.254.2'),(7,256,NULL,'10.254.254.2'),(7,257,NULL,'10.254.254.2'),(7,258,NULL,'10.254.254.2'),(7,259,NULL,'10.254.254.2'),(7,260,NULL,'10.254.254.2'),(7,261,NULL,'10.254.254.2'),(7,262,NULL,'10.254.254.2'),(7,283,NULL,'10.254.10.251'),(7,285,NULL,'10.254.254.252'),(7,286,NULL,'10.254.254.252'),(7,287,NULL,'10.254.254.252'),(7,288,NULL,'10.254.254.252'),(7,289,NULL,'10.254.254.252'),(7,290,NULL,'10.254.254.252'),(7,291,NULL,'10.254.254.252'),(7,292,NULL,'10.1.0.1'),(7,293,NULL,'10.1.0.1'),(7,294,NULL,'10.1.0.1'),(7,295,NULL,'10.1.0.1'),(7,296,NULL,'10.1.0.1'),(7,297,NULL,'10.1.0.1'),(7,298,NULL,'10.1.0.1'),(7,299,NULL,'10.1.0.1'),(7,300,NULL,'10.1.0.1'),(7,301,NULL,'10.1.0.1'),(7,304,NULL,'10.254.10.201'),(7,305,NULL,'10.254.10.206'),(8,3,'',''),(8,4,'',''),(8,11,NULL,'rocomm'),(8,12,NULL,'rocomm'),(8,17,NULL,'rocomm'),(8,18,NULL,'rocomm'),(8,19,NULL,'rocomm'),(8,20,NULL,'rocomm'),(8,21,NULL,'rocomm'),(8,22,NULL,'rocomm'),(8,23,NULL,'rocomm'),(8,46,NULL,'rocomm'),(8,47,NULL,'rocomm'),(8,48,NULL,'rocomm'),(8,51,NULL,'rocomm'),(8,165,NULL,'rocomm'),(8,166,NULL,'rocomm'),(8,167,NULL,'rocomm'),(8,168,NULL,'rocomm'),(8,170,NULL,'rocomm'),(8,172,NULL,'rocomm'),(8,176,NULL,'rocomm'),(8,177,NULL,'rocomm'),(8,178,NULL,'rocomm'),(8,182,NULL,'rocomm'),(8,184,NULL,'rocomm'),(8,185,NULL,'rocomm'),(8,186,NULL,'rocomm'),(8,187,NULL,'rocomm'),(8,188,NULL,'rocomm'),(8,193,NULL,'rocomm'),(8,195,NULL,'rocomm'),(8,196,NULL,'rocomm'),(8,197,NULL,'rocomm'),(8,198,NULL,'rocomm'),(8,199,NULL,'rocomm'),(8,200,NULL,'rocomm'),(8,201,NULL,'rocomm'),(8,202,NULL,'rocomm'),(8,203,NULL,'rocomm'),(8,204,NULL,'rocomm'),(8,205,NULL,'rocomm'),(8,214,NULL,'rocomm'),(8,217,NULL,'rocomm'),(8,218,NULL,'rocomm'),(8,230,NULL,'rocomm'),(8,242,NULL,'rocomm'),(8,243,NULL,'rocomm'),(8,244,NULL,'rocomm'),(8,245,NULL,'rocomm'),(8,246,NULL,'rocomm'),(8,247,NULL,'rocomm'),(8,248,NULL,'rocomm'),(8,249,NULL,'rocomm'),(8,250,NULL,'rocomm'),(8,251,NULL,'rocomm'),(8,254,NULL,'rocomm'),(8,255,NULL,'rocomm'),(8,256,NULL,'rocomm'),(8,257,NULL,'rocomm'),(8,258,NULL,'rocomm'),(8,259,NULL,'rocomm'),(8,260,NULL,'rocomm'),(8,261,NULL,'rocomm'),(8,262,NULL,'rocomm'),(8,283,NULL,'rocomm'),(8,285,NULL,'rocomm'),(8,286,NULL,'rocomm'),(8,287,NULL,'rocomm'),(8,288,NULL,'rocomm'),(8,289,NULL,'rocomm'),(8,290,NULL,'rocomm'),(8,291,NULL,'rocomm'),(8,292,NULL,'rocomm'),(8,293,NULL,'rocomm'),(8,294,NULL,'rocomm'),(8,295,NULL,'rocomm'),(8,296,NULL,'rocomm'),(8,297,NULL,'rocomm'),(8,298,NULL,'rocomm'),(8,299,NULL,'rocomm'),(8,300,NULL,'rocomm'),(8,301,NULL,'rocomm'),(8,304,NULL,'rocomm'),(8,305,NULL,'rocomm'),(9,3,'',''),(9,4,'',''),(9,11,NULL,''),(9,12,NULL,''),(9,17,NULL,''),(9,18,NULL,''),(9,19,NULL,''),(9,20,NULL,''),(9,21,NULL,''),(9,22,NULL,''),(9,23,NULL,''),(9,46,NULL,''),(9,47,NULL,''),(9,48,NULL,''),(9,51,NULL,''),(9,165,NULL,''),(9,166,NULL,''),(9,167,NULL,''),(9,168,NULL,''),(9,170,NULL,''),(9,172,NULL,''),(9,176,NULL,''),(9,177,NULL,''),(9,178,NULL,''),(9,182,NULL,''),(9,184,NULL,''),(9,185,NULL,''),(9,186,NULL,''),(9,187,NULL,''),(9,188,NULL,''),(9,193,NULL,''),(9,195,NULL,''),(9,196,NULL,''),(9,197,NULL,''),(9,198,NULL,''),(9,199,NULL,''),(9,200,NULL,''),(9,201,NULL,''),(9,202,NULL,''),(9,203,NULL,''),(9,204,NULL,''),(9,205,NULL,''),(9,214,NULL,''),(9,217,NULL,''),(9,218,NULL,''),(9,230,NULL,''),(9,242,NULL,''),(9,243,NULL,''),(9,244,NULL,''),(9,245,NULL,''),(9,246,NULL,''),(9,247,NULL,''),(9,248,NULL,''),(9,249,NULL,''),(9,250,NULL,''),(9,251,NULL,''),(9,254,NULL,''),(9,255,NULL,''),(9,256,NULL,''),(9,257,NULL,''),(9,258,NULL,''),(9,259,NULL,''),(9,260,NULL,''),(9,261,NULL,''),(9,262,NULL,''),(9,283,NULL,''),(9,285,NULL,''),(9,286,NULL,''),(9,287,NULL,''),(9,288,NULL,''),(9,289,NULL,''),(9,290,NULL,''),(9,291,NULL,''),(9,292,NULL,''),(9,293,NULL,''),(9,294,NULL,''),(9,295,NULL,''),(9,296,NULL,''),(9,297,NULL,''),(9,298,NULL,''),(9,299,NULL,''),(9,300,NULL,''),(9,301,NULL,''),(9,304,NULL,''),(9,305,NULL,''),(10,3,'',''),(10,4,'',''),(10,11,NULL,''),(10,12,NULL,''),(10,17,NULL,''),(10,18,NULL,''),(10,19,NULL,''),(10,20,NULL,''),(10,21,NULL,''),(10,22,NULL,''),(10,23,NULL,''),(10,46,NULL,''),(10,47,NULL,''),(10,48,NULL,''),(10,51,NULL,''),(10,165,NULL,''),(10,166,NULL,''),(10,167,NULL,''),(10,168,NULL,''),(10,170,NULL,''),(10,172,NULL,''),(10,176,NULL,''),(10,177,NULL,''),(10,178,NULL,''),(10,182,NULL,''),(10,184,NULL,''),(10,185,NULL,''),(10,186,NULL,''),(10,187,NULL,''),(10,188,NULL,''),(10,193,NULL,''),(10,195,NULL,''),(10,196,NULL,''),(10,197,NULL,''),(10,198,NULL,''),(10,199,NULL,''),(10,200,NULL,''),(10,201,NULL,''),(10,202,NULL,''),(10,203,NULL,''),(10,204,NULL,''),(10,205,NULL,''),(10,214,NULL,''),(10,217,NULL,''),(10,218,NULL,''),(10,230,NULL,''),(10,242,NULL,''),(10,243,NULL,''),(10,244,NULL,''),(10,245,NULL,''),(10,246,NULL,''),(10,247,NULL,''),(10,248,NULL,''),(10,249,NULL,''),(10,250,NULL,''),(10,251,NULL,''),(10,254,NULL,''),(10,255,NULL,''),(10,256,NULL,''),(10,257,NULL,''),(10,258,NULL,''),(10,259,NULL,''),(10,260,NULL,''),(10,261,NULL,''),(10,262,NULL,''),(10,283,NULL,''),(10,285,NULL,''),(10,286,NULL,''),(10,287,NULL,''),(10,288,NULL,''),(10,289,NULL,''),(10,290,NULL,''),(10,291,NULL,''),(10,292,NULL,''),(10,293,NULL,''),(10,294,NULL,''),(10,295,NULL,''),(10,296,NULL,''),(10,297,NULL,''),(10,298,NULL,''),(10,299,NULL,''),(10,300,NULL,''),(10,301,NULL,''),(10,304,NULL,''),(10,305,NULL,''),(11,3,'',''),(11,4,'',''),(11,11,NULL,'2'),(11,12,NULL,'2'),(11,17,NULL,'2'),(11,18,NULL,'2'),(11,19,NULL,'2'),(11,20,NULL,'2'),(11,21,NULL,'2'),(11,22,NULL,'2'),(11,23,NULL,'2'),(11,46,NULL,'2'),(11,47,NULL,'2'),(11,48,NULL,'2'),(11,51,NULL,'2'),(11,165,NULL,'2'),(11,166,NULL,'2'),(11,167,NULL,'2'),(11,168,NULL,'2'),(11,170,NULL,'2'),(11,172,NULL,'2'),(11,176,NULL,'2'),(11,177,NULL,'2'),(11,178,NULL,'2'),(11,182,NULL,'2'),(11,184,NULL,'2'),(11,185,NULL,'2'),(11,186,NULL,'2'),(11,187,NULL,'2'),(11,188,NULL,'2'),(11,193,NULL,'2'),(11,195,NULL,'2'),(11,196,NULL,'2'),(11,197,NULL,'2'),(11,198,NULL,'2'),(11,199,NULL,'2'),(11,200,NULL,'2'),(11,201,NULL,'2'),(11,202,NULL,'2'),(11,203,NULL,'2'),(11,204,NULL,'2'),(11,205,NULL,'2'),(11,214,NULL,'2'),(11,217,NULL,'2'),(11,218,NULL,'2'),(11,230,NULL,'2'),(11,242,NULL,'2'),(11,243,NULL,'2'),(11,244,NULL,'2'),(11,245,NULL,'2'),(11,246,NULL,'2'),(11,247,NULL,'2'),(11,248,NULL,'2'),(11,249,NULL,'2'),(11,250,NULL,'2'),(11,251,NULL,'2'),(11,254,NULL,'2'),(11,255,NULL,'2'),(11,256,NULL,'2'),(11,257,NULL,'2'),(11,258,NULL,'2'),(11,259,NULL,'2'),(11,260,NULL,'2'),(11,261,NULL,'2'),(11,262,NULL,'2'),(11,283,NULL,'2'),(11,285,NULL,'2'),(11,286,NULL,'2'),(11,287,NULL,'2'),(11,288,NULL,'2'),(11,289,NULL,'2'),(11,290,NULL,'2'),(11,291,NULL,'2'),(11,292,NULL,'2'),(11,293,NULL,'2'),(11,294,NULL,'2'),(11,295,NULL,'2'),(11,296,NULL,'2'),(11,297,NULL,'2'),(11,298,NULL,'2'),(11,299,NULL,'2'),(11,300,NULL,'2'),(11,301,NULL,'2'),(11,304,NULL,'2'),(11,305,NULL,'2'),(12,3,'on',''),(12,4,'on',''),(12,11,'','ifName'),(12,12,'','ifName'),(12,17,'','ifName'),(12,18,'','ifName'),(12,19,'','ifName'),(12,20,'','ifName'),(12,21,'','ifName'),(12,22,'','ifDescr'),(12,23,'','ifDescr'),(12,46,'','ifDescr'),(12,47,'','ifDescr'),(12,48,'','ifDescr'),(12,51,'','ifDescr'),(12,165,'','ifDescr'),(12,166,'','ifDescr'),(12,167,'','ifDescr'),(12,168,'','ifDescr'),(12,170,'','ifDescr'),(12,172,'','ifName'),(12,176,'','ifName'),(12,177,'','ifName'),(12,178,'','ifName'),(12,182,'','ifDescr'),(12,184,'','ifName'),(12,185,'','ifName'),(12,186,'','ifName'),(12,187,'','ifName'),(12,188,'','ifName'),(12,193,'','ifName'),(12,195,'','ifName'),(12,196,'','ifName'),(12,197,'','ifName'),(12,198,'','ifName'),(12,199,'','ifName'),(12,200,'','ifName'),(12,201,'','ifName'),(12,202,'','ifName'),(12,203,'','ifName'),(12,204,'','ifName'),(12,205,'','ifName'),(12,214,'','ifName'),(12,217,'','ifName'),(12,218,'','ifName'),(12,230,'','ifName'),(12,242,'','ifName'),(12,243,'','ifName'),(12,244,'','ifName'),(12,245,'','ifName'),(12,246,'','ifName'),(12,247,'','ifName'),(12,248,'','ifName'),(12,249,'','ifName'),(12,250,'','ifName'),(12,251,'','ifName'),(12,254,'','ifName'),(12,255,'','ifName'),(12,256,'','ifName'),(12,257,'','ifName'),(12,258,'','ifName'),(12,259,'','ifName'),(12,260,'','ifName'),(12,261,'','ifName'),(12,262,'','ifName'),(12,283,'','ifName'),(12,285,'','ifName'),(12,286,'','ifName'),(12,287,'','ifName'),(12,288,'','ifName'),(12,289,'','ifName'),(12,290,'','ifName'),(12,291,'','ifName'),(12,292,'','ifName'),(12,293,'','ifName'),(12,294,'','ifName'),(12,295,'','ifName'),(12,296,'','ifName'),(12,297,'','ifName'),(12,298,'','ifName'),(12,299,'','ifName'),(12,300,'','ifName'),(12,301,'','ifName'),(12,304,'','ifName'),(12,305,'','ifName'),(13,3,'on',''),(13,4,'on',''),(13,11,'','Gi0/0'),(13,12,'','Gi0/1'),(13,17,'','Gi0/5'),(13,18,'','Gi0/0'),(13,19,'','Gi0/1'),(13,20,'','Vl10'),(13,21,'','Vl110'),(13,22,'',''),(13,23,'',''),(13,46,'','FastEthernet2'),(13,47,'','FastEthernet3'),(13,48,'','GigabitEthernet0'),(13,51,'','GigabitEthernet0'),(13,165,'','FastEthernet2'),(13,166,'','FastEthernet3'),(13,167,'','GigabitEthernet0'),(13,168,'','Tunnel210'),(13,170,'','GigabitEthernet0/5'),(13,172,'','Gi0/3'),(13,176,'','Gi0/5'),(13,177,'','Tu200'),(13,178,'','Tu206'),(13,182,'','Tunnel216'),(13,184,'','Gi0/0'),(13,185,'','Gi0/2'),(13,186,'','Vl252'),(13,187,'','Gi0/2'),(13,188,'','Gi0/3'),(13,193,'','Vl254'),(13,195,'','ethernet1/1'),(13,196,'','ethernet1/2'),(13,197,'','ethernet1/1.999'),(13,198,'','ethernet1/2.252'),(13,199,'','loopback.1'),(13,200,'','tunnel.200'),(13,201,'','tunnel.206'),(13,202,'','tunnel.210'),(13,203,'','tunnel.216'),(13,204,'','ethernet1/1'),(13,205,'','ethernet1/2'),(13,214,'','ethernet1/2.1251'),(13,217,'','mgmt'),(13,218,'','tunnel.2255'),(13,230,'','ethernet_32769'),(13,242,'','Gi0/1'),(13,243,'','Fa0/1'),(13,244,'','Fa0/2'),(13,245,'','Fa0/3'),(13,246,'','Fa0/4'),(13,247,'','Fa0/5'),(13,248,'','Fa0/6'),(13,249,'','Fa0/7'),(13,250,'','Fa0/8'),(13,251,'','Gi0/1'),(13,254,'','Fa0/1'),(13,255,'','Fa0/2'),(13,256,'','Fa0/3'),(13,257,'','Fa0/4'),(13,258,'','Fa0/5'),(13,259,'','Fa0/6'),(13,260,'','Fa0/7'),(13,261,'','Fa0/8'),(13,262,'','Gi0/1'),(13,283,'','ens192'),(13,285,'','ethernet1/2.11'),(13,286,'','ethernet1/2.14'),(13,287,'','ethernet1/2.16'),(13,288,'','ethernet1/2.4011'),(13,289,'','ethernet1/2.4014'),(13,290,'','ethernet1/2.4016'),(13,291,'','loopback.64'),(13,292,'','Gi0/4'),(13,293,'','Vl2012'),(13,294,'','Vl2001'),(13,295,'','Vl2010'),(13,296,'','Vl2019'),(13,297,'','Vl2020'),(13,298,'','Vl2022'),(13,299,'','Vl2029'),(13,300,'','Vl2254'),(13,301,'','Vl999'),(13,304,'','GigabitEthernet0/0/1'),(13,305,'','GE1/0'),(14,3,'on',''),(14,4,'on',''),(14,11,'','2'),(14,12,'','2'),(14,17,'','1'),(14,18,'','1'),(14,19,'','1'),(14,20,'','1'),(14,21,'','1'),(14,22,'','1'),(14,23,'','1'),(14,46,'','1'),(14,47,'','1'),(14,48,'','1'),(14,51,'','2'),(14,165,'','1'),(14,166,'','1'),(14,167,'','1'),(14,168,'','1'),(14,170,'','1'),(14,172,'','1'),(14,176,'','1'),(14,177,'','1'),(14,178,'','1'),(14,182,'','1'),(14,184,'','1'),(14,185,'','1'),(14,186,'','1'),(14,187,'','2'),(14,188,'','2'),(14,193,'','1'),(14,195,'','1'),(14,196,'','1'),(14,197,'','1'),(14,198,'','1'),(14,199,'','1'),(14,200,'','1'),(14,201,'','1'),(14,202,'','1'),(14,203,'','1'),(14,204,'','2'),(14,205,'','2'),(14,214,'','1'),(14,217,'','1'),(14,218,'','1'),(14,230,'','1'),(14,242,'','2'),(14,243,'','1'),(14,244,'','1'),(14,245,'','1'),(14,246,'','1'),(14,247,'','1'),(14,248,'','1'),(14,249,'','1'),(14,250,'','1'),(14,251,'','1'),(14,254,'','1'),(14,255,'','1'),(14,256,'','1'),(14,257,'','1'),(14,258,'','1'),(14,259,'','1'),(14,260,'','1'),(14,261,'','1'),(14,262,'','1'),(14,283,'','1'),(14,285,'','1'),(14,286,'','1'),(14,287,'','1'),(14,288,'','1'),(14,289,'','1'),(14,290,'','1'),(14,291,'','1'),(14,292,'','1'),(14,293,'','1'),(14,294,'','1'),(14,295,'','1'),(14,296,'','1'),(14,297,'','1'),(14,298,'','1'),(14,299,'','1'),(14,300,'','1'),(14,301,'','1'),(14,304,'','1'),(14,305,'','1'),(35,6,'on',''),(35,7,'on',''),(35,36,'','hrProcessorFrwID'),(35,37,'','hrProcessorFrwID'),(35,38,'','hrProcessorFrwID'),(35,39,'','hrProcessorFrwID'),(35,40,'','hrProcessorFrwID'),(35,41,'','hrProcessorFrwID'),(35,42,'','hrProcessorFrwID'),(35,43,'','hrProcessorFrwID'),(35,124,'','hrStorageDescr'),(35,125,'','hrProcessorFrwID'),(35,126,'','hrProcessorFrwID'),(35,127,'','hrProcessorFrwID'),(35,128,'','hrProcessorFrwID'),(35,129,'','hrProcessorFrwID'),(35,130,'','hrProcessorFrwID'),(35,131,'','hrProcessorFrwID'),(35,132,'','hrProcessorFrwID'),(35,133,'','hrProcessorFrwID'),(35,220,'','hrStorageDescr'),(35,221,'','hrStorageDescr'),(35,222,'','hrStorageDescr'),(35,223,'','hrStorageDescr'),(35,224,'','hrStorageDescr'),(35,225,'','hrProcessorFrwID'),(35,226,'','hrProcessorFrwID'),(35,227,'','hrProcessorFrwID'),(35,228,'','hrProcessorFrwID'),(35,229,'','hrProcessorFrwID'),(35,265,'','hrStorageDescr'),(35,266,'','hrStorageDescr'),(35,267,'','hrStorageDescr'),(35,268,'','hrStorageDescr'),(35,269,'','hrStorageDescr'),(35,270,'','hrStorageDescr'),(35,271,'','hrStorageDescr'),(35,272,'','hrStorageDescr'),(35,273,'','hrStorageDescr'),(35,274,'','hrStorageDescr'),(35,275,'','hrStorageDescr'),(35,276,'','hrStorageDescr'),(35,277,'','hrStorageDescr'),(35,278,'','hrProcessorFrwID'),(35,279,'','hrProcessorFrwID'),(35,280,'','hrProcessorFrwID'),(35,281,'','hrProcessorFrwID'),(35,282,'','hrProcessorFrwID'),(36,6,'on',''),(36,7,'on',''),(36,36,'',''),(36,37,'',''),(36,38,'',''),(36,39,'',''),(36,40,'',''),(36,41,'',''),(36,42,'',''),(36,43,'','Total'),(36,124,'','Real Memory'),(36,125,'','0'),(36,126,'','1'),(36,127,'','2'),(36,128,'','3'),(36,129,'','4'),(36,130,'','5'),(36,131,'','6'),(36,132,'','7'),(36,133,'','Total'),(36,220,'','C: Label:  Serial Number 5c53e558'),(36,221,'','D: Label:.{.....[..  Serial Number 4ef25db'),(36,222,'','E:'),(36,223,'','Virtual Memory'),(36,224,'','Physical Memory'),(36,225,'','0'),(36,226,'','1'),(36,227,'','2'),(36,228,'','3'),(36,229,'','Total'),(36,265,'','Physical memory'),(36,266,'','Virtual memory'),(36,267,'','Memory buffers'),(36,268,'','Cached memory'),(36,269,'','Shared memory'),(36,270,'','Swap space'),(36,271,'','/dev/shm'),(36,272,'','/run'),(36,273,'','/sys/fs/cgroup'),(36,274,'','/'),(36,275,'','/boot'),(36,276,'','/boot/efi'),(36,277,'','/run/user/1000'),(36,278,'','0'),(36,279,'','1'),(36,280,'','2'),(36,281,'','3'),(36,282,'','Total'),(37,6,'on',''),(37,7,'on',''),(37,36,'','3'),(37,37,'','3'),(37,38,'','3'),(37,39,'','3'),(37,40,'','3'),(37,41,'','3'),(37,42,'','3'),(37,43,'','4'),(37,124,'','3'),(37,125,'','4'),(37,126,'','4'),(37,127,'','4'),(37,128,'','4'),(37,129,'','4'),(37,130,'','4'),(37,131,'','4'),(37,132,'','4'),(37,133,'','4'),(37,220,'','3'),(37,221,'','3'),(37,222,'','3'),(37,223,'','3'),(37,224,'','3'),(37,225,'','4'),(37,226,'','4'),(37,227,'','4'),(37,228,'','4'),(37,229,'','4'),(37,265,'','3'),(37,266,'','3'),(37,267,'','3'),(37,268,'','3'),(37,269,'','3'),(37,270,'','3'),(37,271,'','3'),(37,272,'','3'),(37,273,'','3'),(37,274,'','3'),(37,275,'','3'),(37,276,'','3'),(37,277,'','3'),(37,278,'','4'),(37,279,'','4'),(37,280,'','4'),(37,281,'','4'),(37,282,'','4'),(39,3,'',''),(39,4,'',''),(39,11,NULL,'161'),(39,12,NULL,'161'),(39,17,NULL,'161'),(39,18,NULL,'161'),(39,19,NULL,'161'),(39,20,NULL,'161'),(39,21,NULL,'161'),(39,22,NULL,'161'),(39,23,NULL,'161'),(39,46,NULL,'161'),(39,47,NULL,'161'),(39,48,NULL,'161'),(39,51,NULL,'161'),(39,165,NULL,'161'),(39,166,NULL,'161'),(39,167,NULL,'161'),(39,168,NULL,'161'),(39,170,NULL,'161'),(39,172,NULL,'161'),(39,176,NULL,'161'),(39,177,NULL,'161'),(39,178,NULL,'161'),(39,182,NULL,'161'),(39,184,NULL,'161'),(39,185,NULL,'161'),(39,186,NULL,'161'),(39,187,NULL,'161'),(39,188,NULL,'161'),(39,193,NULL,'161'),(39,195,NULL,'161'),(39,196,NULL,'161'),(39,197,NULL,'161'),(39,198,NULL,'161'),(39,199,NULL,'161'),(39,200,NULL,'161'),(39,201,NULL,'161'),(39,202,NULL,'161'),(39,203,NULL,'161'),(39,204,NULL,'161'),(39,205,NULL,'161'),(39,214,NULL,'161'),(39,217,NULL,'161'),(39,218,NULL,'161'),(39,230,NULL,'161'),(39,242,NULL,'161'),(39,243,NULL,'161'),(39,244,NULL,'161'),(39,245,NULL,'161'),(39,246,NULL,'161'),(39,247,NULL,'161'),(39,248,NULL,'161'),(39,249,NULL,'161'),(39,250,NULL,'161'),(39,251,NULL,'161'),(39,254,NULL,'161'),(39,255,NULL,'161'),(39,256,NULL,'161'),(39,257,NULL,'161'),(39,258,NULL,'161'),(39,259,NULL,'161'),(39,260,NULL,'161'),(39,261,NULL,'161'),(39,262,NULL,'161'),(39,283,NULL,'161'),(39,285,NULL,'161'),(39,286,NULL,'161'),(39,287,NULL,'161'),(39,288,NULL,'161'),(39,289,NULL,'161'),(39,290,NULL,'161'),(39,291,NULL,'161'),(39,292,NULL,'161'),(39,293,NULL,'161'),(39,294,NULL,'161'),(39,295,NULL,'161'),(39,296,NULL,'161'),(39,297,NULL,'161'),(39,298,NULL,'161'),(39,299,NULL,'161'),(39,300,NULL,'161'),(39,301,NULL,'161'),(39,304,NULL,'161'),(39,305,NULL,'161'),(40,1,'',''),(40,9,NULL,'161'),(40,45,NULL,'161'),(40,164,NULL,'161'),(40,232,NULL,'161'),(40,252,NULL,'161'),(40,302,NULL,'161'),(41,1,'',''),(41,9,NULL,''),(41,45,NULL,''),(41,164,NULL,''),(41,232,NULL,''),(41,252,NULL,''),(41,302,NULL,''),(42,1,'',''),(42,9,NULL,''),(42,45,NULL,''),(42,164,NULL,''),(42,232,NULL,''),(42,252,NULL,''),(42,302,NULL,''),(43,1,'',''),(43,9,NULL,''),(43,45,NULL,''),(43,164,NULL,''),(43,232,NULL,''),(43,252,NULL,''),(43,302,NULL,''),(44,3,'',''),(44,4,'',''),(44,11,NULL,''),(44,12,NULL,''),(44,17,NULL,''),(44,18,NULL,''),(44,19,NULL,''),(44,20,NULL,''),(44,21,NULL,''),(44,22,NULL,''),(44,23,NULL,''),(44,46,NULL,''),(44,47,NULL,''),(44,48,NULL,''),(44,51,NULL,''),(44,165,NULL,''),(44,166,NULL,''),(44,167,NULL,''),(44,168,NULL,''),(44,170,NULL,''),(44,172,NULL,''),(44,176,NULL,''),(44,177,NULL,''),(44,178,NULL,''),(44,182,NULL,''),(44,184,NULL,''),(44,185,NULL,''),(44,186,NULL,''),(44,187,NULL,''),(44,188,NULL,''),(44,193,NULL,''),(44,195,NULL,''),(44,196,NULL,''),(44,197,NULL,''),(44,198,NULL,''),(44,199,NULL,''),(44,200,NULL,''),(44,201,NULL,''),(44,202,NULL,''),(44,203,NULL,''),(44,204,NULL,''),(44,205,NULL,''),(44,214,NULL,''),(44,217,NULL,''),(44,218,NULL,''),(44,230,NULL,''),(44,242,NULL,''),(44,243,NULL,''),(44,244,NULL,''),(44,245,NULL,''),(44,246,NULL,''),(44,247,NULL,''),(44,248,NULL,''),(44,249,NULL,''),(44,250,NULL,''),(44,251,NULL,''),(44,254,NULL,''),(44,255,NULL,''),(44,256,NULL,''),(44,257,NULL,''),(44,258,NULL,''),(44,259,NULL,''),(44,260,NULL,''),(44,261,NULL,''),(44,262,NULL,''),(44,283,NULL,''),(44,285,NULL,''),(44,286,NULL,''),(44,287,NULL,''),(44,288,NULL,''),(44,289,NULL,''),(44,290,NULL,''),(44,291,NULL,''),(44,292,NULL,''),(44,293,NULL,''),(44,294,NULL,''),(44,295,NULL,''),(44,296,NULL,''),(44,297,NULL,''),(44,298,NULL,''),(44,299,NULL,''),(44,300,NULL,''),(44,301,NULL,''),(44,304,NULL,''),(44,305,NULL,''),(45,3,'',''),(45,4,'',''),(45,11,NULL,''),(45,12,NULL,''),(45,17,NULL,''),(45,18,NULL,''),(45,19,NULL,''),(45,20,NULL,''),(45,21,NULL,''),(45,22,NULL,''),(45,23,NULL,''),(45,46,NULL,''),(45,47,NULL,''),(45,48,NULL,''),(45,51,NULL,''),(45,165,NULL,''),(45,166,NULL,''),(45,167,NULL,''),(45,168,NULL,''),(45,170,NULL,''),(45,172,NULL,''),(45,176,NULL,''),(45,177,NULL,''),(45,178,NULL,''),(45,182,NULL,''),(45,184,NULL,''),(45,185,NULL,''),(45,186,NULL,''),(45,187,NULL,''),(45,188,NULL,''),(45,193,NULL,''),(45,195,NULL,''),(45,196,NULL,''),(45,197,NULL,''),(45,198,NULL,''),(45,199,NULL,''),(45,200,NULL,''),(45,201,NULL,''),(45,202,NULL,''),(45,203,NULL,''),(45,204,NULL,''),(45,205,NULL,''),(45,214,NULL,''),(45,217,NULL,''),(45,218,NULL,''),(45,230,NULL,''),(45,242,NULL,''),(45,243,NULL,''),(45,244,NULL,''),(45,245,NULL,''),(45,246,NULL,''),(45,247,NULL,''),(45,248,NULL,''),(45,249,NULL,''),(45,250,NULL,''),(45,251,NULL,''),(45,254,NULL,''),(45,255,NULL,''),(45,256,NULL,''),(45,257,NULL,''),(45,258,NULL,''),(45,259,NULL,''),(45,260,NULL,''),(45,261,NULL,''),(45,262,NULL,''),(45,283,NULL,''),(45,285,NULL,''),(45,286,NULL,''),(45,287,NULL,''),(45,288,NULL,''),(45,289,NULL,''),(45,290,NULL,''),(45,291,NULL,''),(45,292,NULL,''),(45,293,NULL,''),(45,294,NULL,''),(45,295,NULL,''),(45,296,NULL,''),(45,297,NULL,''),(45,298,NULL,''),(45,299,NULL,''),(45,300,NULL,''),(45,301,NULL,''),(45,304,NULL,''),(45,305,NULL,''),(46,3,'',''),(46,4,'',''),(46,11,NULL,''),(46,12,NULL,''),(46,17,NULL,''),(46,18,NULL,''),(46,19,NULL,''),(46,20,NULL,''),(46,21,NULL,''),(46,22,NULL,''),(46,23,NULL,''),(46,46,NULL,''),(46,47,NULL,''),(46,48,NULL,''),(46,51,NULL,''),(46,165,NULL,''),(46,166,NULL,''),(46,167,NULL,''),(46,168,NULL,''),(46,170,NULL,''),(46,172,NULL,''),(46,176,NULL,''),(46,177,NULL,''),(46,178,NULL,''),(46,182,NULL,''),(46,184,NULL,''),(46,185,NULL,''),(46,186,NULL,''),(46,187,NULL,''),(46,188,NULL,''),(46,193,NULL,''),(46,195,NULL,''),(46,196,NULL,''),(46,197,NULL,''),(46,198,NULL,''),(46,199,NULL,''),(46,200,NULL,''),(46,201,NULL,''),(46,202,NULL,''),(46,203,NULL,''),(46,204,NULL,''),(46,205,NULL,''),(46,214,NULL,''),(46,217,NULL,''),(46,218,NULL,''),(46,230,NULL,''),(46,242,NULL,''),(46,243,NULL,''),(46,244,NULL,''),(46,245,NULL,''),(46,246,NULL,''),(46,247,NULL,''),(46,248,NULL,''),(46,249,NULL,''),(46,250,NULL,''),(46,251,NULL,''),(46,254,NULL,''),(46,255,NULL,''),(46,256,NULL,''),(46,257,NULL,''),(46,258,NULL,''),(46,259,NULL,''),(46,260,NULL,''),(46,261,NULL,''),(46,262,NULL,''),(46,283,NULL,''),(46,285,NULL,''),(46,286,NULL,''),(46,287,NULL,''),(46,288,NULL,''),(46,289,NULL,''),(46,290,NULL,''),(46,291,NULL,''),(46,292,NULL,''),(46,293,NULL,''),(46,294,NULL,''),(46,295,NULL,''),(46,296,NULL,''),(46,297,NULL,''),(46,298,NULL,''),(46,299,NULL,''),(46,300,NULL,''),(46,301,NULL,''),(46,304,NULL,''),(46,305,NULL,''),(52,2,'',''),(52,8,NULL,'10.254.0.1'),(52,34,NULL,'10.254.10.105'),(52,44,NULL,'10.1.0.1'),(52,122,NULL,'10.254.110.193'),(52,163,NULL,'10.101.0.1'),(52,194,NULL,'10.254.254.252'),(52,219,NULL,'10.254.10.241'),(52,233,NULL,'10.254.254.1'),(52,253,NULL,'10.254.254.2'),(52,263,NULL,'10.254.10.251'),(52,284,NULL,'10.254.10.206'),(52,303,NULL,'10.254.10.201'),(53,2,'','10'),(53,8,'','10'),(53,34,'','10'),(53,44,'','10'),(53,122,'','10'),(53,163,'','10'),(53,194,'','10'),(53,219,'','10'),(53,233,'','10'),(53,253,'','10'),(53,263,'','10'),(53,284,'','10'),(53,303,'','10'),(54,2,'','ICMP'),(54,8,'','ICMP'),(54,34,'','ICMP'),(54,44,'','ICMP'),(54,122,'','ICMP'),(54,163,'','ICMP'),(54,194,'','ICMP'),(54,219,'','ICMP'),(54,233,'','ICMP'),(54,253,'','ICMP'),(54,263,'','ICMP'),(54,284,'','ICMP'),(54,303,'','ICMP'),(55,2,'',''),(55,8,'',''),(55,34,'',''),(55,44,'',''),(55,122,'',''),(55,163,'',''),(55,194,'',''),(55,219,'',''),(55,233,'',''),(55,253,'',''),(55,263,'',''),(55,284,'',''),(55,303,'',''),(56,5,'',''),(56,158,NULL,'161'),(56,264,NULL,'161'),(57,5,'',''),(57,158,NULL,'500'),(57,264,NULL,'500'),(58,5,'',''),(58,158,NULL,''),(58,264,NULL,''),(60,5,'',''),(60,158,NULL,''),(60,264,NULL,''),(62,5,'',''),(62,158,NULL,'rocomm'),(62,264,NULL,'rocomm'),(63,5,'',''),(63,158,NULL,'10.254.10.105'),(63,264,NULL,'10.254.10.251'),(65,5,'',''),(65,158,NULL,'2'),(65,264,NULL,'2'),(71,5,'',''),(71,158,NULL,''),(71,264,NULL,''),(72,5,'',''),(72,158,NULL,''),(72,264,NULL,''),(73,5,'',''),(73,158,NULL,''),(73,264,NULL,''),(74,5,'',''),(74,158,NULL,''),(74,264,NULL,'');
/*!40000 ALTER TABLE `data_input_data` ENABLE KEYS */;
UNLOCK TABLES;

--
-- Table structure for table `data_input_fields`
--

DROP TABLE IF EXISTS `data_input_fields`;
/*!40101 SET @saved_cs_client     = @@character_set_client */;
/*!40101 SET character_set_client = utf8 */;
CREATE TABLE `data_input_fields` (
  `id` mediumint(8) unsigned NOT NULL AUTO_INCREMENT,
  `hash` varchar(32) COLLATE utf8mb4_unicode_ci NOT NULL DEFAULT '',
  `data_input_id` mediumint(8) unsigned NOT NULL DEFAULT 0,
  `name` varchar(200) COLLATE utf8mb4_unicode_ci NOT NULL DEFAULT '',
  `data_name` varchar(50) COLLATE utf8mb4_unicode_ci NOT NULL DEFAULT '',
  `input_output` char(3) COLLATE utf8mb4_unicode_ci NOT NULL DEFAULT '',
  `update_rra` char(2) COLLATE utf8mb4_unicode_ci DEFAULT '0',
  `sequence` smallint(5) NOT NULL DEFAULT 0,
  `type_code` varchar(40) COLLATE utf8mb4_unicode_ci DEFAULT NULL,
  `regexp_match` varchar(200) COLLATE utf8mb4_unicode_ci DEFAULT NULL,
  `allow_nulls` char(2) COLLATE utf8mb4_unicode_ci DEFAULT NULL,
  PRIMARY KEY (`id`),
  KEY `data_input_id` (`data_input_id`),
  KEY `input_output` (`input_output`),
  KEY `type_code_data_input_id` (`type_code`,`data_input_id`)
) ENGINE=InnoDB AUTO_INCREMENT=75 DEFAULT CHARSET=utf8mb4 COLLATE=utf8mb4_unicode_ci ROW_FORMAT=DYNAMIC;
/*!40101 SET character_set_client = @saved_cs_client */;

--
-- Dumping data for table `data_input_fields`
--

LOCK TABLES `data_input_fields` WRITE;
/*!40000 ALTER TABLE `data_input_fields` DISABLE KEYS */;
INSERT INTO `data_input_fields` VALUES (1,'92f5906c8dc0f964b41f4253df582c38',1,'SNMP IP Address','management_ip','in','',0,'hostname','',''),(2,'32285d5bf16e56c478f5e83f32cda9ef',1,'SNMP Community','snmp_community','in','',0,'snmp_community','',''),(3,'ad14ac90641aed388139f6ba86a2e48b',1,'SNMP Username','snmp_username','in','',0,'snmp_username','','on'),(4,'9c55a74bd571b4f00a96fd4b793278c6',1,'SNMP Password','snmp_password','in','',0,'snmp_password','','on'),(5,'012ccb1d3687d3edb29c002ea66e72da',1,'SNMP Version (1, 2, or 3)','snmp_version','in','',0,'snmp_version','','on'),(6,'4276a5ec6e3fe33995129041b1909762',1,'OID','oid','in','',0,'snmp_oid','',''),(7,'617cdc8a230615e59f06f361ef6e7728',2,'SNMP IP Address','management_ip','in','',0,'hostname','',''),(8,'acb449d1451e8a2a655c2c99d31142c7',2,'SNMP Community','snmp_community','in','',0,'snmp_community','',''),(9,'f4facc5e2ca7ebee621f09bc6d9fc792',2,'SNMP Username (v3)','snmp_username','in','',0,'snmp_username','','on'),(10,'1cc1493a6781af2c478fa4de971531cf',2,'SNMP Password (v3)','snmp_password','in','',0,'snmp_password','','on'),(11,'b5c23f246559df38662c255f4aa21d6b',2,'SNMP Version (1, 2, or 3)','snmp_version','in','',0,'snmp_version','',''),(12,'6027a919c7c7731fbe095b6f53ab127b',2,'Index Type','index_type','in','',0,'index_type','',''),(13,'cbbe5c1ddfb264a6e5d509ce1c78c95f',2,'Index Value','index_value','in','',0,'index_value','','on'),(14,'e6deda7be0f391399c5130e7c4a48b28',2,'Output Type ID','output_type','in','',0,'output_type','',''),(31,'d39556ecad6166701bfb0e28c5a11108',11,'Index Type','index_type','in','',0,'index_type','',''),(32,'3b7caa46eb809fc238de6ef18b6e10d5',11,'Index Value','index_value','in','',0,'index_value','',''),(33,'74af2e42dc12956c4817c2ef5d9983f9',11,'Output Type ID','output_type','in','',0,'output_type','',''),(34,'8ae57f09f787656bf4ac541e8bd12537',11,'Output Value','output','out','on',0,'','',''),(35,'172b4b0eacee4948c6479f587b62e512',12,'Index Type','index_type','in','',0,'index_type','',''),(36,'30fb5d5bcf3d66bb5abe88596f357c26',12,'Index Value','index_value','in','',0,'index_value','',''),(37,'31112c85ae4ff821d3b288336288818c',12,'Output Type ID','output_type','in','',0,'output_type','',''),(38,'5be8fa85472d89c621790b43510b5043',12,'Output Value','output','out','on',0,'','',''),(39,'c1f36ee60c3dc98945556d57f26e475b',2,'SNMP Port','snmp_port','in','',0,'snmp_port','',''),(40,'fc64b99742ec417cc424dbf8c7692d36',1,'SNMP Port','snmp_port','in','',0,'snmp_port','',''),(41,'20832ce12f099c8e54140793a091af90',1,'SNMP Authenticaion Protocol (v3)','snmp_auth_protocol','in','',0,'snmp_auth_protocol','',''),(42,'c60c9aac1e1b3555ea0620b8bbfd82cb',1,'SNMP Privacy Passphrase (v3)','snmp_priv_passphrase','in','',0,'snmp_priv_passphrase','',''),(43,'feda162701240101bc74148415ef415a',1,'SNMP Privacy Protocol (v3)','snmp_priv_protocol','in','',0,'snmp_priv_protocol','',''),(44,'2cf7129ad3ff819a7a7ac189bee48ce8',2,'SNMP Authenticaion Protocol (v3)','snmp_auth_protocol','in','',0,'snmp_auth_protocol','',''),(45,'6b13ac0a0194e171d241d4b06f913158',2,'SNMP Privacy Passphrase (v3)','snmp_priv_passphrase','in','',0,'snmp_priv_passphrase','',''),(46,'3a33d4fc65b8329ab2ac46a36da26b72',2,'SNMP Privacy Protocol (v3)','snmp_priv_protocol','in','',0,'snmp_priv_protocol','',''),(47,'15748714320e221c723c5595feb244e7',13,'Loss','loss','out','on',0,'','',''),(48,'72a5c2209fdf920fb6c1ecfab14420b4',13,'Deviation','dev','out','on',0,'','',''),(49,'0f82cdd8c53130b92a64ff8e748ef26a',13,'Maximum','max','out','on',0,'','',''),(50,'d5c29836073d12c3c961fe2ed371d613',13,'Average','avg','out','on',0,'','',''),(51,'d925e1bfe111d30daf35d69afb2b3305',13,'Minimum','min','out','on',0,'','',''),(52,'96d16f176556dfeb5620d64cf916b88a',13,'Hostname or IP Address of the device to ping','hostname','in','',1,'hostname','',''),(53,'4042c506e261778066cbda27c21c9176',13,'The number of times to ping the host','attempts','in','',2,'','',''),(54,'1130c26c560d48191e3b1da07e26cfef',13,'Ping protocol to use.  Either ICMP (default), TCP, or UDP','protocol','in','',3,'','','on'),(55,'5f70f2d03d21300f664bfa84170f6641',13,'Port to ping.  Applies only to TCP and UDP protocols.','port','in','',4,'','','on'),(56,'4d495e10d1c702485c4753bdc41910d6',14,'SNMP port number','snmp_port','in','',4,'snmp_port','',''),(57,'4c04a173fca89d42f85ef40a68d3af37',14,'Timeout for SNMP queries','snmp_timeout','in','',5,'snmp_timeout','',''),(58,'6d4cbe6e6cd5e5ce6c534356559a9536',14,'SNMPv3 user password','snmp3_password','in','',7,'snmp_password','',''),(59,'787d10e5e6346e77d8ecfd95551f60b7',14,'Memory allocated to processes','usedReal','out','on',0,'','',''),(60,'e3265a4de7e403ecb80cc36e0875aa67',14,'SNMPv3 username','snmp3_username','in','',6,'snmp_username','','on'),(61,'c5fed724e9aba2b0467c36d053b748fa',14,'Swap memory allocated','usedSwap','out','on',0,'','',''),(62,'67d9e6b66844aa5d966a5fa798817456',14,'SNMP community','snmp_community','in','',3,'snmp_community','',''),(63,'6239cfa08a3fbaf0085780fc90efb1eb',14,'Target hostname/IP address','hostname','in','',1,'hostname','',''),(64,'45d116204cdaa69672da40681d73175d',14,'Total physical memory installed','totalReal','out','on',0,'','',''),(65,'47d9bb7e51bfde0d28835501dbd35381',14,'SNMP version','snmp_ver','in','',2,'snmp_version','',''),(66,'5aca8602e80d9061f0bc3253ccea760d',14,'Unallocated physical memory','availReal','out','on',0,'','',''),(67,'bb667f71df75ca81072155693a7456a8',14,'Memory allocated to buffers','memBuffer','out','on',0,'','',''),(68,'5618afca552b03cc8c893bf347b81b82',14,'Memory allocated to cache','memCached','out','on',0,'','',''),(69,'df81713f892f4e969b77dd6d948a79c4',14,'Total swap memory installed','totalSwap','out','on',0,'','',''),(70,'70d411e4f07f74fa5cf1ef4d4c29bf9c',14,'Unallocated swap memory','availSwap','out','on',0,'','',''),(71,'3d0bf842d3270f6654635d0c8923326b',14,'SNMPv3 authentication protocol','snmp3_authprot','in','',8,'snmp_auth_protocol','',''),(72,'e8e8364aa007bc128f9dc6573edb80f2',14,'SNMPv3 privilege passphrase','snmp3_privpass','in','',9,'snmp_priv_passphrase','',''),(73,'efb315ca833edf089a77eee2b43c61b6',14,'SNMPv3 privilege protocol','snmp3_privprot','in','',10,'snmp_priv_protocol','',''),(74,'eb8b1cb39b9c284ed08d77db79ae98f7',14,'SNMPv3 authentiation context','snmp3_context','in','',11,'snmp_context','','');
/*!40000 ALTER TABLE `data_input_fields` ENABLE KEYS */;
UNLOCK TABLES;

--
-- Table structure for table `data_local`
--

DROP TABLE IF EXISTS `data_local`;
/*!40101 SET @saved_cs_client     = @@character_set_client */;
/*!40101 SET character_set_client = utf8 */;
CREATE TABLE `data_local` (
  `id` mediumint(8) unsigned NOT NULL AUTO_INCREMENT,
  `data_template_id` mediumint(8) unsigned NOT NULL DEFAULT 0,
  `host_id` mediumint(8) unsigned NOT NULL DEFAULT 0,
  `snmp_query_id` mediumint(8) NOT NULL DEFAULT 0,
  `snmp_index` varchar(255) COLLATE utf8mb4_unicode_ci NOT NULL DEFAULT '',
  PRIMARY KEY (`id`),
  KEY `data_template_id` (`data_template_id`),
  KEY `snmp_query_id` (`snmp_query_id`),
  KEY `host_id_snmp_query_id` (`host_id`,`snmp_query_id`),
  KEY `snmp_index` (`snmp_index`)
) ENGINE=InnoDB AUTO_INCREMENT=299 DEFAULT CHARSET=utf8mb4 COLLATE=utf8mb4_unicode_ci ROW_FORMAT=DYNAMIC;
/*!40101 SET character_set_client = @saved_cs_client */;

--
-- Dumping data for table `data_local`
--

LOCK TABLES `data_local` WRITE;
/*!40000 ALTER TABLE `data_local` DISABLE KEYS */;
INSERT INTO `data_local` VALUES (1,2,1,0,''),(2,1,1,0,''),(4,3,1,1,'3'),(5,3,1,1,'4'),(10,4,1,1,'2'),(11,4,1,1,'3'),(12,4,1,1,'4'),(13,4,1,1,'10'),(14,4,1,1,'20'),(15,4,1,1,''),(16,4,1,1,''),(27,2,3,0,''),(29,6,3,2,'1'),(30,6,3,2,'3'),(31,6,3,2,'6'),(32,6,3,2,'7'),(33,6,3,2,'8'),(34,6,3,2,'10'),(35,6,3,2,'31'),(36,7,3,3,'4000'),(37,2,4,0,''),(38,1,4,0,''),(39,4,4,1,''),(40,4,4,1,''),(41,4,4,1,''),(44,3,4,1,''),(115,2,12,0,''),(117,6,12,2,'5'),(118,7,12,3,'0'),(119,7,12,3,'1'),(120,7,12,3,'2'),(121,7,12,3,'3'),(122,7,12,3,'4'),(123,7,12,3,'5'),(124,7,12,3,'6'),(125,7,12,3,'7'),(126,7,12,3,'4000'),(151,5,3,0,''),(156,2,15,0,''),(157,1,15,0,''),(158,4,15,1,'6'),(159,4,15,1,'7'),(160,4,15,1,'13'),(161,4,15,1,'43'),(163,4,15,1,''),(165,4,1,1,'6'),(169,4,4,1,'2'),(170,4,4,1,'28'),(171,4,4,1,''),(175,4,15,1,'48'),(177,4,4,1,'3'),(178,4,1,1,'5'),(179,4,1,1,'41'),(180,3,1,1,'5'),(181,3,1,1,'6'),(186,4,1,1,'37'),(187,2,17,0,''),(188,4,17,1,'4'),(189,4,17,1,'5'),(190,4,17,1,''),(191,4,17,1,'101020252'),(192,4,17,1,'300000001'),(193,4,17,1,'400000200'),(194,4,17,1,'400000206'),(195,4,17,1,'400000210'),(196,4,17,1,'400000216'),(197,3,17,1,'4'),(198,3,17,1,'5'),(207,4,17,1,''),(210,4,17,1,'3'),(211,4,17,1,'400002255'),(212,2,18,0,''),(213,6,18,2,'1'),(214,6,18,2,''),(215,6,18,2,'2'),(216,6,18,2,'4'),(217,6,18,2,'5'),(218,7,18,3,'0'),(219,7,18,3,'1'),(220,7,18,3,'2'),(221,7,18,3,'3'),(222,7,18,3,'4000'),(223,4,18,1,'8'),(225,1,19,0,''),(226,2,19,0,''),(235,3,19,1,'10101'),(236,4,19,1,'10001'),(237,4,19,1,'10002'),(238,4,19,1,'10003'),(239,4,19,1,'10004'),(240,4,19,1,'10005'),(241,4,19,1,'10006'),(242,4,19,1,'10007'),(243,4,19,1,'10008'),(244,4,19,1,'10101'),(245,1,20,0,''),(246,2,20,0,''),(247,4,20,1,'10001'),(248,4,20,1,'10002'),(249,4,20,1,'10003'),(250,4,20,1,'10004'),(251,4,20,1,'10005'),(252,4,20,1,'10006'),(253,4,20,1,'10007'),(254,4,20,1,'10008'),(255,4,20,1,'10101'),(256,2,21,0,''),(257,5,21,0,''),(258,6,21,2,'1'),(259,6,21,2,'3'),(260,6,21,2,'6'),(261,6,21,2,'7'),(262,6,21,2,'8'),(263,6,21,2,'10'),(264,6,21,2,'35'),(265,6,21,2,'37'),(266,6,21,2,'38'),(267,6,21,2,'55'),(268,6,21,2,'60'),(269,6,21,2,'61'),(270,6,21,2,'82'),(271,7,21,3,'0'),(272,7,21,3,'1'),(273,7,21,3,'2'),(274,7,21,3,'3'),(275,7,21,3,'4000'),(276,4,21,1,'2'),(277,2,22,0,''),(278,4,17,1,'101020011'),(279,4,17,1,''),(280,4,17,1,'101020016'),(281,4,17,1,'101024011'),(282,4,17,1,''),(283,4,17,1,'101024016'),(284,4,17,1,'300000064'),(285,4,4,1,'1'),(286,4,4,1,'29'),(287,4,4,1,'37'),(288,4,4,1,'38'),(289,4,4,1,'39'),(290,4,4,1,'40'),(291,4,4,1,'41'),(292,4,4,1,'43'),(293,4,4,1,'44'),(294,4,4,1,'48'),(295,1,23,0,''),(296,2,23,0,''),(297,4,23,1,'1'),(298,4,22,1,'4097');
/*!40000 ALTER TABLE `data_local` ENABLE KEYS */;
UNLOCK TABLES;

--
-- Table structure for table `data_source_profiles`
--

DROP TABLE IF EXISTS `data_source_profiles`;
/*!40101 SET @saved_cs_client     = @@character_set_client */;
/*!40101 SET character_set_client = utf8 */;
CREATE TABLE `data_source_profiles` (
  `id` mediumint(8) unsigned NOT NULL AUTO_INCREMENT,
  `hash` varchar(32) COLLATE utf8mb4_unicode_ci NOT NULL DEFAULT '',
  `name` varchar(255) COLLATE utf8mb4_unicode_ci NOT NULL DEFAULT '',
  `step` int(10) unsigned NOT NULL DEFAULT 300,
  `heartbeat` int(10) unsigned NOT NULL DEFAULT 600,
  `x_files_factor` double DEFAULT 0.5,
  `default` char(2) COLLATE utf8mb4_unicode_ci DEFAULT '',
  PRIMARY KEY (`id`),
  KEY `name` (`name`(171))
) ENGINE=InnoDB AUTO_INCREMENT=4 DEFAULT CHARSET=utf8mb4 COLLATE=utf8mb4_unicode_ci ROW_FORMAT=DYNAMIC COMMENT='Stores Data Source Profiles';
/*!40101 SET character_set_client = @saved_cs_client */;

--
-- Dumping data for table `data_source_profiles`
--

LOCK TABLES `data_source_profiles` WRITE;
/*!40000 ALTER TABLE `data_source_profiles` DISABLE KEYS */;
INSERT INTO `data_source_profiles` VALUES (1,'d62c52891f4f9688729a5bc9fad91b18','System Default',300,600,0.5,''),(2,'c0dd0e46b9ca268e7ed4162d329f9215','High Collection Rate',30,1200,0.5,''),(3,'72ebeba35b3a812a9ab9719cbcb0b7d4','1.5Years',300,600,0.5,'on');
/*!40000 ALTER TABLE `data_source_profiles` ENABLE KEYS */;
UNLOCK TABLES;

--
-- Table structure for table `data_source_profiles_cf`
--

DROP TABLE IF EXISTS `data_source_profiles_cf`;
/*!40101 SET @saved_cs_client     = @@character_set_client */;
/*!40101 SET character_set_client = utf8 */;
CREATE TABLE `data_source_profiles_cf` (
  `data_source_profile_id` mediumint(8) unsigned NOT NULL DEFAULT 0,
  `consolidation_function_id` smallint(5) unsigned NOT NULL DEFAULT 0,
  PRIMARY KEY (`data_source_profile_id`,`consolidation_function_id`),
  KEY `data_source_profile_id` (`data_source_profile_id`)
) ENGINE=InnoDB DEFAULT CHARSET=utf8mb4 COLLATE=utf8mb4_unicode_ci ROW_FORMAT=DYNAMIC COMMENT='Maps the Data Source Profile Consolidation Functions';
/*!40101 SET character_set_client = @saved_cs_client */;

--
-- Dumping data for table `data_source_profiles_cf`
--

LOCK TABLES `data_source_profiles_cf` WRITE;
/*!40000 ALTER TABLE `data_source_profiles_cf` DISABLE KEYS */;
INSERT INTO `data_source_profiles_cf` VALUES (1,1),(1,2),(1,3),(1,4),(2,1),(2,2),(2,3),(2,4),(3,1),(3,2),(3,3),(3,4);
/*!40000 ALTER TABLE `data_source_profiles_cf` ENABLE KEYS */;
UNLOCK TABLES;

--
-- Table structure for table `data_source_profiles_rra`
--

DROP TABLE IF EXISTS `data_source_profiles_rra`;
/*!40101 SET @saved_cs_client     = @@character_set_client */;
/*!40101 SET character_set_client = utf8 */;
CREATE TABLE `data_source_profiles_rra` (
  `id` mediumint(8) unsigned NOT NULL AUTO_INCREMENT,
  `data_source_profile_id` mediumint(8) unsigned NOT NULL DEFAULT 0,
  `name` varchar(255) COLLATE utf8mb4_unicode_ci NOT NULL DEFAULT '',
  `steps` int(10) unsigned DEFAULT 1,
  `rows` int(10) unsigned NOT NULL DEFAULT 700,
  `timespan` int(10) unsigned NOT NULL DEFAULT 0,
  PRIMARY KEY (`id`),
  KEY `data_source_profile_id` (`data_source_profile_id`)
) ENGINE=InnoDB AUTO_INCREMENT=13 DEFAULT CHARSET=utf8mb4 COLLATE=utf8mb4_unicode_ci ROW_FORMAT=DYNAMIC COMMENT='Stores RRA Definitions for Data Source Profiles';
/*!40101 SET character_set_client = @saved_cs_client */;

--
-- Dumping data for table `data_source_profiles_rra`
--

LOCK TABLES `data_source_profiles_rra` WRITE;
/*!40000 ALTER TABLE `data_source_profiles_rra` DISABLE KEYS */;
INSERT INTO `data_source_profiles_rra` VALUES (1,1,'Daily (5 Minute Average)',1,600,86400),(2,1,'Weekly (30 Minute Average)',6,700,604800),(3,1,'Monthly (2 Hour Average)',24,775,2618784),(4,1,'Yearly (1 Day Average)',288,797,31536000),(5,2,'30 Second Samples',1,1500,86400),(6,2,'15 Minute Average',30,1346,604800),(7,2,'1 Hour Average',120,1445,2618784),(8,2,'4 Hour Average',480,4380,31536000),(9,3,'Daily',1,157680,86400),(10,3,'Weekly',6,26280,604800),(11,3,'Monthly',24,6570,2618784),(12,3,'Yearly',288,547,31536000);
/*!40000 ALTER TABLE `data_source_profiles_rra` ENABLE KEYS */;
UNLOCK TABLES;

--
-- Table structure for table `data_source_purge_action`
--

DROP TABLE IF EXISTS `data_source_purge_action`;
/*!40101 SET @saved_cs_client     = @@character_set_client */;
/*!40101 SET character_set_client = utf8 */;
CREATE TABLE `data_source_purge_action` (
  `id` int(10) unsigned NOT NULL AUTO_INCREMENT,
  `name` varchar(128) COLLATE utf8mb4_unicode_ci NOT NULL DEFAULT '',
  `local_data_id` mediumint(8) unsigned NOT NULL DEFAULT 0,
  `action` tinyint(2) NOT NULL DEFAULT 0,
  PRIMARY KEY (`id`),
  UNIQUE KEY `name` (`name`)
) ENGINE=InnoDB DEFAULT CHARSET=utf8mb4 COLLATE=utf8mb4_unicode_ci ROW_FORMAT=DYNAMIC COMMENT='RRD Cleaner File Actions';
/*!40101 SET character_set_client = @saved_cs_client */;

--
-- Dumping data for table `data_source_purge_action`
--

LOCK TABLES `data_source_purge_action` WRITE;
/*!40000 ALTER TABLE `data_source_purge_action` DISABLE KEYS */;
/*!40000 ALTER TABLE `data_source_purge_action` ENABLE KEYS */;
UNLOCK TABLES;

--
-- Table structure for table `data_source_purge_temp`
--

DROP TABLE IF EXISTS `data_source_purge_temp`;
/*!40101 SET @saved_cs_client     = @@character_set_client */;
/*!40101 SET character_set_client = utf8 */;
CREATE TABLE `data_source_purge_temp` (
  `id` int(10) unsigned NOT NULL AUTO_INCREMENT,
  `name_cache` varchar(255) COLLATE utf8mb4_unicode_ci NOT NULL DEFAULT '',
  `local_data_id` mediumint(8) unsigned NOT NULL DEFAULT 0,
  `name` varchar(128) COLLATE utf8mb4_unicode_ci NOT NULL DEFAULT '',
  `size` int(10) unsigned NOT NULL DEFAULT 0,
  `last_mod` timestamp NOT NULL DEFAULT '0000-00-00 00:00:00',
  `in_cacti` tinyint(4) NOT NULL DEFAULT 0,
  `data_template_id` mediumint(8) unsigned NOT NULL DEFAULT 0,
  PRIMARY KEY (`id`),
  UNIQUE KEY `name` (`name`),
  KEY `local_data_id` (`local_data_id`),
  KEY `in_cacti` (`in_cacti`),
  KEY `data_template_id` (`data_template_id`)
) ENGINE=InnoDB AUTO_INCREMENT=257 DEFAULT CHARSET=utf8mb4 COLLATE=utf8mb4_unicode_ci ROW_FORMAT=DYNAMIC COMMENT='RRD Cleaner File Repository';
/*!40101 SET character_set_client = @saved_cs_client */;

--
-- Dumping data for table `data_source_purge_temp`
--

LOCK TABLES `data_source_purge_temp` WRITE;
/*!40000 ALTER TABLE `data_source_purge_temp` DISABLE KEYS */;
INSERT INTO `data_source_purge_temp` VALUES (1,'Rdc01 -  Advanced Ping',1,'rdc01_loss_1.rrd',30582072,'2020-03-05 09:10:12',1,2),(2,'Rdc01 - 5 Minute CPU',2,'rdc01_5min_cpu_2.rrd',6118168,'2020-03-05 09:10:13',1,1),(3,'Rdc01 - Errors - Gi0/0',4,'rdc01_errors_in_4.rrd',24466096,'2020-03-05 09:10:13',1,3),(4,'Rdc01 - Errors - Gi0/1',5,'rdc01_errors_in_5.rrd',24466096,'2020-03-05 09:10:13',1,3),(5,'Rdc01 - Traffic - Gi0/5',10,'rdc01_traffic_in_10.rrd',12234144,'2020-03-05 09:10:13',1,4),(6,'Rdc01 - Traffic - Gi0/0',11,'rdc01_traffic_in_11.rrd',12234144,'2020-03-05 09:10:13',1,4),(7,'Rdc01 - Traffic - Gi0/1',12,'rdc01_traffic_in_12.rrd',12234144,'2020-03-05 09:10:13',1,4),(8,'Rdc01 - Traffic - Vl10',13,'rdc01_traffic_in_13.rrd',12234144,'2020-03-05 09:10:13',1,4),(9,'Rdc01 - Traffic - Vl110',14,'rdc01_traffic_in_14.rrd',12234144,'2020-03-05 09:10:13',1,4),(10,'Rdc01 - Traffic - Tu200',15,'rdc01_traffic_in_15.rrd',12234144,'2020-01-14 15:30:59',1,4),(11,'Rdc01 - Traffic - Tu210',16,'rdc01_traffic_in_16.rrd',12234144,'2020-01-14 15:30:59',1,4),(12,'VMinfraserv05(cacti) -  Advanced Ping',27,'vminfraserv05cacti_loss_27.rrd',30582072,'2020-03-05 09:10:12',1,2),(13,'VMinfraserv05(cacti) - Hard Drive Space',29,'vminfraserv05cacti_hdd_used_29.rrd',12234144,'2020-03-05 09:10:12',1,6),(14,'VMinfraserv05(cacti) - Hard Drive Space',30,'vminfraserv05cacti_hdd_used_30.rrd',12234144,'2020-03-05 09:10:12',1,6),(15,'VMinfraserv05(cacti) - Hard Drive Space',31,'vminfraserv05cacti_hdd_used_31.rrd',12234144,'2020-03-05 09:10:12',1,6),(16,'VMinfraserv05(cacti) - Hard Drive Space',32,'vminfraserv05cacti_hdd_used_32.rrd',12234144,'2020-03-05 09:10:12',1,6),(17,'VMinfraserv05(cacti) - Hard Drive Space',33,'vminfraserv05cacti_hdd_used_33.rrd',12234144,'2020-03-05 09:10:12',1,6),(18,'VMinfraserv05(cacti) - Hard Drive Space',34,'vminfraserv05cacti_hdd_used_34.rrd',12234144,'2020-03-05 09:10:12',1,6),(19,'VMinfraserv05(cacti) - Hard Drive Space',35,'vminfraserv05cacti_hdd_used_35.rrd',12234144,'2020-03-05 09:10:12',1,6),(20,'VMinfraserv05(cacti) - CPU Utilization - CPUTotal',36,'vminfraserv05cacti_cpu_36.rrd',6118168,'2020-03-05 09:10:12',1,7),(21,'Rhq01 -  Advanced Ping',37,'rhq01_loss_37.rrd',30582072,'2020-03-05 09:10:11',1,2),(22,'Rhq01 - 5 Minute CPU',38,'rhq01_5min_cpu_38.rrd',6118168,'2020-03-05 09:10:11',1,1),(23,'Rhq01 - Traffic - Fa2',39,'rhq01_traffic_in_39.rrd',12234144,'2019-05-04 09:20:09',1,4),(24,'Rhq01 - Traffic - Fa3',40,'rhq01_traffic_in_40.rrd',12234144,'2019-05-04 09:20:09',1,4),(25,'Rhq01 - Traffic - Gi0',41,'rhq01_traffic_in_41.rrd',12234144,'2019-05-04 09:20:09',1,4),(26,'Rhq01 - Errors - Gi0',44,'rhq01_discards_in_44.rrd',24466096,'2019-05-04 09:20:09',1,3),(27,'esxi01 -  Advanced Ping',115,'esxi01_loss_115.rrd',30582072,'2020-03-05 09:10:12',1,2),(28,'esxi01 - Hard Drive Space',117,'esxi01_hdd_used_117.rrd',12234144,'2020-03-05 09:10:12',1,6),(29,'esxi01 - CPU Utilization - CPU0',118,'esxi01_cpu_118.rrd',6118168,'2020-03-05 09:10:12',1,7),(30,'esxi01 - CPU Utilization - CPU1',119,'esxi01_cpu_119.rrd',6118168,'2020-03-05 09:10:12',1,7),(31,'esxi01 - CPU Utilization - CPU2',120,'esxi01_cpu_120.rrd',6118168,'2020-03-05 09:10:12',1,7),(32,'esxi01 - CPU Utilization - CPU3',121,'esxi01_cpu_121.rrd',6118168,'2020-03-05 09:10:12',1,7),(33,'esxi01 - CPU Utilization - CPU4',122,'esxi01_cpu_122.rrd',6118168,'2020-03-05 09:10:12',1,7),(34,'esxi01 - CPU Utilization - CPU5',123,'esxi01_cpu_123.rrd',6118168,'2020-03-05 09:10:12',1,7),(35,'esxi01 - CPU Utilization - CPU6',124,'esxi01_cpu_124.rrd',6118168,'2020-03-05 09:10:12',1,7),(36,'esxi01 - CPU Utilization - CPU7',125,'esxi01_cpu_125.rrd',6118168,'2020-03-05 09:10:12',1,7),(37,'esxi01 - CPU Utilization - CPUTotal',126,'esxi01_cpu_126.rrd',6118168,'2020-03-05 09:10:12',1,7),(38,'VMinfraserv05(cacti) - Memory Usage',151,'vminfraserv05cacti_usedreal_151.rrd',48930000,'2020-03-05 09:10:12',1,5),(39,'Rbranch01 -  Advanced Ping',156,'rbranch01_loss_156.rrd',30582072,'2019-08-15 00:10:07',1,2),(40,'Rbranch01 - 5 Minute CPU',157,'rbranch01_5min_cpu_157.rrd',6118168,'2019-08-15 00:10:07',1,1),(41,'Rbranch01 - Traffic - Fa2',158,'rbranch01_traffic_in_158.rrd',12234144,'2019-08-15 00:10:07',1,4),(42,'Rbranch01 - Traffic - Fa3',159,'rbranch01_traffic_in_159.rrd',12234144,'2019-08-15 00:10:07',1,4),(43,'Rbranch01 - Traffic - Gi0',160,'rbranch01_traffic_in_160.rrd',12234144,'2019-08-15 00:10:07',1,4),(44,'Rbranch01 - Traffic - Tu210',161,'rbranch01_traffic_in_161.rrd',12234144,'2019-08-15 00:10:07',1,4),(45,'Rbranch01 - Traffic - Gi0/5',163,'rbranch01_traffic_in_163.rrd',12234144,'2019-05-04 00:15:09',1,4),(46,'Rdc01 - Traffic - Gi0/3',165,'rdc01_traffic_in_165.rrd',12234144,'2020-03-05 09:10:13',1,4),(47,'Rhq01 - Traffic - Gi0/5',169,'rhq01_traffic_in_169.rrd',12234144,'2020-03-05 09:10:11',1,4),(48,'Rhq01 - Traffic - Tu200',170,'rhq01_traffic_in_170.rrd',12234144,'2020-03-05 09:10:11',1,4),(49,'Rhq01 - Traffic - Tu206',171,'rhq01_traffic_in_171.rrd',12234144,'2020-01-15 10:40:09',1,4),(50,'Rbranch01 - Traffic - Tu216',175,'rbranch01_traffic_in_175.rrd',12234144,'2019-08-15 00:10:07',1,4),(51,'Rhq01 - Traffic - Gi0/0',177,'rhq01_traffic_in_177.rrd',12234144,'2020-03-05 09:10:11',1,4),(52,'Rdc01 - Traffic - Gi0/2',178,'rdc01_traffic_in_178.rrd',12234144,'2020-03-05 09:10:13',1,4),(53,'Rdc01 - Traffic - Vl252',179,'rdc01_traffic_in_179.rrd',12234144,'2020-03-05 09:10:13',1,4),(54,'Rdc01 - Errors - Gi0/2',180,'rdc01_errors_in_180.rrd',24466096,'2020-03-05 09:10:13',1,3),(55,'Rdc01 - Errors - Gi0/3',181,'rdc01_errors_in_181.rrd',24466096,'2020-03-05 09:10:13',1,3),(56,'Rdc01 - Traffic - Vl254',186,'rdc01_traffic_in_186.rrd',12234144,'2020-03-05 09:10:13',1,4),(57,'FWdc01 -  Advanced Ping',187,'fwdc01_loss_187.rrd',30582072,'2020-03-05 09:10:13',1,2),(58,'FWdc01 - Traffic - ethernet1/1',188,'fwdc01_traffic_in_188.rrd',12234144,'2020-03-05 09:10:13',1,4),(59,'FWdc01 - Traffic - ethernet1/2',189,'fwdc01_traffic_in_189.rrd',12234144,'2020-03-05 09:10:13',1,4),(60,'FWdc01 - Traffic - ethernet1/1.999',190,'fwdc01_traffic_in_190.rrd',12234144,'2020-03-05 09:10:13',1,4),(61,'FWdc01 - Traffic - ethernet1/2.252',191,'fwdc01_traffic_in_191.rrd',12234144,'2020-03-05 09:10:14',1,4),(62,'FWdc01 - Traffic - loopback.1',192,'fwdc01_traffic_in_192.rrd',12234144,'2020-03-05 09:10:14',1,4),(63,'FWdc01 - Traffic - tunnel.200',193,'fwdc01_traffic_in_193.rrd',12234144,'2020-03-05 09:10:14',1,4),(64,'FWdc01 - Traffic - tunnel.206',194,'fwdc01_traffic_in_194.rrd',12234144,'2020-03-05 09:10:14',1,4),(65,'FWdc01 - Traffic - tunnel.210',195,'fwdc01_traffic_in_195.rrd',12234144,'2020-03-05 09:10:14',1,4),(66,'FWdc01 - Traffic - tunnel.216',196,'fwdc01_traffic_in_196.rrd',12234144,'2020-03-05 09:10:14',1,4),(67,'FWdc01 - Errors - ethernet1/1',197,'fwdc01_errors_in_197.rrd',24466096,'2020-03-05 09:10:14',1,3),(68,'FWdc01 - Errors - ethernet1/2',198,'fwdc01_errors_in_198.rrd',24466096,'2020-03-05 09:10:14',1,3),(69,'FWdc01 - Traffic - ethernet1/2.1251',207,'fwdc01_traffic_in_207.rrd',12234144,'2020-02-10 00:20:05',1,4),(70,'FWdc01 - Traffic - mgmt',210,'fwdc01_traffic_in_210.rrd',12234144,'2020-03-05 09:10:14',1,4),(71,'FWdc01 - Traffic - tunnel.2255',211,'fwdc01_traffic_in_211.rrd',12234144,'2020-03-05 09:10:14',1,4),(72,'VMwinserv11 -  Advanced Ping',212,'vmwinserv11_loss_212.rrd',30582072,'2020-03-05 09:10:14',1,2),(73,'VMwinserv11 - Hard Drive Space',213,'vmwinserv11_hdd_used_213.rrd',12234144,'2020-03-05 09:10:14',1,6),(74,'VMwinserv11 - Hard Drive Space',214,'vmwinserv11_hdd_used_214.rrd',12234144,'2020-03-05 09:10:14',1,6),(75,'VMwinserv11 - Hard Drive Space',215,'vmwinserv11_hdd_used_215.rrd',12234144,'2020-03-05 09:10:14',1,6),(76,'VMwinserv11 - Hard Drive Space',216,'vmwinserv11_hdd_used_216.rrd',12234144,'2020-03-05 09:10:14',1,6),(77,'VMwinserv11 - Hard Drive Space',217,'vmwinserv11_hdd_used_217.rrd',12234144,'2020-03-05 09:10:14',1,6),(78,'VMwinserv11 - CPU Utilization - CPU0',218,'vmwinserv11_cpu_218.rrd',6118168,'2020-03-05 09:10:14',1,7),(79,'VMwinserv11 - CPU Utilization - CPU1',219,'vmwinserv11_cpu_219.rrd',6118168,'2020-03-05 09:10:14',1,7),(80,'VMwinserv11 - CPU Utilization - CPU2',220,'vmwinserv11_cpu_220.rrd',6118168,'2020-03-05 09:10:14',1,7),(81,'VMwinserv11 - CPU Utilization - CPU3',221,'vmwinserv11_cpu_221.rrd',6118168,'2020-03-05 09:10:14',1,7),(82,'VMwinserv11 - CPU Utilization - CPUTotal',222,'vmwinserv11_cpu_222.rrd',6118168,'2020-03-05 09:10:14',1,7),(83,'VMwinserv11 - Traffic - ethernet_32769',223,'vmwinserv11_traffic_in_223.rrd',12234144,'2020-03-05 09:10:14',1,4),(84,'L2dc01-inside01 - 5 Minute CPU',225,'l2dc01-inside01_5min_cpu_225.rrd',6118168,'2020-03-05 09:10:14',1,1),(85,'L2dc01-inside01 -  Advanced Ping',226,'l2dc01-inside01_loss_226.rrd',30582072,'2020-03-05 09:10:14',1,2),(86,'L2dc01-inside01 - Errors - Gi0/1',235,'l2dc01-inside01_errors_in_235.rrd',24466096,'2020-03-05 09:10:14',1,3),(87,'L2dc01-inside01 - Traffic - Fa0/1',236,'l2dc01-inside01_traffic_in_236.rrd',12234144,'2020-03-05 09:10:15',1,4),(88,'L2dc01-inside01 - Traffic - Fa0/2',237,'l2dc01-inside01_traffic_in_237.rrd',12234144,'2020-03-05 09:10:15',1,4),(89,'L2dc01-inside01 - Traffic - Fa0/3',238,'l2dc01-inside01_traffic_in_238.rrd',12234144,'2020-03-05 09:10:15',1,4),(90,'L2dc01-inside01 - Traffic - Fa0/4',239,'l2dc01-inside01_traffic_in_239.rrd',12234144,'2020-03-05 09:10:15',1,4),(91,'L2dc01-inside01 - Traffic - Fa0/5',240,'l2dc01-inside01_traffic_in_240.rrd',12234144,'2020-03-05 09:10:15',1,4),(92,'L2dc01-inside01 - Traffic - Fa0/6',241,'l2dc01-inside01_traffic_in_241.rrd',12234144,'2020-03-05 09:10:15',1,4),(93,'L2dc01-inside01 - Traffic - Fa0/7',242,'l2dc01-inside01_traffic_in_242.rrd',12234144,'2020-03-05 09:10:15',1,4),(94,'L2dc01-inside01 - Traffic - Fa0/8',243,'l2dc01-inside01_traffic_in_243.rrd',12234144,'2020-03-05 09:10:15',1,4),(95,'L2dc01-inside01 - Traffic - Gi0/1',244,'l2dc01-inside01_traffic_in_244.rrd',12234144,'2020-03-05 09:10:15',1,4),(96,'L2dc01-outside01 - 5 Minute CPU',245,'l2dc01-outside01_5min_cpu_245.rrd',6118168,'2020-03-05 09:10:15',1,1),(97,'L2dc01-outside01 -  Advanced Ping',246,'l2dc01-outside01_loss_246.rrd',30582072,'2020-03-05 09:10:15',1,2),(98,'L2dc01-outside01 - Traffic - Fa0/1',247,'l2dc01-outside01_traffic_in_247.rrd',12234144,'2020-03-05 09:10:15',1,4),(99,'L2dc01-outside01 - Traffic - Fa0/2',248,'l2dc01-outside01_traffic_in_248.rrd',12234144,'2020-03-05 09:10:15',1,4),(100,'L2dc01-outside01 - Traffic - Fa0/3',249,'l2dc01-outside01_traffic_in_249.rrd',12234144,'2020-03-05 09:10:15',1,4),(101,'L2dc01-outside01 - Traffic - Fa0/4',250,'l2dc01-outside01_traffic_in_250.rrd',12234144,'2020-03-05 09:10:15',1,4),(102,'L2dc01-outside01 - Traffic - Fa0/5',251,'l2dc01-outside01_traffic_in_251.rrd',12234144,'2020-03-05 09:10:15',1,4),(103,'L2dc01-outside01 - Traffic - Fa0/6',252,'l2dc01-outside01_traffic_in_252.rrd',12234144,'2020-03-05 09:10:15',1,4),(104,'L2dc01-outside01 - Traffic - Fa0/7',253,'l2dc01-outside01_traffic_in_253.rrd',12234144,'2020-03-05 09:10:15',1,4),(105,'L2dc01-outside01 - Traffic - Fa0/8',254,'l2dc01-outside01_traffic_in_254.rrd',12234144,'2020-03-05 09:10:15',1,4),(106,'L2dc01-outside01 - Traffic - Gi0/1',255,'l2dc01-outside01_traffic_in_255.rrd',12234144,'2020-03-05 09:10:15',1,4),(107,'vmnetserv01 -  Advanced Ping',256,'vmnetserv01_loss_256.rrd',30582072,'2020-03-05 09:10:09',1,2),(108,'vmnetserv01 - Memory Usage',257,'vmnetserv01_usedreal_257.rrd',48930000,'2020-03-05 09:10:09',1,5),(109,'vmnetserv01 - Hard Drive Space',258,'vmnetserv01_hdd_used_258.rrd',12234144,'2020-03-05 09:10:09',1,6),(110,'vmnetserv01 - Hard Drive Space',259,'vmnetserv01_hdd_used_259.rrd',12234144,'2020-03-05 09:10:09',1,6),(111,'vmnetserv01 - Hard Drive Space',260,'vmnetserv01_hdd_used_260.rrd',12234144,'2020-03-05 09:10:09',1,6),(112,'vmnetserv01 - Hard Drive Space',261,'vmnetserv01_hdd_used_261.rrd',12234144,'2020-03-05 09:10:09',1,6),(113,'vmnetserv01 - Hard Drive Space',262,'vmnetserv01_hdd_used_262.rrd',12234144,'2020-03-05 09:10:09',1,6),(114,'vmnetserv01 - Hard Drive Space',263,'vmnetserv01_hdd_used_263.rrd',12234144,'2020-03-05 09:10:09',1,6),(115,'vmnetserv01 - Hard Drive Space',264,'vmnetserv01_hdd_used_264.rrd',12234144,'2020-03-05 09:10:10',1,6),(116,'vmnetserv01 - Hard Drive Space',265,'vmnetserv01_hdd_used_265.rrd',12234144,'2020-03-05 09:10:10',1,6),(117,'vmnetserv01 - Hard Drive Space',266,'vmnetserv01_hdd_used_266.rrd',12234144,'2020-03-05 09:10:10',1,6),(118,'vmnetserv01 - Hard Drive Space',267,'vmnetserv01_hdd_used_267.rrd',12234144,'2020-03-05 09:10:10',1,6),(119,'vmnetserv01 - Hard Drive Space',268,'vmnetserv01_hdd_used_268.rrd',12234144,'2020-03-05 09:10:10',1,6),(120,'vmnetserv01 - Hard Drive Space',269,'vmnetserv01_hdd_used_269.rrd',12234144,'2020-03-05 09:10:10',1,6),(121,'vmnetserv01 - Hard Drive Space',270,'vmnetserv01_hdd_used_270.rrd',12234144,'2020-03-05 09:10:11',1,6),(122,'vmnetserv01 - CPU Utilization - CPU0',271,'vmnetserv01_cpu_271.rrd',6118168,'2020-03-05 09:10:11',1,7),(123,'vmnetserv01 - CPU Utilization - CPU1',272,'vmnetserv01_cpu_272.rrd',6118168,'2020-03-05 09:10:11',1,7),(124,'vmnetserv01 - CPU Utilization - CPU2',273,'vmnetserv01_cpu_273.rrd',6118168,'2020-03-05 09:10:11',1,7),(125,'vmnetserv01 - CPU Utilization - CPU3',274,'vmnetserv01_cpu_274.rrd',6118168,'2020-03-05 09:10:11',1,7),(126,'vmnetserv01 - CPU Utilization - CPUTotal',275,'vmnetserv01_cpu_275.rrd',6118168,'2020-03-05 09:10:11',1,7),(127,'vmnetserv01 - Traffic - ens192',276,'vmnetserv01_traffic_in_276.rrd',12234144,'2020-03-05 09:10:11',1,4),(128,'mc01 -  Advanced Ping',277,'mc01_loss_277.rrd',30582072,'2020-03-05 09:10:15',1,2),(129,'FWdc01 - Traffic - ethernet1/2.11',278,'fwdc01_traffic_in_278.rrd',12234144,'2020-03-05 09:10:15',1,4),(130,'FWdc01 - Traffic - ethernet1/2.14',279,'fwdc01_traffic_in_279.rrd',12234144,'2020-03-05 09:10:15',1,4),(131,'FWdc01 - Traffic - ethernet1/2.16',280,'fwdc01_traffic_in_280.rrd',12234144,'2020-03-05 09:10:15',1,4),(132,'FWdc01 - Traffic - ethernet1/2.4011',281,'fwdc01_traffic_in_281.rrd',12234144,'2020-03-05 09:10:15',1,4),(133,'FWdc01 - Traffic - ethernet1/2.4014',282,'fwdc01_traffic_in_282.rrd',12234144,'2020-03-05 09:10:15',1,4),(134,'FWdc01 - Traffic - ethernet1/2.4016',283,'fwdc01_traffic_in_283.rrd',12234144,'2020-03-05 09:10:15',1,4),(135,'FWdc01 - Traffic - loopback.64',284,'fwdc01_traffic_in_284.rrd',12234144,'2020-03-05 09:10:15',1,4),(136,'Rhq01 - Traffic - Gi0/4',285,'rhq01_traffic_in_285.rrd',12234144,'2020-03-05 09:10:11',1,4),(137,'Rhq01 - Traffic - Vl2012',286,'rhq01_traffic_in_286.rrd',12234144,'2020-03-05 09:10:11',1,4),(138,'Rhq01 - Traffic - Vl2001',287,'rhq01_traffic_in_287.rrd',12234144,'2020-03-05 09:10:11',1,4),(139,'Rhq01 - Traffic - Vl2010',288,'rhq01_traffic_in_288.rrd',12234144,'2020-03-05 09:10:11',1,4),(140,'Rhq01 - Traffic - Vl2019',289,'rhq01_traffic_in_289.rrd',12234144,'2020-03-05 09:10:11',1,4),(141,'Rhq01 - Traffic - Vl2020',290,'rhq01_traffic_in_290.rrd',12234144,'2020-03-05 09:10:11',1,4),(142,'Rhq01 - Traffic - Vl2022',291,'rhq01_traffic_in_291.rrd',12234144,'2020-03-05 09:10:11',1,4),(143,'Rhq01 - Traffic - Vl2029',292,'rhq01_traffic_in_292.rrd',12234144,'2020-03-05 09:10:11',1,4),(144,'Rhq01 - Traffic - Vl2254',293,'rhq01_traffic_in_293.rrd',12234144,'2020-03-05 09:10:12',1,4),(145,'Rhq01 - Traffic - Vl999',294,'rhq01_traffic_in_294.rrd',12234144,'2020-03-05 09:10:12',1,4),(146,'VMwlc01 - 5 Minute CPU',295,'vmwlc01_5min_cpu_295.rrd',6118168,'2020-03-05 09:10:07',1,1),(147,'VMwlc01 -  Advanced Ping',296,'vmwlc01_loss_296.rrd',30582072,'2020-03-05 09:10:09',1,2),(148,'VMwlc01 - Traffic - GigabitEthernet0/0/1',297,'vmwlc01_traffic_in_297.rrd',12234144,'2020-03-05 09:10:09',1,4),(149,'mc01 - Traffic - GE1/0',298,'mc01_traffic_in_298.rrd',12234144,'2020-03-05 09:10:15',1,4);
/*!40000 ALTER TABLE `data_source_purge_temp` ENABLE KEYS */;
UNLOCK TABLES;

--
-- Table structure for table `data_source_stats_daily`
--

DROP TABLE IF EXISTS `data_source_stats_daily`;
/*!40101 SET @saved_cs_client     = @@character_set_client */;
/*!40101 SET character_set_client = utf8 */;
CREATE TABLE `data_source_stats_daily` (
  `local_data_id` mediumint(8) unsigned NOT NULL,
  `rrd_name` varchar(19) COLLATE utf8mb4_unicode_ci NOT NULL,
  `average` double DEFAULT NULL,
  `peak` double DEFAULT NULL,
  PRIMARY KEY (`local_data_id`,`rrd_name`)
) ENGINE=InnoDB DEFAULT CHARSET=utf8mb4 COLLATE=utf8mb4_unicode_ci ROW_FORMAT=DYNAMIC;
/*!40101 SET character_set_client = @saved_cs_client */;

--
-- Dumping data for table `data_source_stats_daily`
--

LOCK TABLES `data_source_stats_daily` WRITE;
/*!40000 ALTER TABLE `data_source_stats_daily` DISABLE KEYS */;
/*!40000 ALTER TABLE `data_source_stats_daily` ENABLE KEYS */;
UNLOCK TABLES;

--
-- Table structure for table `data_source_stats_hourly`
--

DROP TABLE IF EXISTS `data_source_stats_hourly`;
/*!40101 SET @saved_cs_client     = @@character_set_client */;
/*!40101 SET character_set_client = utf8 */;
CREATE TABLE `data_source_stats_hourly` (
  `local_data_id` mediumint(8) unsigned NOT NULL,
  `rrd_name` varchar(19) COLLATE utf8mb4_unicode_ci NOT NULL,
  `average` double DEFAULT NULL,
  `peak` double DEFAULT NULL,
  PRIMARY KEY (`local_data_id`,`rrd_name`)
) ENGINE=InnoDB DEFAULT CHARSET=utf8mb4 COLLATE=utf8mb4_unicode_ci ROW_FORMAT=DYNAMIC;
/*!40101 SET character_set_client = @saved_cs_client */;

--
-- Dumping data for table `data_source_stats_hourly`
--

LOCK TABLES `data_source_stats_hourly` WRITE;
/*!40000 ALTER TABLE `data_source_stats_hourly` DISABLE KEYS */;
/*!40000 ALTER TABLE `data_source_stats_hourly` ENABLE KEYS */;
UNLOCK TABLES;

--
-- Table structure for table `data_source_stats_hourly_cache`
--

DROP TABLE IF EXISTS `data_source_stats_hourly_cache`;
/*!40101 SET @saved_cs_client     = @@character_set_client */;
/*!40101 SET character_set_client = utf8 */;
CREATE TABLE `data_source_stats_hourly_cache` (
  `local_data_id` mediumint(8) unsigned NOT NULL,
  `rrd_name` varchar(19) COLLATE utf8mb4_unicode_ci NOT NULL,
  `time` timestamp NOT NULL DEFAULT '0000-00-00 00:00:00',
  `value` double DEFAULT NULL,
  PRIMARY KEY (`local_data_id`,`time`,`rrd_name`),
  KEY `time` (`time`) USING BTREE
) ENGINE=InnoDB DEFAULT CHARSET=utf8mb4 COLLATE=utf8mb4_unicode_ci ROW_FORMAT=DYNAMIC;
/*!40101 SET character_set_client = @saved_cs_client */;

--
-- Dumping data for table `data_source_stats_hourly_cache`
--

LOCK TABLES `data_source_stats_hourly_cache` WRITE;
/*!40000 ALTER TABLE `data_source_stats_hourly_cache` DISABLE KEYS */;
/*!40000 ALTER TABLE `data_source_stats_hourly_cache` ENABLE KEYS */;
UNLOCK TABLES;

--
-- Table structure for table `data_source_stats_hourly_last`
--

DROP TABLE IF EXISTS `data_source_stats_hourly_last`;
/*!40101 SET @saved_cs_client     = @@character_set_client */;
/*!40101 SET character_set_client = utf8 */;
CREATE TABLE `data_source_stats_hourly_last` (
  `local_data_id` mediumint(8) unsigned NOT NULL,
  `rrd_name` varchar(19) COLLATE utf8mb4_unicode_ci NOT NULL,
  `value` double DEFAULT NULL,
  `calculated` double DEFAULT NULL,
  PRIMARY KEY (`local_data_id`,`rrd_name`)
) ENGINE=InnoDB DEFAULT CHARSET=utf8mb4 COLLATE=utf8mb4_unicode_ci ROW_FORMAT=DYNAMIC;
/*!40101 SET character_set_client = @saved_cs_client */;

--
-- Dumping data for table `data_source_stats_hourly_last`
--

LOCK TABLES `data_source_stats_hourly_last` WRITE;
/*!40000 ALTER TABLE `data_source_stats_hourly_last` DISABLE KEYS */;
/*!40000 ALTER TABLE `data_source_stats_hourly_last` ENABLE KEYS */;
UNLOCK TABLES;

--
-- Table structure for table `data_source_stats_monthly`
--

DROP TABLE IF EXISTS `data_source_stats_monthly`;
/*!40101 SET @saved_cs_client     = @@character_set_client */;
/*!40101 SET character_set_client = utf8 */;
CREATE TABLE `data_source_stats_monthly` (
  `local_data_id` mediumint(8) unsigned NOT NULL,
  `rrd_name` varchar(19) COLLATE utf8mb4_unicode_ci NOT NULL,
  `average` double DEFAULT NULL,
  `peak` double DEFAULT NULL,
  PRIMARY KEY (`local_data_id`,`rrd_name`)
) ENGINE=InnoDB DEFAULT CHARSET=utf8mb4 COLLATE=utf8mb4_unicode_ci ROW_FORMAT=DYNAMIC;
/*!40101 SET character_set_client = @saved_cs_client */;

--
-- Dumping data for table `data_source_stats_monthly`
--

LOCK TABLES `data_source_stats_monthly` WRITE;
/*!40000 ALTER TABLE `data_source_stats_monthly` DISABLE KEYS */;
/*!40000 ALTER TABLE `data_source_stats_monthly` ENABLE KEYS */;
UNLOCK TABLES;

--
-- Table structure for table `data_source_stats_weekly`
--

DROP TABLE IF EXISTS `data_source_stats_weekly`;
/*!40101 SET @saved_cs_client     = @@character_set_client */;
/*!40101 SET character_set_client = utf8 */;
CREATE TABLE `data_source_stats_weekly` (
  `local_data_id` mediumint(8) unsigned NOT NULL,
  `rrd_name` varchar(19) COLLATE utf8mb4_unicode_ci NOT NULL,
  `average` double DEFAULT NULL,
  `peak` double DEFAULT NULL,
  PRIMARY KEY (`local_data_id`,`rrd_name`)
) ENGINE=InnoDB DEFAULT CHARSET=utf8mb4 COLLATE=utf8mb4_unicode_ci ROW_FORMAT=DYNAMIC;
/*!40101 SET character_set_client = @saved_cs_client */;

--
-- Dumping data for table `data_source_stats_weekly`
--

LOCK TABLES `data_source_stats_weekly` WRITE;
/*!40000 ALTER TABLE `data_source_stats_weekly` DISABLE KEYS */;
/*!40000 ALTER TABLE `data_source_stats_weekly` ENABLE KEYS */;
UNLOCK TABLES;

--
-- Table structure for table `data_source_stats_yearly`
--

DROP TABLE IF EXISTS `data_source_stats_yearly`;
/*!40101 SET @saved_cs_client     = @@character_set_client */;
/*!40101 SET character_set_client = utf8 */;
CREATE TABLE `data_source_stats_yearly` (
  `local_data_id` mediumint(8) unsigned NOT NULL,
  `rrd_name` varchar(19) COLLATE utf8mb4_unicode_ci NOT NULL,
  `average` double DEFAULT NULL,
  `peak` double DEFAULT NULL,
  PRIMARY KEY (`local_data_id`,`rrd_name`)
) ENGINE=InnoDB DEFAULT CHARSET=utf8mb4 COLLATE=utf8mb4_unicode_ci ROW_FORMAT=DYNAMIC;
/*!40101 SET character_set_client = @saved_cs_client */;

--
-- Dumping data for table `data_source_stats_yearly`
--

LOCK TABLES `data_source_stats_yearly` WRITE;
/*!40000 ALTER TABLE `data_source_stats_yearly` DISABLE KEYS */;
/*!40000 ALTER TABLE `data_source_stats_yearly` ENABLE KEYS */;
UNLOCK TABLES;

--
-- Table structure for table `data_template`
--

DROP TABLE IF EXISTS `data_template`;
/*!40101 SET @saved_cs_client     = @@character_set_client */;
/*!40101 SET character_set_client = utf8 */;
CREATE TABLE `data_template` (
  `id` mediumint(8) unsigned NOT NULL AUTO_INCREMENT,
  `hash` varchar(32) COLLATE utf8mb4_unicode_ci NOT NULL DEFAULT '',
  `name` varchar(150) COLLATE utf8mb4_unicode_ci NOT NULL DEFAULT '',
  PRIMARY KEY (`id`),
  KEY `name` (`name`)
) ENGINE=InnoDB AUTO_INCREMENT=8 DEFAULT CHARSET=utf8mb4 COLLATE=utf8mb4_unicode_ci ROW_FORMAT=DYNAMIC;
/*!40101 SET character_set_client = @saved_cs_client */;

--
-- Dumping data for table `data_template`
--

LOCK TABLES `data_template` WRITE;
/*!40000 ALTER TABLE `data_template` DISABLE KEYS */;
INSERT INTO `data_template` VALUES (1,'e9def3a0e409f517cb804dfeba4ccd90','DT - CPU Usage Cisco'),(2,'04ef4da0d125620474bcbb3a72c7356c','PING - Advanced Ping'),(3,'36335cd98633963a575b70639cd2fdad','DT - Interface - Errors/Discards'),(4,'6632e1e0b58a565c135d7ff90440c335','DT - Interface - Traffic (bps)'),(5,'249be02203394c342a340756d81b0d74','DT - Linux Memory Usage'),(6,'d814fa3b79bd0f8933b6e0834d3f16d0','DT - Disk/Memory Usage Bytes'),(7,'f6e7d21c19434666bbdac00ccef9932f','DT - CPU Usage Windows/Linux ');
/*!40000 ALTER TABLE `data_template` ENABLE KEYS */;
UNLOCK TABLES;

--
-- Table structure for table `data_template_data`
--

DROP TABLE IF EXISTS `data_template_data`;
/*!40101 SET @saved_cs_client     = @@character_set_client */;
/*!40101 SET character_set_client = utf8 */;
CREATE TABLE `data_template_data` (
  `id` mediumint(8) unsigned NOT NULL AUTO_INCREMENT,
  `local_data_template_data_id` mediumint(8) unsigned NOT NULL DEFAULT 0,
  `local_data_id` mediumint(8) unsigned NOT NULL DEFAULT 0,
  `data_template_id` mediumint(8) unsigned NOT NULL DEFAULT 0,
  `data_input_id` mediumint(8) unsigned NOT NULL DEFAULT 0,
  `t_name` char(2) COLLATE utf8mb4_unicode_ci DEFAULT NULL,
  `name` varchar(250) COLLATE utf8mb4_unicode_ci NOT NULL DEFAULT '',
  `name_cache` varchar(255) COLLATE utf8mb4_unicode_ci NOT NULL DEFAULT '',
  `data_source_path` varchar(255) COLLATE utf8mb4_unicode_ci DEFAULT '',
  `t_active` char(2) COLLATE utf8mb4_unicode_ci DEFAULT '',
  `active` char(2) COLLATE utf8mb4_unicode_ci DEFAULT NULL,
  `t_rrd_step` char(2) COLLATE utf8mb4_unicode_ci DEFAULT '',
  `rrd_step` mediumint(8) unsigned NOT NULL DEFAULT 0,
  `t_data_source_profile_id` char(2) COLLATE utf8mb4_unicode_ci DEFAULT '',
  `data_source_profile_id` mediumint(8) unsigned NOT NULL DEFAULT 1,
  PRIMARY KEY (`id`),
  KEY `local_data_id` (`local_data_id`),
  KEY `data_template_id` (`data_template_id`),
  KEY `data_input_id` (`data_input_id`),
  KEY `name_cache` (`name_cache`(191))
) ENGINE=InnoDB AUTO_INCREMENT=306 DEFAULT CHARSET=utf8mb4 COLLATE=utf8mb4_unicode_ci ROW_FORMAT=DYNAMIC;
/*!40101 SET character_set_client = @saved_cs_client */;

--
-- Dumping data for table `data_template_data`
--

LOCK TABLES `data_template_data` WRITE;
/*!40000 ALTER TABLE `data_template_data` DISABLE KEYS */;
INSERT INTO `data_template_data` VALUES (1,0,0,1,1,'','|host_description| - 5 Minute CPU','','','','on','',300,'',3),(2,0,0,2,13,'','|host_description| -  Advanced Ping','','','','on','',300,'',3),(3,0,0,3,2,'on','|host_description| - Errors/Discards','','','','on','',300,'',3),(4,0,0,4,2,'on','|host_description| - Traffic','','','','on','',300,'',3),(5,0,0,5,14,'','|host_description| - Memory Usage','','','','on','',300,'',3),(6,0,0,6,12,'','|host_description| - Hard Drive Space','','','','on','',300,'',3),(7,0,0,7,12,'','|host_description| - CPU Utilization','','','','on','',300,'',3),(8,2,1,2,13,NULL,'|host_description| -  Advanced Ping','Rdc01 -  Advanced Ping','<path_rra>/rdc01_loss_1.rrd','','on','',300,'',3),(9,1,2,1,1,NULL,'|host_description| - 5 Minute CPU','Rdc01 - 5 Minute CPU','<path_rra>/rdc01_5min_cpu_2.rrd','','on','',300,'',3),(11,3,4,3,2,NULL,'|host_description| - Errors - |query_ifName|','Rdc01 - Errors - Gi0/0','<path_rra>/rdc01_errors_in_4.rrd','','on','',300,'',3),(12,3,5,3,2,NULL,'|host_description| - Errors - |query_ifName|','Rdc01 - Errors - Gi0/1','<path_rra>/rdc01_errors_in_5.rrd','','on','',300,'',3),(17,4,10,4,2,NULL,'|host_description| - Traffic - |query_ifName|','Rdc01 - Traffic - Gi0/5','<path_rra>/rdc01_traffic_in_10.rrd','','on','',300,'',3),(18,4,11,4,2,NULL,'|host_description| - Traffic - |query_ifName|','Rdc01 - Traffic - Gi0/0','<path_rra>/rdc01_traffic_in_11.rrd','','on','',300,'',3),(19,4,12,4,2,NULL,'|host_description| - Traffic - |query_ifName|','Rdc01 - Traffic - Gi0/1','<path_rra>/rdc01_traffic_in_12.rrd','','on','',300,'',3),(20,4,13,4,2,NULL,'|host_description| - Traffic - |query_ifName|','Rdc01 - Traffic - Vl10','<path_rra>/rdc01_traffic_in_13.rrd','','on','',300,'',3),(21,4,14,4,2,NULL,'|host_description| - Traffic - |query_ifName|','Rdc01 - Traffic - Vl110','<path_rra>/rdc01_traffic_in_14.rrd','','on','',300,'',3),(22,4,15,4,2,NULL,'|host_description| - Traffic - |query_ifName|','Rdc01 - Traffic - Tu200','<path_rra>/rdc01_traffic_in_15.rrd','','on','',300,'',3),(23,4,16,4,2,NULL,'|host_description| - Traffic - |query_ifName|','Rdc01 - Traffic - Tu210','<path_rra>/rdc01_traffic_in_16.rrd','','on','',300,'',3),(34,2,27,2,13,NULL,'|host_description| -  Advanced Ping','VMinfraserv05(cacti) -  Advanced Ping','<path_rra>/vminfraserv05cacti_loss_27.rrd','','on','',300,'',3),(36,6,29,6,12,NULL,'|host_description| - Hard Drive Space','VMinfraserv05(cacti) - Hard Drive Space','<path_rra>/vminfraserv05cacti_hdd_used_29.rrd','','on','',300,'',3),(37,6,30,6,12,NULL,'|host_description| - Hard Drive Space','VMinfraserv05(cacti) - Hard Drive Space','<path_rra>/vminfraserv05cacti_hdd_used_30.rrd','','on','',300,'',3),(38,6,31,6,12,NULL,'|host_description| - Hard Drive Space','VMinfraserv05(cacti) - Hard Drive Space','<path_rra>/vminfraserv05cacti_hdd_used_31.rrd','','on','',300,'',3),(39,6,32,6,12,NULL,'|host_description| - Hard Drive Space','VMinfraserv05(cacti) - Hard Drive Space','<path_rra>/vminfraserv05cacti_hdd_used_32.rrd','','on','',300,'',3),(40,6,33,6,12,NULL,'|host_description| - Hard Drive Space','VMinfraserv05(cacti) - Hard Drive Space','<path_rra>/vminfraserv05cacti_hdd_used_33.rrd','','on','',300,'',3),(41,6,34,6,12,NULL,'|host_description| - Hard Drive Space','VMinfraserv05(cacti) - Hard Drive Space','<path_rra>/vminfraserv05cacti_hdd_used_34.rrd','','on','',300,'',3),(42,6,35,6,12,NULL,'|host_description| - Hard Drive Space','VMinfraserv05(cacti) - Hard Drive Space','<path_rra>/vminfraserv05cacti_hdd_used_35.rrd','','on','',300,'',3),(43,7,36,7,12,NULL,'|host_description| - CPU Utilization - CPU|query_hrProcessorFrwID|','VMinfraserv05(cacti) - CPU Utilization - CPUTotal','<path_rra>/vminfraserv05cacti_cpu_36.rrd','','on','',300,'',3),(44,2,37,2,13,NULL,'|host_description| -  Advanced Ping','Rhq01 -  Advanced Ping','<path_rra>/rhq01_loss_37.rrd','','on','',300,'',3),(45,1,38,1,1,NULL,'|host_description| - 5 Minute CPU','Rhq01 - 5 Minute CPU','<path_rra>/rhq01_5min_cpu_38.rrd','','on','',300,'',3),(46,4,39,4,2,NULL,'|host_description| - Traffic - |query_ifName|','Rhq01 - Traffic - Fa2','<path_rra>/rhq01_traffic_in_39.rrd','','on','',300,'',3),(47,4,40,4,2,NULL,'|host_description| - Traffic - |query_ifName|','Rhq01 - Traffic - Fa3','<path_rra>/rhq01_traffic_in_40.rrd','','on','',300,'',3),(48,4,41,4,2,NULL,'|host_description| - Traffic - |query_ifName|','Rhq01 - Traffic - Gi0','<path_rra>/rhq01_traffic_in_41.rrd','','on','',300,'',3),(51,3,44,3,2,NULL,'|host_description| - Errors - |query_ifName|','Rhq01 - Errors - Gi0','<path_rra>/rhq01_discards_in_44.rrd','','on','',300,'',3),(122,2,115,2,13,NULL,'|host_description| -  Advanced Ping','esxi01 -  Advanced Ping','<path_rra>/esxi01_loss_115.rrd','','on','',300,'',3),(124,6,117,6,12,NULL,'|host_description| - Hard Drive Space','esxi01 - Hard Drive Space','<path_rra>/esxi01_hdd_used_117.rrd','','on','',300,'',3),(125,7,118,7,12,NULL,'|host_description| - CPU Utilization - CPU|query_hrProcessorFrwID|','esxi01 - CPU Utilization - CPU0','<path_rra>/esxi01_cpu_118.rrd','','on','',300,'',3),(126,7,119,7,12,NULL,'|host_description| - CPU Utilization - CPU|query_hrProcessorFrwID|','esxi01 - CPU Utilization - CPU1','<path_rra>/esxi01_cpu_119.rrd','','on','',300,'',3),(127,7,120,7,12,NULL,'|host_description| - CPU Utilization - CPU|query_hrProcessorFrwID|','esxi01 - CPU Utilization - CPU2','<path_rra>/esxi01_cpu_120.rrd','','on','',300,'',3),(128,7,121,7,12,NULL,'|host_description| - CPU Utilization - CPU|query_hrProcessorFrwID|','esxi01 - CPU Utilization - CPU3','<path_rra>/esxi01_cpu_121.rrd','','on','',300,'',3),(129,7,122,7,12,NULL,'|host_description| - CPU Utilization - CPU|query_hrProcessorFrwID|','esxi01 - CPU Utilization - CPU4','<path_rra>/esxi01_cpu_122.rrd','','on','',300,'',3),(130,7,123,7,12,NULL,'|host_description| - CPU Utilization - CPU|query_hrProcessorFrwID|','esxi01 - CPU Utilization - CPU5','<path_rra>/esxi01_cpu_123.rrd','','on','',300,'',3),(131,7,124,7,12,NULL,'|host_description| - CPU Utilization - CPU|query_hrProcessorFrwID|','esxi01 - CPU Utilization - CPU6','<path_rra>/esxi01_cpu_124.rrd','','on','',300,'',3),(132,7,125,7,12,NULL,'|host_description| - CPU Utilization - CPU|query_hrProcessorFrwID|','esxi01 - CPU Utilization - CPU7','<path_rra>/esxi01_cpu_125.rrd','','on','',300,'',3),(133,7,126,7,12,NULL,'|host_description| - CPU Utilization - CPU|query_hrProcessorFrwID|','esxi01 - CPU Utilization - CPUTotal','<path_rra>/esxi01_cpu_126.rrd','','on','',300,'',3),(158,5,151,5,14,NULL,'|host_description| - Memory Usage','VMinfraserv05(cacti) - Memory Usage','<path_rra>/vminfraserv05cacti_usedreal_151.rrd','','on','',300,'',3),(163,2,156,2,13,NULL,'|host_description| -  Advanced Ping','Rbranch01 -  Advanced Ping','<path_rra>/rbranch01_loss_156.rrd','','on','',300,'',3),(164,1,157,1,1,NULL,'|host_description| - 5 Minute CPU','Rbranch01 - 5 Minute CPU','<path_rra>/rbranch01_5min_cpu_157.rrd','','on','',300,'',3),(165,4,158,4,2,NULL,'|host_description| - Traffic - |query_ifName|','Rbranch01 - Traffic - Fa2','<path_rra>/rbranch01_traffic_in_158.rrd','','on','',300,'',3),(166,4,159,4,2,NULL,'|host_description| - Traffic - |query_ifName|','Rbranch01 - Traffic - Fa3','<path_rra>/rbranch01_traffic_in_159.rrd','','on','',300,'',3),(167,4,160,4,2,NULL,'|host_description| - Traffic - |query_ifName|','Rbranch01 - Traffic - Gi0','<path_rra>/rbranch01_traffic_in_160.rrd','','on','',300,'',3),(168,4,161,4,2,NULL,'|host_description| - Traffic - |query_ifName|','Rbranch01 - Traffic - Tu210','<path_rra>/rbranch01_traffic_in_161.rrd','','on','',300,'',3),(170,4,163,4,2,NULL,'|host_description| - Traffic - |query_ifName|','Rbranch01 - Traffic - Gi0/5','<path_rra>/rbranch01_traffic_in_163.rrd','','on','',300,'',3),(172,4,165,4,2,NULL,'|host_description| - Traffic - |query_ifName|','Rdc01 - Traffic - Gi0/3','<path_rra>/rdc01_traffic_in_165.rrd','','on','',300,'',3),(176,4,169,4,2,NULL,'|host_description| - Traffic - |query_ifName|','Rhq01 - Traffic - Gi0/5','<path_rra>/rhq01_traffic_in_169.rrd','','on','',300,'',3),(177,4,170,4,2,NULL,'|host_description| - Traffic - |query_ifName|','Rhq01 - Traffic - Tu200','<path_rra>/rhq01_traffic_in_170.rrd','','on','',300,'',3),(178,4,171,4,2,NULL,'|host_description| - Traffic - |query_ifName|','Rhq01 - Traffic - Tu206','<path_rra>/rhq01_traffic_in_171.rrd','','on','',300,'',3),(182,4,175,4,2,NULL,'|host_description| - Traffic - |query_ifName|','Rbranch01 - Traffic - Tu216','<path_rra>/rbranch01_traffic_in_175.rrd','','on','',300,'',3),(184,4,177,4,2,NULL,'|host_description| - Traffic - |query_ifName|','Rhq01 - Traffic - Gi0/0','<path_rra>/rhq01_traffic_in_177.rrd','','on','',300,'',3),(185,4,178,4,2,NULL,'|host_description| - Traffic - |query_ifName|','Rdc01 - Traffic - Gi0/2','<path_rra>/rdc01_traffic_in_178.rrd','','on','',300,'',3),(186,4,179,4,2,NULL,'|host_description| - Traffic - |query_ifName|','Rdc01 - Traffic - Vl252','<path_rra>/rdc01_traffic_in_179.rrd','','on','',300,'',3),(187,3,180,3,2,NULL,'|host_description| - Errors - |query_ifName|','Rdc01 - Errors - Gi0/2','<path_rra>/rdc01_errors_in_180.rrd','','on','',300,'',3),(188,3,181,3,2,NULL,'|host_description| - Errors - |query_ifName|','Rdc01 - Errors - Gi0/3','<path_rra>/rdc01_errors_in_181.rrd','','on','',300,'',3),(193,4,186,4,2,NULL,'|host_description| - Traffic - |query_ifName|','Rdc01 - Traffic - Vl254','<path_rra>/rdc01_traffic_in_186.rrd','','on','',300,'',3),(194,2,187,2,13,NULL,'|host_description| -  Advanced Ping','FWdc01 -  Advanced Ping','<path_rra>/fwdc01_loss_187.rrd','','on','',300,'',3),(195,4,188,4,2,NULL,'|host_description| - Traffic - |query_ifName|','FWdc01 - Traffic - ethernet1/1','<path_rra>/fwdc01_traffic_in_188.rrd','','on','',300,'',3),(196,4,189,4,2,NULL,'|host_description| - Traffic - |query_ifName|','FWdc01 - Traffic - ethernet1/2','<path_rra>/fwdc01_traffic_in_189.rrd','','on','',300,'',3),(197,4,190,4,2,NULL,'|host_description| - Traffic - |query_ifName|','FWdc01 - Traffic - ethernet1/1.999','<path_rra>/fwdc01_traffic_in_190.rrd','','on','',300,'',3),(198,4,191,4,2,NULL,'|host_description| - Traffic - |query_ifName|','FWdc01 - Traffic - ethernet1/2.252','<path_rra>/fwdc01_traffic_in_191.rrd','','on','',300,'',3),(199,4,192,4,2,NULL,'|host_description| - Traffic - |query_ifName|','FWdc01 - Traffic - loopback.1','<path_rra>/fwdc01_traffic_in_192.rrd','','on','',300,'',3),(200,4,193,4,2,NULL,'|host_description| - Traffic - |query_ifName|','FWdc01 - Traffic - tunnel.200','<path_rra>/fwdc01_traffic_in_193.rrd','','on','',300,'',3),(201,4,194,4,2,NULL,'|host_description| - Traffic - |query_ifName|','FWdc01 - Traffic - tunnel.206','<path_rra>/fwdc01_traffic_in_194.rrd','','on','',300,'',3),(202,4,195,4,2,NULL,'|host_description| - Traffic - |query_ifName|','FWdc01 - Traffic - tunnel.210','<path_rra>/fwdc01_traffic_in_195.rrd','','on','',300,'',3),(203,4,196,4,2,NULL,'|host_description| - Traffic - |query_ifName|','FWdc01 - Traffic - tunnel.216','<path_rra>/fwdc01_traffic_in_196.rrd','','on','',300,'',3),(204,3,197,3,2,NULL,'|host_description| - Errors - |query_ifName|','FWdc01 - Errors - ethernet1/1','<path_rra>/fwdc01_errors_in_197.rrd','','on','',300,'',3),(205,3,198,3,2,NULL,'|host_description| - Errors - |query_ifName|','FWdc01 - Errors - ethernet1/2','<path_rra>/fwdc01_errors_in_198.rrd','','on','',300,'',3),(214,4,207,4,2,NULL,'|host_description| - Traffic - |query_ifName|','FWdc01 - Traffic - ethernet1/2.1251','<path_rra>/fwdc01_traffic_in_207.rrd','','on','',300,'',3),(217,4,210,4,2,NULL,'|host_description| - Traffic - |query_ifName|','FWdc01 - Traffic - mgmt','<path_rra>/fwdc01_traffic_in_210.rrd','','on','',300,'',3),(218,4,211,4,2,NULL,'|host_description| - Traffic - |query_ifName|','FWdc01 - Traffic - tunnel.2255','<path_rra>/fwdc01_traffic_in_211.rrd','','on','',300,'',3),(219,2,212,2,13,NULL,'|host_description| -  Advanced Ping','VMwinserv11 -  Advanced Ping','<path_rra>/vmwinserv11_loss_212.rrd','','on','',300,'',3),(220,6,213,6,12,NULL,'|host_description| - Hard Drive Space','VMwinserv11 - Hard Drive Space','<path_rra>/vmwinserv11_hdd_used_213.rrd','','on','',300,'',3),(221,6,214,6,12,NULL,'|host_description| - Hard Drive Space','VMwinserv11 - Hard Drive Space','<path_rra>/vmwinserv11_hdd_used_214.rrd','','on','',300,'',3),(222,6,215,6,12,NULL,'|host_description| - Hard Drive Space','VMwinserv11 - Hard Drive Space','<path_rra>/vmwinserv11_hdd_used_215.rrd','','on','',300,'',3),(223,6,216,6,12,NULL,'|host_description| - Hard Drive Space','VMwinserv11 - Hard Drive Space','<path_rra>/vmwinserv11_hdd_used_216.rrd','','on','',300,'',3),(224,6,217,6,12,NULL,'|host_description| - Hard Drive Space','VMwinserv11 - Hard Drive Space','<path_rra>/vmwinserv11_hdd_used_217.rrd','','on','',300,'',3),(225,7,218,7,12,NULL,'|host_description| - CPU Utilization - CPU|query_hrProcessorFrwID|','VMwinserv11 - CPU Utilization - CPU0','<path_rra>/vmwinserv11_cpu_218.rrd','','on','',300,'',3),(226,7,219,7,12,NULL,'|host_description| - CPU Utilization - CPU|query_hrProcessorFrwID|','VMwinserv11 - CPU Utilization - CPU1','<path_rra>/vmwinserv11_cpu_219.rrd','','on','',300,'',3),(227,7,220,7,12,NULL,'|host_description| - CPU Utilization - CPU|query_hrProcessorFrwID|','VMwinserv11 - CPU Utilization - CPU2','<path_rra>/vmwinserv11_cpu_220.rrd','','on','',300,'',3),(228,7,221,7,12,NULL,'|host_description| - CPU Utilization - CPU|query_hrProcessorFrwID|','VMwinserv11 - CPU Utilization - CPU3','<path_rra>/vmwinserv11_cpu_221.rrd','','on','',300,'',3),(229,7,222,7,12,NULL,'|host_description| - CPU Utilization - CPU|query_hrProcessorFrwID|','VMwinserv11 - CPU Utilization - CPUTotal','<path_rra>/vmwinserv11_cpu_222.rrd','','on','',300,'',3),(230,4,223,4,2,NULL,'|host_description| - Traffic - |query_ifName|','VMwinserv11 - Traffic - ethernet_32769','<path_rra>/vmwinserv11_traffic_in_223.rrd','','on','',300,'',3),(232,1,225,1,1,NULL,'|host_description| - 5 Minute CPU','L2dc01-inside01 - 5 Minute CPU','<path_rra>/l2dc01-inside01_5min_cpu_225.rrd','','on','',300,'',3),(233,2,226,2,13,NULL,'|host_description| -  Advanced Ping','L2dc01-inside01 -  Advanced Ping','<path_rra>/l2dc01-inside01_loss_226.rrd','','on','',300,'',3),(242,3,235,3,2,NULL,'|host_description| - Errors - |query_ifName|','L2dc01-inside01 - Errors - Gi0/1','<path_rra>/l2dc01-inside01_errors_in_235.rrd','','on','',300,'',3),(243,4,236,4,2,NULL,'|host_description| - Traffic - |query_ifName|','L2dc01-inside01 - Traffic - Fa0/1','<path_rra>/l2dc01-inside01_traffic_in_236.rrd','','on','',300,'',3),(244,4,237,4,2,NULL,'|host_description| - Traffic - |query_ifName|','L2dc01-inside01 - Traffic - Fa0/2','<path_rra>/l2dc01-inside01_traffic_in_237.rrd','','on','',300,'',3),(245,4,238,4,2,NULL,'|host_description| - Traffic - |query_ifName|','L2dc01-inside01 - Traffic - Fa0/3','<path_rra>/l2dc01-inside01_traffic_in_238.rrd','','on','',300,'',3),(246,4,239,4,2,NULL,'|host_description| - Traffic - |query_ifName|','L2dc01-inside01 - Traffic - Fa0/4','<path_rra>/l2dc01-inside01_traffic_in_239.rrd','','on','',300,'',3),(247,4,240,4,2,NULL,'|host_description| - Traffic - |query_ifName|','L2dc01-inside01 - Traffic - Fa0/5','<path_rra>/l2dc01-inside01_traffic_in_240.rrd','','on','',300,'',3),(248,4,241,4,2,NULL,'|host_description| - Traffic - |query_ifName|','L2dc01-inside01 - Traffic - Fa0/6','<path_rra>/l2dc01-inside01_traffic_in_241.rrd','','on','',300,'',3),(249,4,242,4,2,NULL,'|host_description| - Traffic - |query_ifName|','L2dc01-inside01 - Traffic - Fa0/7','<path_rra>/l2dc01-inside01_traffic_in_242.rrd','','on','',300,'',3),(250,4,243,4,2,NULL,'|host_description| - Traffic - |query_ifName|','L2dc01-inside01 - Traffic - Fa0/8','<path_rra>/l2dc01-inside01_traffic_in_243.rrd','','on','',300,'',3),(251,4,244,4,2,NULL,'|host_description| - Traffic - |query_ifName|','L2dc01-inside01 - Traffic - Gi0/1','<path_rra>/l2dc01-inside01_traffic_in_244.rrd','','on','',300,'',3),(252,1,245,1,1,NULL,'|host_description| - 5 Minute CPU','L2dc01-outside01 - 5 Minute CPU','<path_rra>/l2dc01-outside01_5min_cpu_245.rrd','','on','',300,'',3),(253,2,246,2,13,NULL,'|host_description| -  Advanced Ping','L2dc01-outside01 -  Advanced Ping','<path_rra>/l2dc01-outside01_loss_246.rrd','','on','',300,'',3),(254,4,247,4,2,NULL,'|host_description| - Traffic - |query_ifName|','L2dc01-outside01 - Traffic - Fa0/1','<path_rra>/l2dc01-outside01_traffic_in_247.rrd','','on','',300,'',3),(255,4,248,4,2,NULL,'|host_description| - Traffic - |query_ifName|','L2dc01-outside01 - Traffic - Fa0/2','<path_rra>/l2dc01-outside01_traffic_in_248.rrd','','on','',300,'',3),(256,4,249,4,2,NULL,'|host_description| - Traffic - |query_ifName|','L2dc01-outside01 - Traffic - Fa0/3','<path_rra>/l2dc01-outside01_traffic_in_249.rrd','','on','',300,'',3),(257,4,250,4,2,NULL,'|host_description| - Traffic - |query_ifName|','L2dc01-outside01 - Traffic - Fa0/4','<path_rra>/l2dc01-outside01_traffic_in_250.rrd','','on','',300,'',3),(258,4,251,4,2,NULL,'|host_description| - Traffic - |query_ifName|','L2dc01-outside01 - Traffic - Fa0/5','<path_rra>/l2dc01-outside01_traffic_in_251.rrd','','on','',300,'',3),(259,4,252,4,2,NULL,'|host_description| - Traffic - |query_ifName|','L2dc01-outside01 - Traffic - Fa0/6','<path_rra>/l2dc01-outside01_traffic_in_252.rrd','','on','',300,'',3),(260,4,253,4,2,NULL,'|host_description| - Traffic - |query_ifName|','L2dc01-outside01 - Traffic - Fa0/7','<path_rra>/l2dc01-outside01_traffic_in_253.rrd','','on','',300,'',3),(261,4,254,4,2,NULL,'|host_description| - Traffic - |query_ifName|','L2dc01-outside01 - Traffic - Fa0/8','<path_rra>/l2dc01-outside01_traffic_in_254.rrd','','on','',300,'',3),(262,4,255,4,2,NULL,'|host_description| - Traffic - |query_ifName|','L2dc01-outside01 - Traffic - Gi0/1','<path_rra>/l2dc01-outside01_traffic_in_255.rrd','','on','',300,'',3),(263,2,256,2,13,NULL,'|host_description| -  Advanced Ping','vmnetserv01 -  Advanced Ping','<path_rra>/vmnetserv01_loss_256.rrd','','on','',300,'',3),(264,5,257,5,14,NULL,'|host_description| - Memory Usage','vmnetserv01 - Memory Usage','<path_rra>/vmnetserv01_usedreal_257.rrd','','on','',300,'',3),(265,6,258,6,12,NULL,'|host_description| - Hard Drive Space','vmnetserv01 - Hard Drive Space','<path_rra>/vmnetserv01_hdd_used_258.rrd','','on','',300,'',3),(266,6,259,6,12,NULL,'|host_description| - Hard Drive Space','vmnetserv01 - Hard Drive Space','<path_rra>/vmnetserv01_hdd_used_259.rrd','','on','',300,'',3),(267,6,260,6,12,NULL,'|host_description| - Hard Drive Space','vmnetserv01 - Hard Drive Space','<path_rra>/vmnetserv01_hdd_used_260.rrd','','on','',300,'',3),(268,6,261,6,12,NULL,'|host_description| - Hard Drive Space','vmnetserv01 - Hard Drive Space','<path_rra>/vmnetserv01_hdd_used_261.rrd','','on','',300,'',3),(269,6,262,6,12,NULL,'|host_description| - Hard Drive Space','vmnetserv01 - Hard Drive Space','<path_rra>/vmnetserv01_hdd_used_262.rrd','','on','',300,'',3),(270,6,263,6,12,NULL,'|host_description| - Hard Drive Space','vmnetserv01 - Hard Drive Space','<path_rra>/vmnetserv01_hdd_used_263.rrd','','on','',300,'',3),(271,6,264,6,12,NULL,'|host_description| - Hard Drive Space','vmnetserv01 - Hard Drive Space','<path_rra>/vmnetserv01_hdd_used_264.rrd','','on','',300,'',3),(272,6,265,6,12,NULL,'|host_description| - Hard Drive Space','vmnetserv01 - Hard Drive Space','<path_rra>/vmnetserv01_hdd_used_265.rrd','','on','',300,'',3),(273,6,266,6,12,NULL,'|host_description| - Hard Drive Space','vmnetserv01 - Hard Drive Space','<path_rra>/vmnetserv01_hdd_used_266.rrd','','on','',300,'',3),(274,6,267,6,12,NULL,'|host_description| - Hard Drive Space','vmnetserv01 - Hard Drive Space','<path_rra>/vmnetserv01_hdd_used_267.rrd','','on','',300,'',3),(275,6,268,6,12,NULL,'|host_description| - Hard Drive Space','vmnetserv01 - Hard Drive Space','<path_rra>/vmnetserv01_hdd_used_268.rrd','','on','',300,'',3),(276,6,269,6,12,NULL,'|host_description| - Hard Drive Space','vmnetserv01 - Hard Drive Space','<path_rra>/vmnetserv01_hdd_used_269.rrd','','on','',300,'',3),(277,6,270,6,12,NULL,'|host_description| - Hard Drive Space','vmnetserv01 - Hard Drive Space','<path_rra>/vmnetserv01_hdd_used_270.rrd','','on','',300,'',3),(278,7,271,7,12,NULL,'|host_description| - CPU Utilization - CPU|query_hrProcessorFrwID|','vmnetserv01 - CPU Utilization - CPU0','<path_rra>/vmnetserv01_cpu_271.rrd','','on','',300,'',3),(279,7,272,7,12,NULL,'|host_description| - CPU Utilization - CPU|query_hrProcessorFrwID|','vmnetserv01 - CPU Utilization - CPU1','<path_rra>/vmnetserv01_cpu_272.rrd','','on','',300,'',3),(280,7,273,7,12,NULL,'|host_description| - CPU Utilization - CPU|query_hrProcessorFrwID|','vmnetserv01 - CPU Utilization - CPU2','<path_rra>/vmnetserv01_cpu_273.rrd','','on','',300,'',3),(281,7,274,7,12,NULL,'|host_description| - CPU Utilization - CPU|query_hrProcessorFrwID|','vmnetserv01 - CPU Utilization - CPU3','<path_rra>/vmnetserv01_cpu_274.rrd','','on','',300,'',3),(282,7,275,7,12,NULL,'|host_description| - CPU Utilization - CPU|query_hrProcessorFrwID|','vmnetserv01 - CPU Utilization - CPUTotal','<path_rra>/vmnetserv01_cpu_275.rrd','','on','',300,'',3),(283,4,276,4,2,NULL,'|host_description| - Traffic - |query_ifName|','vmnetserv01 - Traffic - ens192','<path_rra>/vmnetserv01_traffic_in_276.rrd','','on','',300,'',3),(284,2,277,2,13,NULL,'|host_description| -  Advanced Ping','mc01 -  Advanced Ping','<path_rra>/mc01_loss_277.rrd','','on','',300,'',3),(285,4,278,4,2,NULL,'|host_description| - Traffic - |query_ifName|','FWdc01 - Traffic - ethernet1/2.11','<path_rra>/fwdc01_traffic_in_278.rrd','','on','',300,'',3),(286,4,279,4,2,NULL,'|host_description| - Traffic - |query_ifName|','FWdc01 - Traffic - ethernet1/2.14','<path_rra>/fwdc01_traffic_in_279.rrd','','on','',300,'',3),(287,4,280,4,2,NULL,'|host_description| - Traffic - |query_ifName|','FWdc01 - Traffic - ethernet1/2.16','<path_rra>/fwdc01_traffic_in_280.rrd','','on','',300,'',3),(288,4,281,4,2,NULL,'|host_description| - Traffic - |query_ifName|','FWdc01 - Traffic - ethernet1/2.4011','<path_rra>/fwdc01_traffic_in_281.rrd','','on','',300,'',3),(289,4,282,4,2,NULL,'|host_description| - Traffic - |query_ifName|','FWdc01 - Traffic - ethernet1/2.4014','<path_rra>/fwdc01_traffic_in_282.rrd','','on','',300,'',3),(290,4,283,4,2,NULL,'|host_description| - Traffic - |query_ifName|','FWdc01 - Traffic - ethernet1/2.4016','<path_rra>/fwdc01_traffic_in_283.rrd','','on','',300,'',3),(291,4,284,4,2,NULL,'|host_description| - Traffic - |query_ifName|','FWdc01 - Traffic - loopback.64','<path_rra>/fwdc01_traffic_in_284.rrd','','on','',300,'',3),(292,4,285,4,2,NULL,'|host_description| - Traffic - |query_ifName|','Rhq01 - Traffic - Gi0/4','<path_rra>/rhq01_traffic_in_285.rrd','','on','',300,'',3),(293,4,286,4,2,NULL,'|host_description| - Traffic - |query_ifName|','Rhq01 - Traffic - Vl2012','<path_rra>/rhq01_traffic_in_286.rrd','','on','',300,'',3),(294,4,287,4,2,NULL,'|host_description| - Traffic - |query_ifName|','Rhq01 - Traffic - Vl2001','<path_rra>/rhq01_traffic_in_287.rrd','','on','',300,'',3),(295,4,288,4,2,NULL,'|host_description| - Traffic - |query_ifName|','Rhq01 - Traffic - Vl2010','<path_rra>/rhq01_traffic_in_288.rrd','','on','',300,'',3),(296,4,289,4,2,NULL,'|host_description| - Traffic - |query_ifName|','Rhq01 - Traffic - Vl2019','<path_rra>/rhq01_traffic_in_289.rrd','','on','',300,'',3),(297,4,290,4,2,NULL,'|host_description| - Traffic - |query_ifName|','Rhq01 - Traffic - Vl2020','<path_rra>/rhq01_traffic_in_290.rrd','','on','',300,'',3),(298,4,291,4,2,NULL,'|host_description| - Traffic - |query_ifName|','Rhq01 - Traffic - Vl2022','<path_rra>/rhq01_traffic_in_291.rrd','','on','',300,'',3),(299,4,292,4,2,NULL,'|host_description| - Traffic - |query_ifName|','Rhq01 - Traffic - Vl2029','<path_rra>/rhq01_traffic_in_292.rrd','','on','',300,'',3),(300,4,293,4,2,NULL,'|host_description| - Traffic - |query_ifName|','Rhq01 - Traffic - Vl2254','<path_rra>/rhq01_traffic_in_293.rrd','','on','',300,'',3),(301,4,294,4,2,NULL,'|host_description| - Traffic - |query_ifName|','Rhq01 - Traffic - Vl999','<path_rra>/rhq01_traffic_in_294.rrd','','on','',300,'',3),(302,1,295,1,1,NULL,'|host_description| - 5 Minute CPU','VMwlc01 - 5 Minute CPU','<path_rra>/vmwlc01_5min_cpu_295.rrd','','on','',300,'',3),(303,2,296,2,13,NULL,'|host_description| -  Advanced Ping','VMwlc01 -  Advanced Ping','<path_rra>/vmwlc01_loss_296.rrd','','on','',300,'',3),(304,4,297,4,2,NULL,'|host_description| - Traffic - |query_ifName|','VMwlc01 - Traffic - GigabitEthernet0/0/1','<path_rra>/vmwlc01_traffic_in_297.rrd','','on','',300,'',3),(305,4,298,4,2,NULL,'|host_description| - Traffic - |query_ifName|','mc01 - Traffic - GE1/0','<path_rra>/mc01_traffic_in_298.rrd','','on','',300,'',3);
/*!40000 ALTER TABLE `data_template_data` ENABLE KEYS */;
UNLOCK TABLES;

--
-- Table structure for table `data_template_rrd`
--

DROP TABLE IF EXISTS `data_template_rrd`;
/*!40101 SET @saved_cs_client     = @@character_set_client */;
/*!40101 SET character_set_client = utf8 */;
CREATE TABLE `data_template_rrd` (
  `id` mediumint(8) unsigned NOT NULL AUTO_INCREMENT,
  `hash` varchar(32) COLLATE utf8mb4_unicode_ci NOT NULL DEFAULT '',
  `local_data_template_rrd_id` mediumint(8) unsigned NOT NULL DEFAULT 0,
  `local_data_id` mediumint(8) unsigned NOT NULL DEFAULT 0,
  `data_template_id` mediumint(8) unsigned NOT NULL DEFAULT 0,
  `t_rrd_maximum` char(2) COLLATE utf8mb4_unicode_ci DEFAULT NULL,
  `rrd_maximum` varchar(20) COLLATE utf8mb4_unicode_ci NOT NULL DEFAULT '0',
  `t_rrd_minimum` char(2) COLLATE utf8mb4_unicode_ci DEFAULT NULL,
  `rrd_minimum` varchar(20) COLLATE utf8mb4_unicode_ci NOT NULL DEFAULT '0',
  `t_rrd_heartbeat` char(2) COLLATE utf8mb4_unicode_ci DEFAULT NULL,
  `rrd_heartbeat` mediumint(6) NOT NULL DEFAULT 0,
  `t_data_source_type_id` char(2) COLLATE utf8mb4_unicode_ci DEFAULT NULL,
  `data_source_type_id` smallint(5) NOT NULL DEFAULT 0,
  `t_data_source_name` char(2) COLLATE utf8mb4_unicode_ci DEFAULT NULL,
  `data_source_name` varchar(19) COLLATE utf8mb4_unicode_ci NOT NULL DEFAULT '',
  `t_data_input_field_id` char(2) COLLATE utf8mb4_unicode_ci DEFAULT NULL,
  `data_input_field_id` mediumint(8) unsigned NOT NULL DEFAULT 0,
  PRIMARY KEY (`id`),
  UNIQUE KEY `duplicate_dsname_contraint` (`local_data_id`,`data_source_name`,`data_template_id`),
  KEY `local_data_id` (`local_data_id`),
  KEY `data_template_id` (`data_template_id`),
  KEY `local_data_template_rrd_id` (`local_data_template_rrd_id`)
) ENGINE=InnoDB AUTO_INCREMENT=865 DEFAULT CHARSET=utf8mb4 COLLATE=utf8mb4_unicode_ci ROW_FORMAT=DYNAMIC;
/*!40101 SET character_set_client = @saved_cs_client */;

--
-- Dumping data for table `data_template_rrd`
--

LOCK TABLES `data_template_rrd` WRITE;
/*!40000 ALTER TABLE `data_template_rrd` DISABLE KEYS */;
INSERT INTO `data_template_rrd` VALUES (1,'3c0fd1a188b64a662dfbfa985648397b',0,0,1,'','100','','0','',600,'',1,'','5min_cpu','',0),(2,'7d463038911077b759e662d1d3b399ed',0,0,2,'','100','','0','',600,'',1,'','loss','',47),(3,'66f673792256a3ea04ec9961eba47fb5',0,0,2,'','500','','0','',600,'',1,'','avg','',50),(4,'be2761605f59f3eba221a28c088efb73',0,0,2,'','500','','0','',600,'',1,'','max','',49),(5,'5d834e3d35e2c980126cd2a14e89ab6d',0,0,2,'','500','','0','',600,'',1,'','dev','',48),(6,'cd17c680d33f47f54a5d2bcda4fbfbf0',0,0,2,'','500','','0','',600,'',1,'','min','',51),(7,'c802e2fd77f5b0a4c4298951bf65957c',0,0,3,'','10000000','','0','',600,'',2,'','errors_in','',0),(8,'4e2a72240955380dc8ffacfcc8c09874',0,0,3,'','10000000','','0','',600,'',2,'','discards_in','',0),(9,'13ebb33f9cbccfcba828db1075a8167c',0,0,3,'','10000000','','0','',600,'',2,'','discards_out','',0),(10,'31399c3725bee7e09ec04049e3d5cd17',0,0,3,'','10000000','','0','',600,'',2,'','errors_out','',0),(11,'2df25c57022b0c7e7d0be4c035ada1a0',0,0,4,'','U','','0','',600,'',2,'','traffic_in','',0),(12,'721c0794526d1ac1c359f27dc56faa49',0,0,4,'','U','','0','',600,'',2,'','traffic_out','',0),(13,'a05184f5255edf0d433cb818b788afce',0,0,5,'','U','','0','',600,'',1,'','usedReal','',59),(14,'ca3b962da8cf74165184937db6d368dc',0,0,5,'','U','','0','',600,'',1,'','totalReal','',64),(15,'6584c1db510c08785e6ec50dc7f8f34e',0,0,5,'','U','','0','',600,'',1,'','memCached','',68),(16,'f16053962f2fd6b4ba15a6e20f9042f8',0,0,5,'','U','','0','',600,'',1,'','memBuffer','',67),(17,'06d29dbf98ea4321a24e6fb118f73715',0,0,5,'','U','','0','',600,'',1,'','availSwap','',70),(18,'1b9090d854db561b22be5b9ee9faac92',0,0,5,'','U','','0','',600,'',1,'','totalSwap','',69),(19,'3733b38d9d8f13e3fb56d1d8a2fc926c',0,0,5,'','U','','0','',600,'',1,'','availReal','',66),(20,'8c61f584d287664da6f4a1a3ac299930',0,0,5,'','U','','0','',600,'',1,'','usedSwap','',61),(21,'0ee6bb54957f6795a5369a29f818d860',0,0,6,'','U','','0','',600,'',1,'','hdd_used','',0),(22,'165a0da5f461561c85d092dfe96b9551',0,0,6,'','U','','0','',600,'',1,'','hdd_total','',0),(23,'9825aaf7c0bdf1554c5b4b86680ac2c0',0,0,7,'','U','','0','',600,'',1,'','cpu','',0),(24,'',2,1,2,NULL,'100',NULL,'0',NULL,600,NULL,1,NULL,'loss',NULL,47),(25,'',3,1,2,NULL,'500',NULL,'0',NULL,600,NULL,1,NULL,'avg',NULL,50),(26,'',4,1,2,NULL,'500',NULL,'0',NULL,600,NULL,1,NULL,'max',NULL,49),(27,'',5,1,2,NULL,'500',NULL,'0',NULL,600,NULL,1,NULL,'dev',NULL,48),(28,'',6,1,2,NULL,'500',NULL,'0',NULL,600,NULL,1,NULL,'min',NULL,51),(29,'',1,2,1,NULL,'100',NULL,'0',NULL,600,NULL,1,NULL,'5min_cpu',NULL,0),(34,'',7,4,3,NULL,'10000000',NULL,'0',NULL,600,NULL,2,NULL,'errors_in',NULL,0),(35,'',8,4,3,NULL,'10000000',NULL,'0',NULL,600,NULL,2,NULL,'discards_in',NULL,0),(36,'',9,4,3,NULL,'10000000',NULL,'0',NULL,600,NULL,2,NULL,'discards_out',NULL,0),(37,'',10,4,3,NULL,'10000000',NULL,'0',NULL,600,NULL,2,NULL,'errors_out',NULL,0),(38,'',7,5,3,NULL,'10000000',NULL,'0',NULL,600,NULL,2,NULL,'errors_in',NULL,0),(39,'',8,5,3,NULL,'10000000',NULL,'0',NULL,600,NULL,2,NULL,'discards_in',NULL,0),(40,'',9,5,3,NULL,'10000000',NULL,'0',NULL,600,NULL,2,NULL,'discards_out',NULL,0),(41,'',10,5,3,NULL,'10000000',NULL,'0',NULL,600,NULL,2,NULL,'errors_out',NULL,0),(58,'',11,10,4,NULL,'U',NULL,'0',NULL,600,NULL,2,NULL,'traffic_in',NULL,0),(59,'',12,10,4,NULL,'U',NULL,'0',NULL,600,NULL,2,NULL,'traffic_out',NULL,0),(60,'',11,11,4,NULL,'U',NULL,'0',NULL,600,NULL,2,NULL,'traffic_in',NULL,0),(61,'',12,11,4,NULL,'U',NULL,'0',NULL,600,NULL,2,NULL,'traffic_out',NULL,0),(62,'',11,12,4,NULL,'U',NULL,'0',NULL,600,NULL,2,NULL,'traffic_in',NULL,0),(63,'',12,12,4,NULL,'U',NULL,'0',NULL,600,NULL,2,NULL,'traffic_out',NULL,0),(64,'',11,13,4,NULL,'U',NULL,'0',NULL,600,NULL,2,NULL,'traffic_in',NULL,0),(65,'',12,13,4,NULL,'U',NULL,'0',NULL,600,NULL,2,NULL,'traffic_out',NULL,0),(66,'',11,14,4,NULL,'U',NULL,'0',NULL,600,NULL,2,NULL,'traffic_in',NULL,0),(67,'',12,14,4,NULL,'U',NULL,'0',NULL,600,NULL,2,NULL,'traffic_out',NULL,0),(68,'',11,15,4,NULL,'U',NULL,'0',NULL,600,NULL,2,NULL,'traffic_in',NULL,0),(69,'',12,15,4,NULL,'U',NULL,'0',NULL,600,NULL,2,NULL,'traffic_out',NULL,0),(70,'',11,16,4,NULL,'U',NULL,'0',NULL,600,NULL,2,NULL,'traffic_in',NULL,0),(71,'',12,16,4,NULL,'U',NULL,'0',NULL,600,NULL,2,NULL,'traffic_out',NULL,0),(100,'',2,27,2,NULL,'100',NULL,'0',NULL,600,NULL,1,NULL,'loss',NULL,47),(101,'',3,27,2,NULL,'500',NULL,'0',NULL,600,NULL,1,NULL,'avg',NULL,50),(102,'',4,27,2,NULL,'500',NULL,'0',NULL,600,NULL,1,NULL,'max',NULL,49),(103,'',5,27,2,NULL,'500',NULL,'0',NULL,600,NULL,1,NULL,'dev',NULL,48),(104,'',6,27,2,NULL,'500',NULL,'0',NULL,600,NULL,1,NULL,'min',NULL,51),(113,'',21,29,6,NULL,'U',NULL,'0',NULL,600,NULL,1,NULL,'hdd_used',NULL,0),(114,'',22,29,6,NULL,'U',NULL,'0',NULL,600,NULL,1,NULL,'hdd_total',NULL,0),(115,'',21,30,6,NULL,'U',NULL,'0',NULL,600,NULL,1,NULL,'hdd_used',NULL,0),(116,'',22,30,6,NULL,'U',NULL,'0',NULL,600,NULL,1,NULL,'hdd_total',NULL,0),(117,'',21,31,6,NULL,'U',NULL,'0',NULL,600,NULL,1,NULL,'hdd_used',NULL,0),(118,'',22,31,6,NULL,'U',NULL,'0',NULL,600,NULL,1,NULL,'hdd_total',NULL,0),(119,'',21,32,6,NULL,'U',NULL,'0',NULL,600,NULL,1,NULL,'hdd_used',NULL,0),(120,'',22,32,6,NULL,'U',NULL,'0',NULL,600,NULL,1,NULL,'hdd_total',NULL,0),(121,'',21,33,6,NULL,'U',NULL,'0',NULL,600,NULL,1,NULL,'hdd_used',NULL,0),(122,'',22,33,6,NULL,'U',NULL,'0',NULL,600,NULL,1,NULL,'hdd_total',NULL,0),(123,'',21,34,6,NULL,'U',NULL,'0',NULL,600,NULL,1,NULL,'hdd_used',NULL,0),(124,'',22,34,6,NULL,'U',NULL,'0',NULL,600,NULL,1,NULL,'hdd_total',NULL,0),(125,'',21,35,6,NULL,'U',NULL,'0',NULL,600,NULL,1,NULL,'hdd_used',NULL,0),(126,'',22,35,6,NULL,'U',NULL,'0',NULL,600,NULL,1,NULL,'hdd_total',NULL,0),(127,'',23,36,7,NULL,'U',NULL,'0',NULL,600,NULL,1,NULL,'cpu',NULL,0),(128,'',2,37,2,NULL,'100',NULL,'0',NULL,600,NULL,1,NULL,'loss',NULL,47),(129,'',3,37,2,NULL,'500',NULL,'0',NULL,600,NULL,1,NULL,'avg',NULL,50),(130,'',4,37,2,NULL,'500',NULL,'0',NULL,600,NULL,1,NULL,'max',NULL,49),(131,'',5,37,2,NULL,'500',NULL,'0',NULL,600,NULL,1,NULL,'dev',NULL,48),(132,'',6,37,2,NULL,'500',NULL,'0',NULL,600,NULL,1,NULL,'min',NULL,51),(133,'',1,38,1,NULL,'100',NULL,'0',NULL,600,NULL,1,NULL,'5min_cpu',NULL,0),(134,'',11,39,4,NULL,'U',NULL,'0',NULL,600,NULL,2,NULL,'traffic_in',NULL,0),(135,'',12,39,4,NULL,'U',NULL,'0',NULL,600,NULL,2,NULL,'traffic_out',NULL,0),(136,'',11,40,4,NULL,'U',NULL,'0',NULL,600,NULL,2,NULL,'traffic_in',NULL,0),(137,'',12,40,4,NULL,'U',NULL,'0',NULL,600,NULL,2,NULL,'traffic_out',NULL,0),(138,'',11,41,4,NULL,'U',NULL,'0',NULL,600,NULL,2,NULL,'traffic_in',NULL,0),(139,'',12,41,4,NULL,'U',NULL,'0',NULL,600,NULL,2,NULL,'traffic_out',NULL,0),(148,'',8,44,3,NULL,'10000000',NULL,'0',NULL,600,NULL,2,NULL,'discards_in',NULL,0),(149,'',9,44,3,NULL,'10000000',NULL,'0',NULL,600,NULL,2,NULL,'discards_out',NULL,0),(150,'',7,44,3,NULL,'10000000',NULL,'0',NULL,600,NULL,2,NULL,'errors_in',NULL,0),(151,'',10,44,3,NULL,'10000000',NULL,'0',NULL,600,NULL,2,NULL,'errors_out',NULL,0),(348,'',2,115,2,NULL,'100',NULL,'0',NULL,600,NULL,1,NULL,'loss',NULL,47),(349,'',3,115,2,NULL,'500',NULL,'0',NULL,600,NULL,1,NULL,'avg',NULL,50),(350,'',4,115,2,NULL,'500',NULL,'0',NULL,600,NULL,1,NULL,'max',NULL,49),(351,'',5,115,2,NULL,'500',NULL,'0',NULL,600,NULL,1,NULL,'dev',NULL,48),(352,'',6,115,2,NULL,'500',NULL,'0',NULL,600,NULL,1,NULL,'min',NULL,51),(361,'',21,117,6,NULL,'U',NULL,'0',NULL,600,NULL,1,NULL,'hdd_used',NULL,0),(362,'',22,117,6,NULL,'U',NULL,'0',NULL,600,NULL,1,NULL,'hdd_total',NULL,0),(363,'',23,118,7,NULL,'U',NULL,'0',NULL,600,NULL,1,NULL,'cpu',NULL,0),(364,'',23,119,7,NULL,'U',NULL,'0',NULL,600,NULL,1,NULL,'cpu',NULL,0),(365,'',23,120,7,NULL,'U',NULL,'0',NULL,600,NULL,1,NULL,'cpu',NULL,0),(366,'',23,121,7,NULL,'U',NULL,'0',NULL,600,NULL,1,NULL,'cpu',NULL,0),(367,'',23,122,7,NULL,'U',NULL,'0',NULL,600,NULL,1,NULL,'cpu',NULL,0),(368,'',23,123,7,NULL,'U',NULL,'0',NULL,600,NULL,1,NULL,'cpu',NULL,0),(369,'',23,124,7,NULL,'U',NULL,'0',NULL,600,NULL,1,NULL,'cpu',NULL,0),(370,'',23,125,7,NULL,'U',NULL,'0',NULL,600,NULL,1,NULL,'cpu',NULL,0),(371,'',23,126,7,NULL,'U',NULL,'0',NULL,600,NULL,1,NULL,'cpu',NULL,0),(448,'',13,151,5,NULL,'U',NULL,'0',NULL,600,NULL,1,NULL,'usedReal',NULL,59),(449,'',14,151,5,NULL,'U',NULL,'0',NULL,600,NULL,1,NULL,'totalReal',NULL,64),(450,'',15,151,5,NULL,'U',NULL,'0',NULL,600,NULL,1,NULL,'memCached',NULL,68),(451,'',16,151,5,NULL,'U',NULL,'0',NULL,600,NULL,1,NULL,'memBuffer',NULL,67),(452,'',17,151,5,NULL,'U',NULL,'0',NULL,600,NULL,1,NULL,'availSwap',NULL,70),(453,'',18,151,5,NULL,'U',NULL,'0',NULL,600,NULL,1,NULL,'totalSwap',NULL,69),(454,'',19,151,5,NULL,'U',NULL,'0',NULL,600,NULL,1,NULL,'availReal',NULL,66),(455,'',20,151,5,NULL,'U',NULL,'0',NULL,600,NULL,1,NULL,'usedSwap',NULL,61),(488,'',2,156,2,NULL,'100',NULL,'0',NULL,600,NULL,1,NULL,'loss',NULL,47),(489,'',3,156,2,NULL,'500',NULL,'0',NULL,600,NULL,1,NULL,'avg',NULL,50),(490,'',4,156,2,NULL,'500',NULL,'0',NULL,600,NULL,1,NULL,'max',NULL,49),(491,'',5,156,2,NULL,'500',NULL,'0',NULL,600,NULL,1,NULL,'dev',NULL,48),(492,'',6,156,2,NULL,'500',NULL,'0',NULL,600,NULL,1,NULL,'min',NULL,51),(493,'',1,157,1,NULL,'100',NULL,'0',NULL,600,NULL,1,NULL,'5min_cpu',NULL,0),(494,'',11,158,4,NULL,'U',NULL,'0',NULL,600,NULL,2,NULL,'traffic_in',NULL,0),(495,'',12,158,4,NULL,'U',NULL,'0',NULL,600,NULL,2,NULL,'traffic_out',NULL,0),(496,'',11,159,4,NULL,'U',NULL,'0',NULL,600,NULL,2,NULL,'traffic_in',NULL,0),(497,'',12,159,4,NULL,'U',NULL,'0',NULL,600,NULL,2,NULL,'traffic_out',NULL,0),(498,'',11,160,4,NULL,'U',NULL,'0',NULL,600,NULL,2,NULL,'traffic_in',NULL,0),(499,'',12,160,4,NULL,'U',NULL,'0',NULL,600,NULL,2,NULL,'traffic_out',NULL,0),(500,'',11,161,4,NULL,'U',NULL,'0',NULL,600,NULL,2,NULL,'traffic_in',NULL,0),(501,'',12,161,4,NULL,'U',NULL,'0',NULL,600,NULL,2,NULL,'traffic_out',NULL,0),(507,'',11,163,4,NULL,'U',NULL,'0',NULL,600,NULL,2,NULL,'traffic_in',NULL,0),(508,'',12,163,4,NULL,'U',NULL,'0',NULL,600,NULL,2,NULL,'traffic_out',NULL,0),(513,'',11,165,4,NULL,'U',NULL,'0',NULL,600,NULL,2,NULL,'traffic_in',NULL,0),(514,'',12,165,4,NULL,'U',NULL,'0',NULL,600,NULL,2,NULL,'traffic_out',NULL,0),(527,'',11,169,4,NULL,'U',NULL,'0',NULL,600,NULL,2,NULL,'traffic_in',NULL,0),(528,'',12,169,4,NULL,'U',NULL,'0',NULL,600,NULL,2,NULL,'traffic_out',NULL,0),(529,'',11,170,4,NULL,'U',NULL,'0',NULL,600,NULL,2,NULL,'traffic_in',NULL,0),(530,'',12,170,4,NULL,'U',NULL,'0',NULL,600,NULL,2,NULL,'traffic_out',NULL,0),(531,'',11,171,4,NULL,'U',NULL,'0',NULL,600,NULL,2,NULL,'traffic_in',NULL,0),(532,'',12,171,4,NULL,'U',NULL,'0',NULL,600,NULL,2,NULL,'traffic_out',NULL,0),(545,'',11,175,4,NULL,'U',NULL,'0',NULL,600,NULL,2,NULL,'traffic_in',NULL,0),(546,'',12,175,4,NULL,'U',NULL,'0',NULL,600,NULL,2,NULL,'traffic_out',NULL,0),(551,'',11,177,4,NULL,'U',NULL,'0',NULL,600,NULL,2,NULL,'traffic_in',NULL,0),(552,'',12,177,4,NULL,'U',NULL,'0',NULL,600,NULL,2,NULL,'traffic_out',NULL,0),(553,'',11,178,4,NULL,'U',NULL,'0',NULL,600,NULL,2,NULL,'traffic_in',NULL,0),(554,'',12,178,4,NULL,'U',NULL,'0',NULL,600,NULL,2,NULL,'traffic_out',NULL,0),(555,'',11,179,4,NULL,'U',NULL,'0',NULL,600,NULL,2,NULL,'traffic_in',NULL,0),(556,'',12,179,4,NULL,'U',NULL,'0',NULL,600,NULL,2,NULL,'traffic_out',NULL,0),(557,'',7,180,3,NULL,'10000000',NULL,'0',NULL,600,NULL,2,NULL,'errors_in',NULL,0),(558,'',8,180,3,NULL,'10000000',NULL,'0',NULL,600,NULL,2,NULL,'discards_in',NULL,0),(559,'',9,180,3,NULL,'10000000',NULL,'0',NULL,600,NULL,2,NULL,'discards_out',NULL,0),(560,'',10,180,3,NULL,'10000000',NULL,'0',NULL,600,NULL,2,NULL,'errors_out',NULL,0),(561,'',7,181,3,NULL,'10000000',NULL,'0',NULL,600,NULL,2,NULL,'errors_in',NULL,0),(562,'',8,181,3,NULL,'10000000',NULL,'0',NULL,600,NULL,2,NULL,'discards_in',NULL,0),(563,'',9,181,3,NULL,'10000000',NULL,'0',NULL,600,NULL,2,NULL,'discards_out',NULL,0),(564,'',10,181,3,NULL,'10000000',NULL,'0',NULL,600,NULL,2,NULL,'errors_out',NULL,0),(581,'',11,186,4,NULL,'U',NULL,'0',NULL,600,NULL,2,NULL,'traffic_in',NULL,0),(582,'',12,186,4,NULL,'U',NULL,'0',NULL,600,NULL,2,NULL,'traffic_out',NULL,0),(583,'',2,187,2,NULL,'100',NULL,'0',NULL,600,NULL,1,NULL,'loss',NULL,47),(584,'',3,187,2,NULL,'500',NULL,'0',NULL,600,NULL,1,NULL,'avg',NULL,50),(585,'',4,187,2,NULL,'500',NULL,'0',NULL,600,NULL,1,NULL,'max',NULL,49),(586,'',5,187,2,NULL,'500',NULL,'0',NULL,600,NULL,1,NULL,'dev',NULL,48),(587,'',6,187,2,NULL,'500',NULL,'0',NULL,600,NULL,1,NULL,'min',NULL,51),(588,'',11,188,4,NULL,'U',NULL,'0',NULL,600,NULL,2,NULL,'traffic_in',NULL,0),(589,'',12,188,4,NULL,'U',NULL,'0',NULL,600,NULL,2,NULL,'traffic_out',NULL,0),(590,'',11,189,4,NULL,'U',NULL,'0',NULL,600,NULL,2,NULL,'traffic_in',NULL,0),(591,'',12,189,4,NULL,'U',NULL,'0',NULL,600,NULL,2,NULL,'traffic_out',NULL,0),(592,'',11,190,4,NULL,'U',NULL,'0',NULL,600,NULL,2,NULL,'traffic_in',NULL,0),(593,'',12,190,4,NULL,'U',NULL,'0',NULL,600,NULL,2,NULL,'traffic_out',NULL,0),(594,'',11,191,4,NULL,'U',NULL,'0',NULL,600,NULL,2,NULL,'traffic_in',NULL,0),(595,'',12,191,4,NULL,'U',NULL,'0',NULL,600,NULL,2,NULL,'traffic_out',NULL,0),(596,'',11,192,4,NULL,'U',NULL,'0',NULL,600,NULL,2,NULL,'traffic_in',NULL,0),(597,'',12,192,4,NULL,'U',NULL,'0',NULL,600,NULL,2,NULL,'traffic_out',NULL,0),(598,'',11,193,4,NULL,'U',NULL,'0',NULL,600,NULL,2,NULL,'traffic_in',NULL,0),(599,'',12,193,4,NULL,'U',NULL,'0',NULL,600,NULL,2,NULL,'traffic_out',NULL,0),(600,'',11,194,4,NULL,'U',NULL,'0',NULL,600,NULL,2,NULL,'traffic_in',NULL,0),(601,'',12,194,4,NULL,'U',NULL,'0',NULL,600,NULL,2,NULL,'traffic_out',NULL,0),(602,'',11,195,4,NULL,'U',NULL,'0',NULL,600,NULL,2,NULL,'traffic_in',NULL,0),(603,'',12,195,4,NULL,'U',NULL,'0',NULL,600,NULL,2,NULL,'traffic_out',NULL,0),(604,'',11,196,4,NULL,'U',NULL,'0',NULL,600,NULL,2,NULL,'traffic_in',NULL,0),(605,'',12,196,4,NULL,'U',NULL,'0',NULL,600,NULL,2,NULL,'traffic_out',NULL,0),(606,'',7,197,3,NULL,'10000000',NULL,'0',NULL,600,NULL,2,NULL,'errors_in',NULL,0),(607,'',8,197,3,NULL,'10000000',NULL,'0',NULL,600,NULL,2,NULL,'discards_in',NULL,0),(608,'',9,197,3,NULL,'10000000',NULL,'0',NULL,600,NULL,2,NULL,'discards_out',NULL,0),(609,'',10,197,3,NULL,'10000000',NULL,'0',NULL,600,NULL,2,NULL,'errors_out',NULL,0),(610,'',7,198,3,NULL,'10000000',NULL,'0',NULL,600,NULL,2,NULL,'errors_in',NULL,0),(611,'',8,198,3,NULL,'10000000',NULL,'0',NULL,600,NULL,2,NULL,'discards_in',NULL,0),(612,'',9,198,3,NULL,'10000000',NULL,'0',NULL,600,NULL,2,NULL,'discards_out',NULL,0),(613,'',10,198,3,NULL,'10000000',NULL,'0',NULL,600,NULL,2,NULL,'errors_out',NULL,0),(646,'',11,207,4,NULL,'U',NULL,'0',NULL,600,NULL,2,NULL,'traffic_in',NULL,0),(647,'',12,207,4,NULL,'U',NULL,'0',NULL,600,NULL,2,NULL,'traffic_out',NULL,0),(656,'',11,210,4,NULL,'U',NULL,'0',NULL,600,NULL,2,NULL,'traffic_in',NULL,0),(657,'',12,210,4,NULL,'U',NULL,'0',NULL,600,NULL,2,NULL,'traffic_out',NULL,0),(658,'',11,211,4,NULL,'U',NULL,'0',NULL,600,NULL,2,NULL,'traffic_in',NULL,0),(659,'',12,211,4,NULL,'U',NULL,'0',NULL,600,NULL,2,NULL,'traffic_out',NULL,0),(660,'',2,212,2,NULL,'100',NULL,'0',NULL,600,NULL,1,NULL,'loss',NULL,47),(661,'',3,212,2,NULL,'500',NULL,'0',NULL,600,NULL,1,NULL,'avg',NULL,50),(662,'',4,212,2,NULL,'500',NULL,'0',NULL,600,NULL,1,NULL,'max',NULL,49),(663,'',5,212,2,NULL,'500',NULL,'0',NULL,600,NULL,1,NULL,'dev',NULL,48),(664,'',6,212,2,NULL,'500',NULL,'0',NULL,600,NULL,1,NULL,'min',NULL,51),(665,'',21,213,6,NULL,'U',NULL,'0',NULL,600,NULL,1,NULL,'hdd_used',NULL,0),(666,'',22,213,6,NULL,'U',NULL,'0',NULL,600,NULL,1,NULL,'hdd_total',NULL,0),(667,'',21,214,6,NULL,'U',NULL,'0',NULL,600,NULL,1,NULL,'hdd_used',NULL,0),(668,'',22,214,6,NULL,'U',NULL,'0',NULL,600,NULL,1,NULL,'hdd_total',NULL,0),(669,'',21,215,6,NULL,'U',NULL,'0',NULL,600,NULL,1,NULL,'hdd_used',NULL,0),(670,'',22,215,6,NULL,'U',NULL,'0',NULL,600,NULL,1,NULL,'hdd_total',NULL,0),(671,'',21,216,6,NULL,'U',NULL,'0',NULL,600,NULL,1,NULL,'hdd_used',NULL,0),(672,'',22,216,6,NULL,'U',NULL,'0',NULL,600,NULL,1,NULL,'hdd_total',NULL,0),(673,'',21,217,6,NULL,'U',NULL,'0',NULL,600,NULL,1,NULL,'hdd_used',NULL,0),(674,'',22,217,6,NULL,'U',NULL,'0',NULL,600,NULL,1,NULL,'hdd_total',NULL,0),(675,'',23,218,7,NULL,'U',NULL,'0',NULL,600,NULL,1,NULL,'cpu',NULL,0),(676,'',23,219,7,NULL,'U',NULL,'0',NULL,600,NULL,1,NULL,'cpu',NULL,0),(677,'',23,220,7,NULL,'U',NULL,'0',NULL,600,NULL,1,NULL,'cpu',NULL,0),(678,'',23,221,7,NULL,'U',NULL,'0',NULL,600,NULL,1,NULL,'cpu',NULL,0),(679,'',23,222,7,NULL,'U',NULL,'0',NULL,600,NULL,1,NULL,'cpu',NULL,0),(680,'',11,223,4,NULL,'U',NULL,'0',NULL,600,NULL,2,NULL,'traffic_in',NULL,0),(681,'',12,223,4,NULL,'U',NULL,'0',NULL,600,NULL,2,NULL,'traffic_out',NULL,0),(686,'',1,225,1,NULL,'100',NULL,'0',NULL,600,NULL,1,NULL,'5min_cpu',NULL,0),(687,'',2,226,2,NULL,'100',NULL,'0',NULL,600,NULL,1,NULL,'loss',NULL,47),(688,'',3,226,2,NULL,'500',NULL,'0',NULL,600,NULL,1,NULL,'avg',NULL,50),(689,'',4,226,2,NULL,'500',NULL,'0',NULL,600,NULL,1,NULL,'max',NULL,49),(690,'',5,226,2,NULL,'500',NULL,'0',NULL,600,NULL,1,NULL,'dev',NULL,48),(691,'',6,226,2,NULL,'500',NULL,'0',NULL,600,NULL,1,NULL,'min',NULL,51),(724,'',7,235,3,NULL,'10000000',NULL,'0',NULL,600,NULL,2,NULL,'errors_in',NULL,0),(725,'',8,235,3,NULL,'10000000',NULL,'0',NULL,600,NULL,2,NULL,'discards_in',NULL,0),(726,'',9,235,3,NULL,'10000000',NULL,'0',NULL,600,NULL,2,NULL,'discards_out',NULL,0),(727,'',10,235,3,NULL,'10000000',NULL,'0',NULL,600,NULL,2,NULL,'errors_out',NULL,0),(728,'',11,236,4,NULL,'U',NULL,'0',NULL,600,NULL,2,NULL,'traffic_in',NULL,0),(729,'',12,236,4,NULL,'U',NULL,'0',NULL,600,NULL,2,NULL,'traffic_out',NULL,0),(730,'',11,237,4,NULL,'U',NULL,'0',NULL,600,NULL,2,NULL,'traffic_in',NULL,0),(731,'',12,237,4,NULL,'U',NULL,'0',NULL,600,NULL,2,NULL,'traffic_out',NULL,0),(732,'',11,238,4,NULL,'U',NULL,'0',NULL,600,NULL,2,NULL,'traffic_in',NULL,0),(733,'',12,238,4,NULL,'U',NULL,'0',NULL,600,NULL,2,NULL,'traffic_out',NULL,0),(734,'',11,239,4,NULL,'U',NULL,'0',NULL,600,NULL,2,NULL,'traffic_in',NULL,0),(735,'',12,239,4,NULL,'U',NULL,'0',NULL,600,NULL,2,NULL,'traffic_out',NULL,0),(736,'',11,240,4,NULL,'U',NULL,'0',NULL,600,NULL,2,NULL,'traffic_in',NULL,0),(737,'',12,240,4,NULL,'U',NULL,'0',NULL,600,NULL,2,NULL,'traffic_out',NULL,0),(738,'',11,241,4,NULL,'U',NULL,'0',NULL,600,NULL,2,NULL,'traffic_in',NULL,0),(739,'',12,241,4,NULL,'U',NULL,'0',NULL,600,NULL,2,NULL,'traffic_out',NULL,0),(740,'',11,242,4,NULL,'U',NULL,'0',NULL,600,NULL,2,NULL,'traffic_in',NULL,0),(741,'',12,242,4,NULL,'U',NULL,'0',NULL,600,NULL,2,NULL,'traffic_out',NULL,0),(742,'',11,243,4,NULL,'U',NULL,'0',NULL,600,NULL,2,NULL,'traffic_in',NULL,0),(743,'',12,243,4,NULL,'U',NULL,'0',NULL,600,NULL,2,NULL,'traffic_out',NULL,0),(744,'',11,244,4,NULL,'U',NULL,'0',NULL,600,NULL,2,NULL,'traffic_in',NULL,0),(745,'',12,244,4,NULL,'U',NULL,'0',NULL,600,NULL,2,NULL,'traffic_out',NULL,0),(746,'',1,245,1,NULL,'100',NULL,'0',NULL,600,NULL,1,NULL,'5min_cpu',NULL,0),(747,'',2,246,2,NULL,'100',NULL,'0',NULL,600,NULL,1,NULL,'loss',NULL,47),(748,'',3,246,2,NULL,'500',NULL,'0',NULL,600,NULL,1,NULL,'avg',NULL,50),(749,'',4,246,2,NULL,'500',NULL,'0',NULL,600,NULL,1,NULL,'max',NULL,49),(750,'',5,246,2,NULL,'500',NULL,'0',NULL,600,NULL,1,NULL,'dev',NULL,48),(751,'',6,246,2,NULL,'500',NULL,'0',NULL,600,NULL,1,NULL,'min',NULL,51),(752,'',11,247,4,NULL,'U',NULL,'0',NULL,600,NULL,2,NULL,'traffic_in',NULL,0),(753,'',12,247,4,NULL,'U',NULL,'0',NULL,600,NULL,2,NULL,'traffic_out',NULL,0),(754,'',11,248,4,NULL,'U',NULL,'0',NULL,600,NULL,2,NULL,'traffic_in',NULL,0),(755,'',12,248,4,NULL,'U',NULL,'0',NULL,600,NULL,2,NULL,'traffic_out',NULL,0),(756,'',11,249,4,NULL,'U',NULL,'0',NULL,600,NULL,2,NULL,'traffic_in',NULL,0),(757,'',12,249,4,NULL,'U',NULL,'0',NULL,600,NULL,2,NULL,'traffic_out',NULL,0),(758,'',11,250,4,NULL,'U',NULL,'0',NULL,600,NULL,2,NULL,'traffic_in',NULL,0),(759,'',12,250,4,NULL,'U',NULL,'0',NULL,600,NULL,2,NULL,'traffic_out',NULL,0),(760,'',11,251,4,NULL,'U',NULL,'0',NULL,600,NULL,2,NULL,'traffic_in',NULL,0),(761,'',12,251,4,NULL,'U',NULL,'0',NULL,600,NULL,2,NULL,'traffic_out',NULL,0),(762,'',11,252,4,NULL,'U',NULL,'0',NULL,600,NULL,2,NULL,'traffic_in',NULL,0),(763,'',12,252,4,NULL,'U',NULL,'0',NULL,600,NULL,2,NULL,'traffic_out',NULL,0),(764,'',11,253,4,NULL,'U',NULL,'0',NULL,600,NULL,2,NULL,'traffic_in',NULL,0),(765,'',12,253,4,NULL,'U',NULL,'0',NULL,600,NULL,2,NULL,'traffic_out',NULL,0),(766,'',11,254,4,NULL,'U',NULL,'0',NULL,600,NULL,2,NULL,'traffic_in',NULL,0),(767,'',12,254,4,NULL,'U',NULL,'0',NULL,600,NULL,2,NULL,'traffic_out',NULL,0),(768,'',11,255,4,NULL,'U',NULL,'0',NULL,600,NULL,2,NULL,'traffic_in',NULL,0),(769,'',12,255,4,NULL,'U',NULL,'0',NULL,600,NULL,2,NULL,'traffic_out',NULL,0),(770,'',2,256,2,NULL,'100',NULL,'0',NULL,600,NULL,1,NULL,'loss',NULL,47),(771,'',3,256,2,NULL,'500',NULL,'0',NULL,600,NULL,1,NULL,'avg',NULL,50),(772,'',4,256,2,NULL,'500',NULL,'0',NULL,600,NULL,1,NULL,'max',NULL,49),(773,'',5,256,2,NULL,'500',NULL,'0',NULL,600,NULL,1,NULL,'dev',NULL,48),(774,'',6,256,2,NULL,'500',NULL,'0',NULL,600,NULL,1,NULL,'min',NULL,51),(775,'',13,257,5,NULL,'U',NULL,'0',NULL,600,NULL,1,NULL,'usedReal',NULL,59),(776,'',14,257,5,NULL,'U',NULL,'0',NULL,600,NULL,1,NULL,'totalReal',NULL,64),(777,'',15,257,5,NULL,'U',NULL,'0',NULL,600,NULL,1,NULL,'memCached',NULL,68),(778,'',16,257,5,NULL,'U',NULL,'0',NULL,600,NULL,1,NULL,'memBuffer',NULL,67),(779,'',17,257,5,NULL,'U',NULL,'0',NULL,600,NULL,1,NULL,'availSwap',NULL,70),(780,'',18,257,5,NULL,'U',NULL,'0',NULL,600,NULL,1,NULL,'totalSwap',NULL,69),(781,'',19,257,5,NULL,'U',NULL,'0',NULL,600,NULL,1,NULL,'availReal',NULL,66),(782,'',20,257,5,NULL,'U',NULL,'0',NULL,600,NULL,1,NULL,'usedSwap',NULL,61),(783,'',21,258,6,NULL,'U',NULL,'0',NULL,600,NULL,1,NULL,'hdd_used',NULL,0),(784,'',22,258,6,NULL,'U',NULL,'0',NULL,600,NULL,1,NULL,'hdd_total',NULL,0),(785,'',21,259,6,NULL,'U',NULL,'0',NULL,600,NULL,1,NULL,'hdd_used',NULL,0),(786,'',22,259,6,NULL,'U',NULL,'0',NULL,600,NULL,1,NULL,'hdd_total',NULL,0),(787,'',21,260,6,NULL,'U',NULL,'0',NULL,600,NULL,1,NULL,'hdd_used',NULL,0),(788,'',22,260,6,NULL,'U',NULL,'0',NULL,600,NULL,1,NULL,'hdd_total',NULL,0),(789,'',21,261,6,NULL,'U',NULL,'0',NULL,600,NULL,1,NULL,'hdd_used',NULL,0),(790,'',22,261,6,NULL,'U',NULL,'0',NULL,600,NULL,1,NULL,'hdd_total',NULL,0),(791,'',21,262,6,NULL,'U',NULL,'0',NULL,600,NULL,1,NULL,'hdd_used',NULL,0),(792,'',22,262,6,NULL,'U',NULL,'0',NULL,600,NULL,1,NULL,'hdd_total',NULL,0),(793,'',21,263,6,NULL,'U',NULL,'0',NULL,600,NULL,1,NULL,'hdd_used',NULL,0),(794,'',22,263,6,NULL,'U',NULL,'0',NULL,600,NULL,1,NULL,'hdd_total',NULL,0),(795,'',21,264,6,NULL,'U',NULL,'0',NULL,600,NULL,1,NULL,'hdd_used',NULL,0),(796,'',22,264,6,NULL,'U',NULL,'0',NULL,600,NULL,1,NULL,'hdd_total',NULL,0),(797,'',21,265,6,NULL,'U',NULL,'0',NULL,600,NULL,1,NULL,'hdd_used',NULL,0),(798,'',22,265,6,NULL,'U',NULL,'0',NULL,600,NULL,1,NULL,'hdd_total',NULL,0),(799,'',21,266,6,NULL,'U',NULL,'0',NULL,600,NULL,1,NULL,'hdd_used',NULL,0),(800,'',22,266,6,NULL,'U',NULL,'0',NULL,600,NULL,1,NULL,'hdd_total',NULL,0),(801,'',21,267,6,NULL,'U',NULL,'0',NULL,600,NULL,1,NULL,'hdd_used',NULL,0),(802,'',22,267,6,NULL,'U',NULL,'0',NULL,600,NULL,1,NULL,'hdd_total',NULL,0),(803,'',21,268,6,NULL,'U',NULL,'0',NULL,600,NULL,1,NULL,'hdd_used',NULL,0),(804,'',22,268,6,NULL,'U',NULL,'0',NULL,600,NULL,1,NULL,'hdd_total',NULL,0),(805,'',21,269,6,NULL,'U',NULL,'0',NULL,600,NULL,1,NULL,'hdd_used',NULL,0),(806,'',22,269,6,NULL,'U',NULL,'0',NULL,600,NULL,1,NULL,'hdd_total',NULL,0),(807,'',21,270,6,NULL,'U',NULL,'0',NULL,600,NULL,1,NULL,'hdd_used',NULL,0),(808,'',22,270,6,NULL,'U',NULL,'0',NULL,600,NULL,1,NULL,'hdd_total',NULL,0),(809,'',23,271,7,NULL,'U',NULL,'0',NULL,600,NULL,1,NULL,'cpu',NULL,0),(810,'',23,272,7,NULL,'U',NULL,'0',NULL,600,NULL,1,NULL,'cpu',NULL,0),(811,'',23,273,7,NULL,'U',NULL,'0',NULL,600,NULL,1,NULL,'cpu',NULL,0),(812,'',23,274,7,NULL,'U',NULL,'0',NULL,600,NULL,1,NULL,'cpu',NULL,0),(813,'',23,275,7,NULL,'U',NULL,'0',NULL,600,NULL,1,NULL,'cpu',NULL,0),(814,'',11,276,4,NULL,'U',NULL,'0',NULL,600,NULL,2,NULL,'traffic_in',NULL,0),(815,'',12,276,4,NULL,'U',NULL,'0',NULL,600,NULL,2,NULL,'traffic_out',NULL,0),(816,'',2,277,2,NULL,'100',NULL,'0',NULL,600,NULL,1,NULL,'loss',NULL,47),(817,'',3,277,2,NULL,'500',NULL,'0',NULL,600,NULL,1,NULL,'avg',NULL,50),(818,'',4,277,2,NULL,'500',NULL,'0',NULL,600,NULL,1,NULL,'max',NULL,49),(819,'',5,277,2,NULL,'500',NULL,'0',NULL,600,NULL,1,NULL,'dev',NULL,48),(820,'',6,277,2,NULL,'500',NULL,'0',NULL,600,NULL,1,NULL,'min',NULL,51),(821,'',11,278,4,NULL,'U',NULL,'0',NULL,600,NULL,2,NULL,'traffic_in',NULL,0),(822,'',12,278,4,NULL,'U',NULL,'0',NULL,600,NULL,2,NULL,'traffic_out',NULL,0),(823,'',11,279,4,NULL,'U',NULL,'0',NULL,600,NULL,2,NULL,'traffic_in',NULL,0),(824,'',12,279,4,NULL,'U',NULL,'0',NULL,600,NULL,2,NULL,'traffic_out',NULL,0),(825,'',11,280,4,NULL,'U',NULL,'0',NULL,600,NULL,2,NULL,'traffic_in',NULL,0),(826,'',12,280,4,NULL,'U',NULL,'0',NULL,600,NULL,2,NULL,'traffic_out',NULL,0),(827,'',11,281,4,NULL,'U',NULL,'0',NULL,600,NULL,2,NULL,'traffic_in',NULL,0),(828,'',12,281,4,NULL,'U',NULL,'0',NULL,600,NULL,2,NULL,'traffic_out',NULL,0),(829,'',11,282,4,NULL,'U',NULL,'0',NULL,600,NULL,2,NULL,'traffic_in',NULL,0),(830,'',12,282,4,NULL,'U',NULL,'0',NULL,600,NULL,2,NULL,'traffic_out',NULL,0),(831,'',11,283,4,NULL,'U',NULL,'0',NULL,600,NULL,2,NULL,'traffic_in',NULL,0),(832,'',12,283,4,NULL,'U',NULL,'0',NULL,600,NULL,2,NULL,'traffic_out',NULL,0),(833,'',11,284,4,NULL,'U',NULL,'0',NULL,600,NULL,2,NULL,'traffic_in',NULL,0),(834,'',12,284,4,NULL,'U',NULL,'0',NULL,600,NULL,2,NULL,'traffic_out',NULL,0),(835,'',11,285,4,NULL,'U',NULL,'0',NULL,600,NULL,2,NULL,'traffic_in',NULL,0),(836,'',12,285,4,NULL,'U',NULL,'0',NULL,600,NULL,2,NULL,'traffic_out',NULL,0),(837,'',11,286,4,NULL,'U',NULL,'0',NULL,600,NULL,2,NULL,'traffic_in',NULL,0),(838,'',12,286,4,NULL,'U',NULL,'0',NULL,600,NULL,2,NULL,'traffic_out',NULL,0),(839,'',11,287,4,NULL,'U',NULL,'0',NULL,600,NULL,2,NULL,'traffic_in',NULL,0),(840,'',12,287,4,NULL,'U',NULL,'0',NULL,600,NULL,2,NULL,'traffic_out',NULL,0),(841,'',11,288,4,NULL,'U',NULL,'0',NULL,600,NULL,2,NULL,'traffic_in',NULL,0),(842,'',12,288,4,NULL,'U',NULL,'0',NULL,600,NULL,2,NULL,'traffic_out',NULL,0),(843,'',11,289,4,NULL,'U',NULL,'0',NULL,600,NULL,2,NULL,'traffic_in',NULL,0),(844,'',12,289,4,NULL,'U',NULL,'0',NULL,600,NULL,2,NULL,'traffic_out',NULL,0),(845,'',11,290,4,NULL,'U',NULL,'0',NULL,600,NULL,2,NULL,'traffic_in',NULL,0),(846,'',12,290,4,NULL,'U',NULL,'0',NULL,600,NULL,2,NULL,'traffic_out',NULL,0),(847,'',11,291,4,NULL,'U',NULL,'0',NULL,600,NULL,2,NULL,'traffic_in',NULL,0),(848,'',12,291,4,NULL,'U',NULL,'0',NULL,600,NULL,2,NULL,'traffic_out',NULL,0),(849,'',11,292,4,NULL,'U',NULL,'0',NULL,600,NULL,2,NULL,'traffic_in',NULL,0),(850,'',12,292,4,NULL,'U',NULL,'0',NULL,600,NULL,2,NULL,'traffic_out',NULL,0),(851,'',11,293,4,NULL,'U',NULL,'0',NULL,600,NULL,2,NULL,'traffic_in',NULL,0),(852,'',12,293,4,NULL,'U',NULL,'0',NULL,600,NULL,2,NULL,'traffic_out',NULL,0),(853,'',11,294,4,NULL,'U',NULL,'0',NULL,600,NULL,2,NULL,'traffic_in',NULL,0),(854,'',12,294,4,NULL,'U',NULL,'0',NULL,600,NULL,2,NULL,'traffic_out',NULL,0),(855,'',1,295,1,NULL,'100',NULL,'0',NULL,600,NULL,1,NULL,'5min_cpu',NULL,0),(856,'',2,296,2,NULL,'100',NULL,'0',NULL,600,NULL,1,NULL,'loss',NULL,47),(857,'',3,296,2,NULL,'500',NULL,'0',NULL,600,NULL,1,NULL,'avg',NULL,50),(858,'',4,296,2,NULL,'500',NULL,'0',NULL,600,NULL,1,NULL,'max',NULL,49),(859,'',5,296,2,NULL,'500',NULL,'0',NULL,600,NULL,1,NULL,'dev',NULL,48),(860,'',6,296,2,NULL,'500',NULL,'0',NULL,600,NULL,1,NULL,'min',NULL,51),(861,'',11,297,4,NULL,'U',NULL,'0',NULL,600,NULL,2,NULL,'traffic_in',NULL,0),(862,'',12,297,4,NULL,'U',NULL,'0',NULL,600,NULL,2,NULL,'traffic_out',NULL,0),(863,'',11,298,4,NULL,'U',NULL,'0',NULL,600,NULL,2,NULL,'traffic_in',NULL,0),(864,'',12,298,4,NULL,'U',NULL,'0',NULL,600,NULL,2,NULL,'traffic_out',NULL,0);
/*!40000 ALTER TABLE `data_template_rrd` ENABLE KEYS */;
UNLOCK TABLES;

--
-- Table structure for table `external_links`
--

DROP TABLE IF EXISTS `external_links`;
/*!40101 SET @saved_cs_client     = @@character_set_client */;
/*!40101 SET character_set_client = utf8 */;
CREATE TABLE `external_links` (
  `id` int(11) NOT NULL AUTO_INCREMENT,
  `sortorder` int(11) NOT NULL DEFAULT 0,
  `enabled` char(2) COLLATE utf8mb4_unicode_ci DEFAULT 'on',
  `contentfile` varchar(255) COLLATE utf8mb4_unicode_ci NOT NULL DEFAULT '',
  `title` varchar(20) COLLATE utf8mb4_unicode_ci NOT NULL DEFAULT '',
  `style` varchar(10) COLLATE utf8mb4_unicode_ci NOT NULL DEFAULT '',
  `extendedstyle` varchar(50) COLLATE utf8mb4_unicode_ci NOT NULL DEFAULT '',
  `refresh` int(10) unsigned DEFAULT NULL,
  PRIMARY KEY (`id`)
) ENGINE=InnoDB DEFAULT CHARSET=utf8mb4 COLLATE=utf8mb4_unicode_ci ROW_FORMAT=DYNAMIC COMMENT='Contains external links that are embedded into Cacti';
/*!40101 SET character_set_client = @saved_cs_client */;

--
-- Dumping data for table `external_links`
--

LOCK TABLES `external_links` WRITE;
/*!40000 ALTER TABLE `external_links` DISABLE KEYS */;
/*!40000 ALTER TABLE `external_links` ENABLE KEYS */;
UNLOCK TABLES;

--
-- Table structure for table `graph_local`
--

DROP TABLE IF EXISTS `graph_local`;
/*!40101 SET @saved_cs_client     = @@character_set_client */;
/*!40101 SET character_set_client = utf8 */;
CREATE TABLE `graph_local` (
  `id` mediumint(8) unsigned NOT NULL AUTO_INCREMENT,
  `graph_template_id` mediumint(8) unsigned NOT NULL DEFAULT 0,
  `host_id` mediumint(8) unsigned NOT NULL DEFAULT 0,
  `snmp_query_id` mediumint(8) NOT NULL DEFAULT 0,
  `snmp_query_graph_id` mediumint(8) NOT NULL DEFAULT 0,
  `snmp_index` varchar(255) COLLATE utf8mb4_unicode_ci NOT NULL DEFAULT '',
  PRIMARY KEY (`id`),
  KEY `host_id` (`host_id`),
  KEY `graph_template_id` (`graph_template_id`),
  KEY `snmp_query_id` (`snmp_query_id`),
  KEY `snmp_query_graph_id` (`snmp_query_graph_id`),
  KEY `snmp_index` (`snmp_index`)
) ENGINE=InnoDB AUTO_INCREMENT=299 DEFAULT CHARSET=utf8mb4 COLLATE=utf8mb4_unicode_ci ROW_FORMAT=DYNAMIC COMMENT='Creates a relationship for each item in a custom graph.';
/*!40101 SET character_set_client = @saved_cs_client */;

--
-- Dumping data for table `graph_local`
--

LOCK TABLES `graph_local` WRITE;
/*!40000 ALTER TABLE `graph_local` DISABLE KEYS */;
INSERT INTO `graph_local` VALUES (1,2,1,0,0,''),(2,1,1,0,0,''),(4,3,1,1,2,'3'),(5,3,1,1,2,'4'),(10,4,1,1,1,'2'),(11,4,1,1,1,'3'),(12,4,1,1,1,'4'),(13,4,1,1,1,'10'),(14,4,1,1,1,'20'),(15,4,1,1,1,''),(16,4,1,1,1,''),(27,2,3,0,0,''),(29,6,3,2,3,'1'),(30,6,3,2,3,'3'),(31,6,3,2,3,'6'),(32,6,3,2,3,'7'),(33,6,3,2,3,'8'),(34,6,3,2,3,'10'),(35,6,3,2,3,'31'),(36,7,3,3,4,'4000'),(37,2,4,0,0,''),(38,1,4,0,0,''),(39,4,4,1,1,''),(40,4,4,1,1,''),(41,4,4,1,1,''),(44,3,4,1,2,''),(115,2,12,0,0,''),(117,6,12,2,3,'5'),(118,7,12,3,4,'0'),(119,7,12,3,4,'1'),(120,7,12,3,4,'2'),(121,7,12,3,4,'3'),(122,7,12,3,4,'4'),(123,7,12,3,4,'5'),(124,7,12,3,4,'6'),(125,7,12,3,4,'7'),(126,7,12,3,4,'4000'),(151,5,3,0,0,''),(156,2,15,0,0,''),(157,1,15,0,0,''),(158,4,15,1,1,'6'),(159,4,15,1,1,'7'),(160,4,15,1,1,'13'),(161,4,15,1,1,'43'),(163,4,15,1,1,''),(165,4,1,1,1,'6'),(169,4,4,1,1,'2'),(170,4,4,1,1,'28'),(171,4,4,1,1,''),(175,4,15,1,1,'48'),(177,4,4,1,1,'3'),(178,4,1,1,1,'5'),(179,4,1,1,1,'41'),(180,3,1,1,2,'5'),(181,3,1,1,2,'6'),(186,4,1,1,1,'37'),(187,2,17,0,0,''),(188,4,17,1,1,'4'),(189,4,17,1,1,'5'),(190,4,17,1,1,''),(191,4,17,1,1,'101020252'),(192,4,17,1,1,'300000001'),(193,4,17,1,1,'400000200'),(194,4,17,1,1,'400000206'),(195,4,17,1,1,'400000210'),(196,4,17,1,1,'400000216'),(197,3,17,1,2,'4'),(198,3,17,1,2,'5'),(207,4,17,1,1,''),(210,4,17,1,1,'3'),(211,4,17,1,1,'400002255'),(212,2,18,0,0,''),(213,6,18,2,3,'1'),(214,6,18,2,3,''),(215,6,18,2,3,'2'),(216,6,18,2,3,'4'),(217,6,18,2,3,'5'),(218,7,18,3,4,'0'),(219,7,18,3,4,'1'),(220,7,18,3,4,'2'),(221,7,18,3,4,'3'),(222,7,18,3,4,'4000'),(223,4,18,1,1,'8'),(225,1,19,0,0,''),(226,2,19,0,0,''),(235,3,19,1,2,'10101'),(236,4,19,1,1,'10001'),(237,4,19,1,1,'10002'),(238,4,19,1,1,'10003'),(239,4,19,1,1,'10004'),(240,4,19,1,1,'10005'),(241,4,19,1,1,'10006'),(242,4,19,1,1,'10007'),(243,4,19,1,1,'10008'),(244,4,19,1,1,'10101'),(245,1,20,0,0,''),(246,2,20,0,0,''),(247,4,20,1,1,'10001'),(248,4,20,1,1,'10002'),(249,4,20,1,1,'10003'),(250,4,20,1,1,'10004'),(251,4,20,1,1,'10005'),(252,4,20,1,1,'10006'),(253,4,20,1,1,'10007'),(254,4,20,1,1,'10008'),(255,4,20,1,1,'10101'),(256,2,21,0,0,''),(257,5,21,0,0,''),(258,6,21,2,3,'1'),(259,6,21,2,3,'3'),(260,6,21,2,3,'6'),(261,6,21,2,3,'7'),(262,6,21,2,3,'8'),(263,6,21,2,3,'10'),(264,6,21,2,3,'35'),(265,6,21,2,3,'37'),(266,6,21,2,3,'38'),(267,6,21,2,3,'55'),(268,6,21,2,3,'60'),(269,6,21,2,3,'61'),(270,6,21,2,3,'82'),(271,7,21,3,4,'0'),(272,7,21,3,4,'1'),(273,7,21,3,4,'2'),(274,7,21,3,4,'3'),(275,7,21,3,4,'4000'),(276,4,21,1,1,'2'),(277,2,22,0,0,''),(278,4,17,1,1,'101020011'),(279,4,17,1,1,''),(280,4,17,1,1,'101020016'),(281,4,17,1,1,'101024011'),(282,4,17,1,1,''),(283,4,17,1,1,'101024016'),(284,4,17,1,1,'300000064'),(285,4,4,1,1,'1'),(286,4,4,1,1,'29'),(287,4,4,1,1,'37'),(288,4,4,1,1,'38'),(289,4,4,1,1,'39'),(290,4,4,1,1,'40'),(291,4,4,1,1,'41'),(292,4,4,1,1,'43'),(293,4,4,1,1,'44'),(294,4,4,1,1,'48'),(295,1,23,0,0,''),(296,2,23,0,0,''),(297,4,23,1,1,'1'),(298,4,22,1,1,'4097');
/*!40000 ALTER TABLE `graph_local` ENABLE KEYS */;
UNLOCK TABLES;

--
-- Table structure for table `graph_template_input`
--

DROP TABLE IF EXISTS `graph_template_input`;
/*!40101 SET @saved_cs_client     = @@character_set_client */;
/*!40101 SET character_set_client = utf8 */;
CREATE TABLE `graph_template_input` (
  `id` mediumint(8) unsigned NOT NULL AUTO_INCREMENT,
  `hash` varchar(32) COLLATE utf8mb4_unicode_ci NOT NULL DEFAULT '',
  `graph_template_id` mediumint(8) unsigned NOT NULL DEFAULT 0,
  `name` varchar(255) COLLATE utf8mb4_unicode_ci NOT NULL DEFAULT '',
  `description` mediumtext COLLATE utf8mb4_unicode_ci DEFAULT NULL,
  `column_name` varchar(50) COLLATE utf8mb4_unicode_ci NOT NULL DEFAULT '',
  PRIMARY KEY (`id`)
) ENGINE=InnoDB AUTO_INCREMENT=23 DEFAULT CHARSET=utf8mb4 COLLATE=utf8mb4_unicode_ci ROW_FORMAT=DYNAMIC COMMENT='Stores the names for graph item input groups.';
/*!40101 SET character_set_client = @saved_cs_client */;

--
-- Dumping data for table `graph_template_input`
--

LOCK TABLES `graph_template_input` WRITE;
/*!40000 ALTER TABLE `graph_template_input` DISABLE KEYS */;
INSERT INTO `graph_template_input` VALUES (1,'bb9d83a02261583bc1f92d9e66ea705d',1,'CPU Usage Data Source','','task_item_id'),(2,'7adcd2f061e112d8bb612c8a750d6f04',2,'Data Source [dev]','','task_item_id'),(3,'16e4e8ba85f38541a3f7f020da0caf44',2,'Data Source [loss]','','task_item_id'),(4,'70f20b83f3fef7fb5ceab65fe8008672',2,'Data Source [max]','','task_item_id'),(5,'86417fa9a87776d6d5f68e55e8d19945',2,'Data Source [avg]','','task_item_id'),(6,'dda8e90a526aa57d628c94a3cd4c673f',2,'Data Source [min]','','task_item_id'),(7,'fa83cd3a3b4271b644cb6459ea8c35dc',3,'Discards In Data Source','','task_item_id'),(8,'7946e8ee1e38a65462b85e31a15e35e5',3,'Errors In Data Source','','task_item_id'),(9,'e5acdd5368137c408d56ecf55b0e077c',3,'Discards Out Data Source','','task_item_id'),(10,'a028e586e5fae667127c655fe0ac67f0',3,'Errors Out Data Source','','task_item_id'),(11,'717eebf1e91cc60275f4bb823abe5fcf',4,'Data Source [traffic_in]','','task_item_id'),(12,'b9e90b1ce118ec56a1e70bdf8ab78e09',4,'Data Source [traffic_out]','','task_item_id'),(13,'e2a00ee69ed568f4e27de93ed85c0dfc',5,'Data Source [totalReal]','','task_item_id'),(14,'7992c7196dfe319d97cdfbd2e578aae9',5,'Data Source [usedMem]','','task_item_id'),(15,'a3f20c4c1bcb24f67df2cad22a365fca',5,'Data Source [memCached]','','task_item_id'),(16,'650ed85fab2dbc7654e26477b4d358ed',5,'Data Source [availReal]','','task_item_id'),(17,'764efe201daa98091db299fa69800c7b',5,'Data Source [usedSwap]','','task_item_id'),(18,'facebe169d128de8f7028bec4d4b3429',5,'Data Source [memBuffer]','','task_item_id'),(19,'7bb645259d754fc54d350197b2b8d842',6,'Data Source [hdd_total]','','task_item_id'),(20,'a548a1510e7c72efcbd9b45431d811a9',6,'Data Source [hdd_used]','','task_item_id'),(21,'658d5e2e10fa4145c43b3c63479cc36a',6,'Data Source [hdd_total]','','task_item_id'),(22,'bdad718851a52b82eca0a310b0238450',7,'CPU Utilization Data Source','','task_item_id');
/*!40000 ALTER TABLE `graph_template_input` ENABLE KEYS */;
UNLOCK TABLES;

--
-- Table structure for table `graph_template_input_defs`
--

DROP TABLE IF EXISTS `graph_template_input_defs`;
/*!40101 SET @saved_cs_client     = @@character_set_client */;
/*!40101 SET character_set_client = utf8 */;
CREATE TABLE `graph_template_input_defs` (
  `graph_template_input_id` mediumint(8) unsigned NOT NULL DEFAULT 0,
  `graph_template_item_id` int(12) unsigned NOT NULL DEFAULT 0,
  PRIMARY KEY (`graph_template_input_id`,`graph_template_item_id`),
  KEY `graph_template_input_id` (`graph_template_input_id`)
) ENGINE=InnoDB DEFAULT CHARSET=utf8mb4 COLLATE=utf8mb4_unicode_ci ROW_FORMAT=DYNAMIC COMMENT='Stores the relationship for what graph items are associated';
/*!40101 SET character_set_client = @saved_cs_client */;

--
-- Dumping data for table `graph_template_input_defs`
--

LOCK TABLES `graph_template_input_defs` WRITE;
/*!40000 ALTER TABLE `graph_template_input_defs` DISABLE KEYS */;
INSERT INTO `graph_template_input_defs` VALUES (1,1),(1,2),(1,3),(1,4),(2,9),(2,18),(2,55),(2,56),(2,57),(2,58),(2,59),(3,8),(3,31),(3,32),(3,33),(3,34),(4,7),(4,50),(4,51),(4,52),(4,53),(4,54),(5,6),(5,21),(5,45),(5,46),(5,47),(5,48),(5,49),(6,5),(6,10),(6,19),(6,41),(6,42),(6,43),(6,44),(7,60),(7,61),(7,62),(7,63),(8,64),(8,65),(8,66),(8,67),(9,68),(9,69),(9,70),(9,71),(10,72),(10,73),(10,74),(10,75),(11,76),(11,77),(11,78),(11,79),(12,80),(12,81),(12,82),(12,83),(13,109),(13,110),(14,84),(14,85),(14,86),(14,87),(14,88),(15,94),(15,95),(15,96),(15,97),(15,98),(16,99),(16,100),(16,101),(16,102),(16,103),(17,104),(17,105),(17,106),(17,107),(17,108),(18,89),(18,90),(18,91),(18,92),(18,93),(20,111),(20,112),(20,113),(20,114),(20,115),(20,116),(20,117),(20,118),(20,119),(20,120),(20,126),(21,121),(21,122),(21,123),(21,124),(21,125),(22,127),(22,128),(22,129),(22,130),(22,131);
/*!40000 ALTER TABLE `graph_template_input_defs` ENABLE KEYS */;
UNLOCK TABLES;

--
-- Table structure for table `graph_templates`
--

DROP TABLE IF EXISTS `graph_templates`;
/*!40101 SET @saved_cs_client     = @@character_set_client */;
/*!40101 SET character_set_client = utf8 */;
CREATE TABLE `graph_templates` (
  `id` mediumint(8) unsigned NOT NULL AUTO_INCREMENT,
  `hash` char(32) COLLATE utf8mb4_unicode_ci NOT NULL DEFAULT '',
  `name` char(255) COLLATE utf8mb4_unicode_ci NOT NULL DEFAULT '',
  `multiple` char(2) COLLATE utf8mb4_unicode_ci NOT NULL DEFAULT '',
  PRIMARY KEY (`id`),
  KEY `multiple_name` (`multiple`,`name`(171)),
  KEY `name` (`name`(171))
) ENGINE=InnoDB AUTO_INCREMENT=8 DEFAULT CHARSET=utf8mb4 COLLATE=utf8mb4_unicode_ci ROW_FORMAT=DYNAMIC COMMENT='Contains each graph template name.';
/*!40101 SET character_set_client = @saved_cs_client */;

--
-- Dumping data for table `graph_templates`
--

LOCK TABLES `graph_templates` WRITE;
/*!40000 ALTER TABLE `graph_templates` DISABLE KEYS */;
INSERT INTO `graph_templates` VALUES (1,'9a5e6d7781cc1bd6cf24f64dd6ffb423','GT - CPU Usage Cisco',''),(2,'3295e1523e05db86487c11d359218bbe','GT - Advanced Ping',''),(3,'06621cd4a9289417cadcb8f9b5cfba80','GT - Interface - Errors/Discards',''),(4,'df9f91bd5dd41401ea9ea6351210bc29','GT - Interface - Traffic (bps)',''),(5,'417710a0cad0af62c9cfc43e724b46bd','GT - Linux Memory Usage',''),(6,'48d8631be3bd9c586bf23cc094a24a31','GT - Disk/Memory Usage Bytes',''),(7,'c6bb62bedec4ab97f9db9fd780bd85a6','GT - CPU Usage Windows/Linux','');
/*!40000 ALTER TABLE `graph_templates` ENABLE KEYS */;
UNLOCK TABLES;

--
-- Table structure for table `graph_templates_gprint`
--

DROP TABLE IF EXISTS `graph_templates_gprint`;
/*!40101 SET @saved_cs_client     = @@character_set_client */;
/*!40101 SET character_set_client = utf8 */;
CREATE TABLE `graph_templates_gprint` (
  `id` mediumint(8) unsigned NOT NULL AUTO_INCREMENT,
  `hash` varchar(32) COLLATE utf8mb4_unicode_ci NOT NULL DEFAULT '',
  `name` varchar(100) COLLATE utf8mb4_unicode_ci NOT NULL DEFAULT '',
  `gprint_text` varchar(255) COLLATE utf8mb4_unicode_ci DEFAULT NULL,
  PRIMARY KEY (`id`),
  KEY `name` (`name`)
) ENGINE=InnoDB AUTO_INCREMENT=7 DEFAULT CHARSET=utf8mb4 COLLATE=utf8mb4_unicode_ci ROW_FORMAT=DYNAMIC;
/*!40101 SET character_set_client = @saved_cs_client */;

--
-- Dumping data for table `graph_templates_gprint`
--

LOCK TABLES `graph_templates_gprint` WRITE;
/*!40000 ALTER TABLE `graph_templates_gprint` DISABLE KEYS */;
INSERT INTO `graph_templates_gprint` VALUES (2,'e9c43831e54eca8069317a2ce8c6f751','Normal','%8.2lf %s'),(3,'19414480d6897c8731c7dc6c5310653e','Exact Numbers','%8.0lf'),(4,'304a778405392f878a6db435afffc1e9','Load Average','%8.2lf'),(5,'fc9f65c03c3566d93c3a28e1cb5aac93','Percentage as Decimal','%6.2lf%%'),(6,'4e72328b57f5f2bb08a83a477b6cd10c','Percent','%8.1lf %%');
/*!40000 ALTER TABLE `graph_templates_gprint` ENABLE KEYS */;
UNLOCK TABLES;

--
-- Table structure for table `graph_templates_graph`
--

DROP TABLE IF EXISTS `graph_templates_graph`;
/*!40101 SET @saved_cs_client     = @@character_set_client */;
/*!40101 SET character_set_client = utf8 */;
CREATE TABLE `graph_templates_graph` (
  `id` mediumint(8) unsigned NOT NULL AUTO_INCREMENT,
  `local_graph_template_graph_id` mediumint(8) unsigned NOT NULL DEFAULT 0,
  `local_graph_id` mediumint(8) unsigned NOT NULL DEFAULT 0,
  `graph_template_id` mediumint(8) unsigned NOT NULL DEFAULT 0,
  `t_image_format_id` char(2) COLLATE utf8mb4_unicode_ci DEFAULT '',
  `image_format_id` tinyint(1) NOT NULL DEFAULT 0,
  `t_title` char(2) COLLATE utf8mb4_unicode_ci DEFAULT '',
  `title` varchar(255) COLLATE utf8mb4_unicode_ci NOT NULL DEFAULT '',
  `title_cache` varchar(255) COLLATE utf8mb4_unicode_ci NOT NULL DEFAULT '',
  `t_height` char(2) COLLATE utf8mb4_unicode_ci DEFAULT '',
  `height` mediumint(8) NOT NULL DEFAULT 0,
  `t_width` char(2) COLLATE utf8mb4_unicode_ci DEFAULT '',
  `width` mediumint(8) NOT NULL DEFAULT 0,
  `t_upper_limit` char(2) COLLATE utf8mb4_unicode_ci DEFAULT '',
  `upper_limit` varchar(20) COLLATE utf8mb4_unicode_ci NOT NULL DEFAULT '0',
  `t_lower_limit` char(2) COLLATE utf8mb4_unicode_ci DEFAULT '',
  `lower_limit` varchar(20) COLLATE utf8mb4_unicode_ci NOT NULL DEFAULT '0',
  `t_vertical_label` char(2) COLLATE utf8mb4_unicode_ci DEFAULT '',
  `vertical_label` varchar(200) COLLATE utf8mb4_unicode_ci DEFAULT NULL,
  `t_slope_mode` char(2) COLLATE utf8mb4_unicode_ci DEFAULT '',
  `slope_mode` char(2) COLLATE utf8mb4_unicode_ci DEFAULT 'on',
  `t_auto_scale` char(2) COLLATE utf8mb4_unicode_ci DEFAULT '',
  `auto_scale` char(2) COLLATE utf8mb4_unicode_ci DEFAULT NULL,
  `t_auto_scale_opts` char(2) COLLATE utf8mb4_unicode_ci DEFAULT '',
  `auto_scale_opts` tinyint(1) NOT NULL DEFAULT 0,
  `t_auto_scale_log` char(2) COLLATE utf8mb4_unicode_ci DEFAULT '',
  `auto_scale_log` char(2) COLLATE utf8mb4_unicode_ci DEFAULT NULL,
  `t_scale_log_units` char(2) COLLATE utf8mb4_unicode_ci DEFAULT '',
  `scale_log_units` char(2) COLLATE utf8mb4_unicode_ci DEFAULT NULL,
  `t_auto_scale_rigid` char(2) COLLATE utf8mb4_unicode_ci DEFAULT '',
  `auto_scale_rigid` char(2) COLLATE utf8mb4_unicode_ci DEFAULT NULL,
  `t_auto_padding` char(2) COLLATE utf8mb4_unicode_ci DEFAULT '',
  `auto_padding` char(2) COLLATE utf8mb4_unicode_ci DEFAULT NULL,
  `t_base_value` char(2) COLLATE utf8mb4_unicode_ci DEFAULT '',
  `base_value` mediumint(8) NOT NULL DEFAULT 0,
  `t_grouping` char(2) COLLATE utf8mb4_unicode_ci DEFAULT '',
  `grouping` char(2) COLLATE utf8mb4_unicode_ci NOT NULL DEFAULT '',
  `t_unit_value` char(2) COLLATE utf8mb4_unicode_ci DEFAULT '',
  `unit_value` varchar(20) COLLATE utf8mb4_unicode_ci DEFAULT NULL,
  `t_unit_exponent_value` char(2) COLLATE utf8mb4_unicode_ci DEFAULT '',
  `unit_exponent_value` varchar(5) COLLATE utf8mb4_unicode_ci NOT NULL DEFAULT '',
  `t_alt_y_grid` char(2) COLLATE utf8mb4_unicode_ci DEFAULT '',
  `alt_y_grid` char(2) COLLATE utf8mb4_unicode_ci DEFAULT NULL,
  `t_right_axis` char(2) COLLATE utf8mb4_unicode_ci DEFAULT '',
  `right_axis` varchar(20) COLLATE utf8mb4_unicode_ci DEFAULT NULL,
  `t_right_axis_label` char(2) COLLATE utf8mb4_unicode_ci DEFAULT '',
  `right_axis_label` varchar(200) COLLATE utf8mb4_unicode_ci DEFAULT NULL,
  `t_right_axis_format` char(2) COLLATE utf8mb4_unicode_ci DEFAULT '',
  `right_axis_format` mediumint(8) DEFAULT NULL,
  `t_right_axis_formatter` char(2) COLLATE utf8mb4_unicode_ci DEFAULT '',
  `right_axis_formatter` varchar(10) COLLATE utf8mb4_unicode_ci DEFAULT NULL,
  `t_left_axis_formatter` char(2) COLLATE utf8mb4_unicode_ci DEFAULT '',
  `left_axis_formatter` varchar(10) COLLATE utf8mb4_unicode_ci DEFAULT NULL,
  `t_no_gridfit` char(2) COLLATE utf8mb4_unicode_ci DEFAULT '',
  `no_gridfit` char(2) COLLATE utf8mb4_unicode_ci DEFAULT NULL,
  `t_unit_length` char(2) COLLATE utf8mb4_unicode_ci DEFAULT '',
  `unit_length` varchar(10) COLLATE utf8mb4_unicode_ci DEFAULT NULL,
  `t_tab_width` char(2) COLLATE utf8mb4_unicode_ci DEFAULT '',
  `tab_width` varchar(20) COLLATE utf8mb4_unicode_ci DEFAULT '30',
  `t_dynamic_labels` char(2) COLLATE utf8mb4_unicode_ci DEFAULT '',
  `dynamic_labels` char(2) COLLATE utf8mb4_unicode_ci DEFAULT NULL,
  `t_force_rules_legend` char(2) COLLATE utf8mb4_unicode_ci DEFAULT '',
  `force_rules_legend` char(2) COLLATE utf8mb4_unicode_ci DEFAULT NULL,
  `t_legend_position` char(2) COLLATE utf8mb4_unicode_ci DEFAULT '',
  `legend_position` varchar(10) COLLATE utf8mb4_unicode_ci DEFAULT NULL,
  `t_legend_direction` char(2) COLLATE utf8mb4_unicode_ci DEFAULT '',
  `legend_direction` varchar(10) COLLATE utf8mb4_unicode_ci DEFAULT NULL,
  PRIMARY KEY (`id`),
  KEY `local_graph_id` (`local_graph_id`),
  KEY `graph_template_id` (`graph_template_id`),
  KEY `title_cache` (`title_cache`(191))
) ENGINE=InnoDB AUTO_INCREMENT=306 DEFAULT CHARSET=utf8mb4 COLLATE=utf8mb4_unicode_ci ROW_FORMAT=DYNAMIC COMMENT='Stores the actual graph data.';
/*!40101 SET character_set_client = @saved_cs_client */;

--
-- Dumping data for table `graph_templates_graph`
--

LOCK TABLES `graph_templates_graph` WRITE;
/*!40000 ALTER TABLE `graph_templates_graph` DISABLE KEYS */;
INSERT INTO `graph_templates_graph` VALUES (1,0,0,1,'',1,'','|host_description| - CPU Usage','','',200,'',700,'','100','','0','','percent','','on','','','',2,'','','','','','on','','on','',1000,'','','','','','','','','','','','','',0,'','0','','0','','','','','','40','','','','','','0','','0'),(2,0,0,2,'',1,'','|host_description| - Advanced Ping','','',200,'',700,'','100','','0','','seconds','','on','','on','',2,'','','','','','on','','on','',1000,'','','','','','','','','','','','','',0,'','0','','0','','','','','','30','','','','','','0','','0'),(3,0,0,3,'',1,'on','|host_description| - Errors/Discards','','',200,'',700,'','100','','0','','errors/sec','','on','','on','',2,'','','','','','on','','on','',1000,'','','','','','','','','','','','','',0,'','0','','0','','','','','','','','','','','','0','','0'),(4,0,0,4,'',1,'on','|host_description| - Traffic','','',200,'',700,'','100000000','','0','','bits per second','','on','','on','',2,'','','','','','on','','on','',1000,'','','','','','','','','','','','','',0,'','0','','0','','','','','','','','','','','','0','','0'),(5,0,0,5,'',1,'','|host_description| - Memory Usage','','',200,'',700,'','0','','0','','bytes','','on','','on','',2,'','','','','','','','on','',1024,'','','','','','','','','','','','','',0,'','0','','0','','','','','','30','','','','','','0','','0'),(6,0,0,6,'',1,'on','|host_description| - Disk Memory Usage Bytes','','',200,'',700,'','100','','0','','byte','','on','','on','',2,'','','','','','on','','on','',1024,'','','','','','','','','','','','','',0,'','0','','0','','','','','','40','','','','','','0','','0'),(7,0,0,7,'',1,'on','|host_description| - CPU Usage','','',200,'',700,'','100','','0','','percent','','on','','','',2,'','','','','','on','','on','',1000,'','','','','','','','','','','','','',0,'','0','','0','','','','','','40','','','','','','0','','0'),(8,2,1,2,'',1,'','|host_description| - Advanced Ping','Rdc01 - Advanced Ping','',200,'',700,'','100','','0','','seconds','','on','','on','',2,'','','','','','on','','on','',1000,'','','','','','','','','','','','','',0,'','0','','0','','','','','','30','','','','','','0','','0'),(9,1,2,1,'',1,'','|host_description| - CPU Usage','Rdc01 - CPU Usage','',200,'',700,'','100','','0','','percent','','on','','','',2,'','','','','','on','','on','',1000,'','','','','','','','','','','','','',0,'','0','','0','','','','','','40','','','','','','0','','0'),(11,3,4,3,'',1,'','|host_description| - Errors - |query_ifName| - |query_ifAlias|','Rdc01 - Errors - Gi0/0 - ### ESXi_management ###','',200,'',700,'','100','','0','','errors/sec','','on','','on','',2,'','','','','','on','','on','',1000,'','','','','','','','','','','','','',0,'','0','','0','','','','','','','','','','','','0','','0'),(12,3,5,3,'',1,'','|host_description| - Errors - |query_ifName| - |query_ifAlias|','Rdc01 - Errors - Gi0/1 - ### ESXi ###','',200,'',700,'','100','','0','','errors/sec','','on','','on','',2,'','','','','','on','','on','',1000,'','','','','','','','','','','','','',0,'','0','','0','','','','','','','','','','','','0','','0'),(17,4,10,4,'',1,'','|host_description| - Traffic - |query_ifName|','Rdc01 - Traffic - Gi0/5','',200,'',700,'','100000000','','0','','bits per second','','on','','on','',2,'','','','','','on','','on','',1000,'','','','','','','','','','','','','',0,'','0','','0','','','','','','','','','','','','0','','0'),(18,4,11,4,'',1,'','|host_description| - Traffic - |query_ifName| - |query_ifAlias|','Rdc01 - Traffic - Gi0/0 - ### ESXi_management ###','',200,'',700,'','100000000','','0','','bits per second','','on','','on','',2,'','','','','','on','','on','',1000,'','','','','','','','','','','','','',0,'','0','','0','','','','','','','','','','','','0','','0'),(19,4,12,4,'',1,'','|host_description| - Traffic - |query_ifName| - |query_ifAlias|','Rdc01 - Traffic - Gi0/1 - ### ESXi ###','',200,'',700,'','100000000','','0','','bits per second','','on','','on','',2,'','','','','','on','','on','',1000,'','','','','','','','','','','','','',0,'','0','','0','','','','','','','','','','','','0','','0'),(20,4,13,4,'',1,'','|host_description| - Traffic - |query_ifName| - |query_ifAlias|','Rdc01 - Traffic - Vl10 - ### DC_Server ###','',200,'',700,'','100000000','','0','','bits per second','','on','','on','',2,'','','','','','on','','on','',1000,'','','','','','','','','','','','','',0,'','0','','0','','','','','','','','','','','','0','','0'),(21,4,14,4,'',1,'','|host_description| - Traffic - |query_ifName| - |query_ifAlias|','Rdc01 - Traffic - Vl110 - ### DC_HyperVisor ###','',200,'',700,'','100000000','','0','','bits per second','','on','','on','',2,'','','','','','on','','on','',1000,'','','','','','','','','','','','','',0,'','0','','0','','','','','','','','','','','','0','','0'),(22,4,15,4,'',1,'','|host_description| - Traffic - |query_ifName| - |query_ifAlias|','Rdc01 - Traffic - Tu200 - %%% NEW nuro - wimax ipsec %%%','',200,'',700,'','100000000','','0','','bits per second','','on','','on','',2,'','','','','','on','','on','',1000,'','','','','','','','','','','','','',0,'','0','','0','','','','','','','','','','','','0','','0'),(23,4,16,4,'',1,'','|host_description| - Traffic - |query_ifName| - |query_ifAlias|','Rdc01 - Traffic - Tu210 - %%% NEW nuro - lte ipsec %%%','',200,'',700,'','100000000','','0','','bits per second','','on','','on','',2,'','','','','','on','','on','',1000,'','','','','','','','','','','','','',0,'','0','','0','','','','','','','','','','','','0','','0'),(34,2,27,2,'',1,'','|host_description| - Advanced Ping','VMinfraserv05(cacti) - Advanced Ping','',200,'',700,'','100','','0','','seconds','','on','','on','',2,'','','','','','on','','on','',1000,'','','','','','','','','','','','','',0,'','0','','0','','','','','','30','','','','','','0','','0'),(36,6,29,6,'',1,'','|host_description| - Bytes - |query_hrStorageDescr|','VMinfraserv05(cacti) - Bytes - Physical memory','',200,'',700,'','100','','0','','byte','','on','','on','',2,'','','','','','on','','on','',1024,'','','','','','','','','','','','','',0,'','0','','0','','','','','','40','','','','','','0','','0'),(37,6,30,6,'',1,'','|host_description| - Bytes - |query_hrStorageDescr|','VMinfraserv05(cacti) - Bytes - Virtual memory','',200,'',700,'','100','','0','','byte','','on','','on','',2,'','','','','','on','','on','',1024,'','','','','','','','','','','','','',0,'','0','','0','','','','','','40','','','','','','0','','0'),(38,6,31,6,'',1,'','|host_description| - Bytes - |query_hrStorageDescr|','VMinfraserv05(cacti) - Bytes - Memory buffers','',200,'',700,'','100','','0','','byte','','on','','on','',2,'','','','','','on','','on','',1024,'','','','','','','','','','','','','',0,'','0','','0','','','','','','40','','','','','','0','','0'),(39,6,32,6,'',1,'','|host_description| - Bytes - |query_hrStorageDescr|','VMinfraserv05(cacti) - Bytes - Cached memory','',200,'',700,'','100','','0','','byte','','on','','on','',2,'','','','','','on','','on','',1024,'','','','','','','','','','','','','',0,'','0','','0','','','','','','40','','','','','','0','','0'),(40,6,33,6,'',1,'','|host_description| - Bytes - |query_hrStorageDescr|','VMinfraserv05(cacti) - Bytes - Shared memory','',200,'',700,'','100','','0','','byte','','on','','on','',2,'','','','','','on','','on','',1024,'','','','','','','','','','','','','',0,'','0','','0','','','','','','40','','','','','','0','','0'),(41,6,34,6,'',1,'','|host_description| - Bytes - |query_hrStorageDescr|','VMinfraserv05(cacti) - Bytes - Swap space','',200,'',700,'','100','','0','','byte','','on','','on','',2,'','','','','','on','','on','',1024,'','','','','','','','','','','','','',0,'','0','','0','','','','','','40','','','','','','0','','0'),(42,6,35,6,'',1,'','|host_description| - Bytes - |query_hrStorageDescr|','VMinfraserv05(cacti) - Bytes - /','',200,'',700,'','100','','0','','byte','','on','','on','',2,'','','','','','on','','on','',1024,'','','','','','','','','','','','','',0,'','0','','0','','','','','','40','','','','','','0','','0'),(43,7,36,7,'',1,'','|host_description| - CPU Utilization - CPU|query_hrProcessorFrwID|','VMinfraserv05(cacti) - CPU Utilization - CPUTotal','',200,'',700,'','100','','0','','percent','','on','','','',2,'','','','','','on','','on','',1000,'','','','','','','','','','','','','',0,'','0','','0','','','','','','40','','','','','','0','','0'),(44,2,37,2,'',1,'','|host_description| - Advanced Ping','Rhq01 - Advanced Ping','',200,'',700,'','100','','0','','seconds','','on','','on','',2,'','','','','','on','','on','',1000,'','','','','','','','','','','','','',0,'','0','','0','','','','','','30','','','','','','0','','0'),(45,1,38,1,'',1,'','|host_description| - CPU Usage','Rhq01 - CPU Usage','',200,'',700,'','100','','0','','percent','','on','','','',2,'','','','','','on','','on','',1000,'','','','','','','','','','','','','',0,'','0','','0','','','','','','40','','','','','','0','','0'),(46,4,39,4,'',1,'','|host_description| - Traffic - |query_ifName| - |query_ifAlias|','Rhq01 - Traffic - Fa2 - ### L2hq01-01Fp01 ###','',200,'',700,'','100000000','','0','','bits per second','','on','','on','',2,'','','','','','on','','on','',1000,'','','','','','','','','','','','','',0,'','0','','0','','','','','','','','','','','','0','','0'),(47,4,40,4,'',1,'','|host_description| - Traffic - |query_ifName| - |query_ifAlias|','Rhq01 - Traffic - Fa3 - ### L2hq01-01F01 ###','',200,'',700,'','100000000','','0','','bits per second','','on','','on','',2,'','','','','','on','','on','',1000,'','','','','','','','','','','','','',0,'','0','','0','','','','','','','','','','','','0','','0'),(48,4,41,4,'',1,'','|host_description| - Traffic - |query_ifName| - |query_ifAlias|','Rhq01 - Traffic - Gi0 - *** Internet ***','',200,'',700,'','100000000','','0','','bits per second','','on','','on','',2,'','','','','','on','','on','',1000,'','','','','','','','','','','','','',0,'','0','','0','','','','','','','','','','','','0','','0'),(51,3,44,3,'',1,'','|host_description| - Errors - |query_ifName| - |query_ifAlias|','Rhq01 - Errors - Gi0 - *** Internet ***','',200,'',700,'','100','','0','','errors/sec','','on','','on','',2,'','','','','','on','','on','',1000,'','','','','','','','','','','','','',0,'','0','','0','','','','','','','','','','','','0','','0'),(122,2,115,2,'',1,'','|host_description| - Advanced Ping','esxi01 - Advanced Ping','',200,'',700,'','100','','0','','seconds','','on','','on','',2,'','','','','','on','','on','',1000,'','','','','','','','','','','','','',0,'','0','','0','','','','','','30','','','','','','0','','0'),(124,6,117,6,'',1,'','|host_description| - Bytes - |query_hrStorageDescr|','esxi01 - Bytes - Real Memory','',200,'',700,'','100','','0','','byte','','on','','on','',2,'','','','','','on','','on','',1024,'','','','','','','','','','','','','',0,'','0','','0','','','','','','40','','','','','','0','','0'),(125,7,118,7,'',1,'','|host_description| - CPU Utilization - CPU|query_hrProcessorFrwID|','esxi01 - CPU Utilization - CPU0','',200,'',700,'','100','','0','','percent','','on','','','',2,'','','','','','on','','on','',1000,'','','','','','','','','','','','','',0,'','0','','0','','','','','','40','','','','','','0','','0'),(126,7,119,7,'',1,'','|host_description| - CPU Utilization - CPU|query_hrProcessorFrwID|','esxi01 - CPU Utilization - CPU1','',200,'',700,'','100','','0','','percent','','on','','','',2,'','','','','','on','','on','',1000,'','','','','','','','','','','','','',0,'','0','','0','','','','','','40','','','','','','0','','0'),(127,7,120,7,'',1,'','|host_description| - CPU Utilization - CPU|query_hrProcessorFrwID|','esxi01 - CPU Utilization - CPU2','',200,'',700,'','100','','0','','percent','','on','','','',2,'','','','','','on','','on','',1000,'','','','','','','','','','','','','',0,'','0','','0','','','','','','40','','','','','','0','','0'),(128,7,121,7,'',1,'','|host_description| - CPU Utilization - CPU|query_hrProcessorFrwID|','esxi01 - CPU Utilization - CPU3','',200,'',700,'','100','','0','','percent','','on','','','',2,'','','','','','on','','on','',1000,'','','','','','','','','','','','','',0,'','0','','0','','','','','','40','','','','','','0','','0'),(129,7,122,7,'',1,'','|host_description| - CPU Utilization - CPU|query_hrProcessorFrwID|','esxi01 - CPU Utilization - CPU4','',200,'',700,'','100','','0','','percent','','on','','','',2,'','','','','','on','','on','',1000,'','','','','','','','','','','','','',0,'','0','','0','','','','','','40','','','','','','0','','0'),(130,7,123,7,'',1,'','|host_description| - CPU Utilization - CPU|query_hrProcessorFrwID|','esxi01 - CPU Utilization - CPU5','',200,'',700,'','100','','0','','percent','','on','','','',2,'','','','','','on','','on','',1000,'','','','','','','','','','','','','',0,'','0','','0','','','','','','40','','','','','','0','','0'),(131,7,124,7,'',1,'','|host_description| - CPU Utilization - CPU|query_hrProcessorFrwID|','esxi01 - CPU Utilization - CPU6','',200,'',700,'','100','','0','','percent','','on','','','',2,'','','','','','on','','on','',1000,'','','','','','','','','','','','','',0,'','0','','0','','','','','','40','','','','','','0','','0'),(132,7,125,7,'',1,'','|host_description| - CPU Utilization - CPU|query_hrProcessorFrwID|','esxi01 - CPU Utilization - CPU7','',200,'',700,'','100','','0','','percent','','on','','','',2,'','','','','','on','','on','',1000,'','','','','','','','','','','','','',0,'','0','','0','','','','','','40','','','','','','0','','0'),(133,7,126,7,'',1,'','|host_description| - CPU Utilization - CPU|query_hrProcessorFrwID|','esxi01 - CPU Utilization - CPUTotal','',200,'',700,'','100','','0','','percent','','on','','','',2,'','','','','','on','','on','',1000,'','','','','','','','','','','','','',0,'','0','','0','','','','','','40','','','','','','0','','0'),(158,5,151,5,'',1,'','|host_description| - Memory Usage','VMinfraserv05(cacti) - Memory Usage','',200,'',700,'','0','','0','','bytes','','on','','on','',2,'','','','','','','','on','',1024,'','','','','','','','','','','','','',0,'','0','','0','','','','','','30','','','','','','0','','0'),(163,2,156,2,'',1,'','|host_description| - Advanced Ping','Rbranch01 - Advanced Ping','',200,'',700,'','100','','0','','seconds','','on','','on','',2,'','','','','','on','','on','',1000,'','','','','','','','','','','','','',0,'','0','','0','','','','','','30','','','','','','0','','0'),(164,1,157,1,'',1,'','|host_description| - CPU Usage','Rbranch01 - CPU Usage','',200,'',700,'','100','','0','','percent','','on','','','',2,'','','','','','on','','on','',1000,'','','','','','','','','','','','','',0,'','0','','0','','','','','','40','','','','','','0','','0'),(165,4,158,4,'',1,'','|host_description| - Traffic - |query_ifName|','Rbranch01 - Traffic - Fa2','',200,'',700,'','100000000','','0','','bits per second','','on','','on','',2,'','','','','','on','','on','',1000,'','','','','','','','','','','','','',0,'','0','','0','','','','','','','','','','','','0','','0'),(166,4,159,4,'',1,'','|host_description| - Traffic - |query_ifName|','Rbranch01 - Traffic - Fa3','',200,'',700,'','100000000','','0','','bits per second','','on','','on','',2,'','','','','','on','','on','',1000,'','','','','','','','','','','','','',0,'','0','','0','','','','','','','','','','','','0','','0'),(167,4,160,4,'',1,'','|host_description| - Traffic - |query_ifName| - |query_ifAlias|','Rbranch01 - Traffic - Gi0 - *** Internet ***','',200,'',700,'','100000000','','0','','bits per second','','on','','on','',2,'','','','','','on','','on','',1000,'','','','','','','','','','','','','',0,'','0','','0','','','','','','','','','','','','0','','0'),(168,4,161,4,'',1,'','|host_description| - Traffic - |query_ifName| - |query_ifAlias|','Rbranch01 - Traffic - Tu210 - ### to DC VPN ###','',200,'',700,'','100000000','','0','','bits per second','','on','','on','',2,'','','','','','on','','on','',1000,'','','','','','','','','','','','','',0,'','0','','0','','','','','','','','','','','','0','','0'),(170,4,163,4,'',1,'','|host_description| - Traffic - |query_ifName| - |query_ifAlias|','Rbranch01 - Traffic - Gi0/5 - *** Internet ***','',200,'',700,'','100000000','','0','','bits per second','','on','','on','',2,'','','','','','on','','on','',1000,'','','','','','','','','','','','','',0,'','0','','0','','','','','','','','','','','','0','','0'),(172,4,165,4,'',1,'','|host_description| - Traffic - |query_ifName| - |query_ifAlias|','Rdc01 - Traffic - Gi0/3 - ### L2dc-inside01 ###','',200,'',700,'','100000000','','0','','bits per second','','on','','on','',2,'','','','','','on','','on','',1000,'','','','','','','','','','','','','',0,'','0','','0','','','','','','','','','','','','0','','0'),(176,4,169,4,'',1,'','|host_description| - Traffic - |query_ifName|','Rhq01 - Traffic - Gi0/5','',200,'',700,'','100000000','','0','','bits per second','','on','','on','',2,'','','','','','on','','on','',1000,'','','','','','','','','','','','','',0,'','0','','0','','','','','','','','','','','','0','','0'),(177,4,170,4,'',1,'','|host_description| - Traffic - |query_ifName| - |query_ifAlias|','Rhq01 - Traffic - Tu200 - ### to DC VPN ###','',200,'',700,'','100000000','','0','','bits per second','','on','','on','',2,'','','','','','on','','on','',1000,'','','','','','','','','','','','','',0,'','0','','0','','','','','','','','','','','','0','','0'),(178,4,171,4,'',1,'','|host_description| - Traffic - |query_ifName| - |query_ifAlias|','Rhq01 - Traffic - Tu206 - ### to DC VPN ###','',200,'',700,'','100000000','','0','','bits per second','','on','','on','',2,'','','','','','on','','on','',1000,'','','','','','','','','','','','','',0,'','0','','0','','','','','','','','','','','','0','','0'),(182,4,175,4,'',1,'','|host_description| - Traffic - |query_ifName| - |query_ifAlias|','Rbranch01 - Traffic - Tu216 - ### IPSec ipv6 ###','',200,'',700,'','100000000','','0','','bits per second','','on','','on','',2,'','','','','','on','','on','',1000,'','','','','','','','','','','','','',0,'','0','','0','','','','','','','','','','','','0','','0'),(184,4,177,4,'',1,'','|host_description| - Traffic - |query_ifName| - |query_ifAlias|','Rhq01 - Traffic - Gi0/0 - ### L2hq01-01Fp01 ###','',200,'',700,'','100000000','','0','','bits per second','','on','','on','',2,'','','','','','on','','on','',1000,'','','','','','','','','','','','','',0,'','0','','0','','','','','','','','','','','','0','','0'),(185,4,178,4,'',1,'','|host_description| - Traffic - |query_ifName| - |query_ifAlias|','Rdc01 - Traffic - Gi0/2 - ### FWdc01.trust.PA200 ###','',200,'',700,'','100000000','','0','','bits per second','','on','','on','',2,'','','','','','on','','on','',1000,'','','','','','','','','','','','','',0,'','0','','0','','','','','','','','','','','','0','','0'),(186,4,179,4,'',1,'','|host_description| - Traffic - |query_ifName| - |query_ifAlias|','Rdc01 - Traffic - Vl252 - ### to FWdc01 routing interface ###','',200,'',700,'','100000000','','0','','bits per second','','on','','on','',2,'','','','','','on','','on','',1000,'','','','','','','','','','','','','',0,'','0','','0','','','','','','','','','','','','0','','0'),(187,3,180,3,'',1,'','|host_description| - Errors - |query_ifName| - |query_ifAlias|','Rdc01 - Errors - Gi0/2 - ### FWdc01.trust.PA200 ###','',200,'',700,'','100','','0','','errors/sec','','on','','on','',2,'','','','','','on','','on','',1000,'','','','','','','','','','','','','',0,'','0','','0','','','','','','','','','','','','0','','0'),(188,3,181,3,'',1,'','|host_description| - Errors - |query_ifName| - |query_ifAlias|','Rdc01 - Errors - Gi0/3 - ### L2dc-inside01 ###','',200,'',700,'','100','','0','','errors/sec','','on','','on','',2,'','','','','','on','','on','',1000,'','','','','','','','','','','','','',0,'','0','','0','','','','','','','','','','','','0','','0'),(193,4,186,4,'',1,'','|host_description| - Traffic - |query_ifName| - |query_ifAlias|','Rdc01 - Traffic - Vl254 - ### DC_NW_Management ###','',200,'',700,'','100000000','','0','','bits per second','','on','','on','',2,'','','','','','on','','on','',1000,'','','','','','','','','','','','','',0,'','0','','0','','','','','','','','','','','','0','','0'),(194,2,187,2,'',1,'','|host_description| - Advanced Ping','FWdc01 - Advanced Ping','',200,'',700,'','100','','0','','seconds','','on','','on','',2,'','','','','','on','','on','',1000,'','','','','','','','','','','','','',0,'','0','','0','','','','','','30','','','','','','0','','0'),(195,4,188,4,'',1,'','|host_description| - Traffic - |query_ifName| - |query_ifAlias|','FWdc01 - Traffic - ethernet1/1 - Untrust','',200,'',700,'','100000000','','0','','bits per second','','on','','on','',2,'','','','','','on','','on','',1000,'','','','','','','','','','','','','',0,'','0','','0','','','','','','','','','','','','0','','0'),(196,4,189,4,'',1,'','|host_description| - Traffic - |query_ifName| - |query_ifAlias|','FWdc01 - Traffic - ethernet1/2 - Trust','',200,'',700,'','100000000','','0','','bits per second','','on','','on','',2,'','','','','','on','','on','',1000,'','','','','','','','','','','','','',0,'','0','','0','','','','','','','','','','','','0','','0'),(197,4,190,4,'',1,'','|host_description| - Traffic - |query_ifName| - |query_ifAlias|','FWdc01 - Traffic - ethernet1/1.999 - NURO','',200,'',700,'','100000000','','0','','bits per second','','on','','on','',2,'','','','','','on','','on','',1000,'','','','','','','','','','','','','',0,'','0','','0','','','','','','','','','','','','0','','0'),(198,4,191,4,'',1,'','|host_description| - Traffic - |query_ifName| - |query_ifAlias|','FWdc01 - Traffic - ethernet1/2.252 - Rdc01 Routing Interface','',200,'',700,'','100000000','','0','','bits per second','','on','','on','',2,'','','','','','on','','on','',1000,'','','','','','','','','','','','','',0,'','0','','0','','','','','','','','','','','','0','','0'),(199,4,192,4,'',1,'','|host_description| - Traffic - |query_ifName| - |query_ifAlias|','FWdc01 - Traffic - loopback.1 - Untrust ipsec interface','',200,'',700,'','100000000','','0','','bits per second','','on','','on','',2,'','','','','','on','','on','',1000,'','','','','','','','','','','','','',0,'','0','','0','','','','','','','','','','','','0','','0'),(200,4,193,4,'',1,'','|host_description| - Traffic - |query_ifName|','FWdc01 - Traffic - tunnel.200','',200,'',700,'','100000000','','0','','bits per second','','on','','on','',2,'','','','','','on','','on','',1000,'','','','','','','','','','','','','',0,'','0','','0','','','','','','','','','','','','0','','0'),(201,4,194,4,'',1,'','|host_description| - Traffic - |query_ifName|','FWdc01 - Traffic - tunnel.206','',200,'',700,'','100000000','','0','','bits per second','','on','','on','',2,'','','','','','on','','on','',1000,'','','','','','','','','','','','','',0,'','0','','0','','','','','','','','','','','','0','','0'),(202,4,195,4,'',1,'','|host_description| - Traffic - |query_ifName|','FWdc01 - Traffic - tunnel.210','',200,'',700,'','100000000','','0','','bits per second','','on','','on','',2,'','','','','','on','','on','',1000,'','','','','','','','','','','','','',0,'','0','','0','','','','','','','','','','','','0','','0'),(203,4,196,4,'',1,'','|host_description| - Traffic - |query_ifName|','FWdc01 - Traffic - tunnel.216','',200,'',700,'','100000000','','0','','bits per second','','on','','on','',2,'','','','','','on','','on','',1000,'','','','','','','','','','','','','',0,'','0','','0','','','','','','','','','','','','0','','0'),(204,3,197,3,'',1,'','|host_description| - Errors - |query_ifName| - |query_ifAlias|','FWdc01 - Errors - ethernet1/1 - Untrust','',200,'',700,'','100','','0','','errors/sec','','on','','on','',2,'','','','','','on','','on','',1000,'','','','','','','','','','','','','',0,'','0','','0','','','','','','','','','','','','0','','0'),(205,3,198,3,'',1,'','|host_description| - Errors - |query_ifName| - |query_ifAlias|','FWdc01 - Errors - ethernet1/2 - Trust','',200,'',700,'','100','','0','','errors/sec','','on','','on','',2,'','','','','','on','','on','',1000,'','','','','','','','','','','','','',0,'','0','','0','','','','','','','','','','','','0','','0'),(214,4,207,4,'',1,'','|host_description| - Traffic - |query_ifName| - |query_ifAlias|','FWdc01 - Traffic - ethernet1/2.1251 - IPv6 Only Interface','',200,'',700,'','100000000','','0','','bits per second','','on','','on','',2,'','','','','','on','','on','',1000,'','','','','','','','','','','','','',0,'','0','','0','','','','','','','','','','','','0','','0'),(217,4,210,4,'',1,'','|host_description| - Traffic - |query_ifName|','FWdc01 - Traffic - mgmt','',200,'',700,'','100000000','','0','','bits per second','','on','','on','',2,'','','','','','on','','on','',1000,'','','','','','','','','','','','','',0,'','0','','0','','','','','','','','','','','','0','','0'),(218,4,211,4,'',1,'','|host_description| - Traffic - |query_ifName|','FWdc01 - Traffic - tunnel.2255','',200,'',700,'','100000000','','0','','bits per second','','on','','on','',2,'','','','','','on','','on','',1000,'','','','','','','','','','','','','',0,'','0','','0','','','','','','','','','','','','0','','0'),(219,2,212,2,'',1,'','|host_description| - Advanced Ping','VMwinserv11 - Advanced Ping','',200,'',700,'','100','','0','','seconds','','on','','on','',2,'','','','','','on','','on','',1000,'','','','','','','','','','','','','',0,'','0','','0','','','','','','30','','','','','','0','','0'),(220,6,213,6,'',1,'','|host_description| - Bytes - |query_hrStorageDescr|','VMwinserv11 - Bytes - C: Label:  Serial Number 5c53e558','',200,'',700,'','100','','0','','byte','','on','','on','',2,'','','','','','on','','on','',1024,'','','','','','','','','','','','','',0,'','0','','0','','','','','','40','','','','','','0','','0'),(221,6,214,6,'',1,'','|host_description| - Bytes - |query_hrStorageDescr|','VMwinserv11 - Bytes - D: Label:.{.....[..  Serial Number 4ef25','',200,'',700,'','100','','0','','byte','','on','','on','',2,'','','','','','on','','on','',1024,'','','','','','','','','','','','','',0,'','0','','0','','','','','','40','','','','','','0','','0'),(222,6,215,6,'',1,'','|host_description| - Bytes - |query_hrStorageDescr|','VMwinserv11 - Bytes - E:','',200,'',700,'','100','','0','','byte','','on','','on','',2,'','','','','','on','','on','',1024,'','','','','','','','','','','','','',0,'','0','','0','','','','','','40','','','','','','0','','0'),(223,6,216,6,'',1,'','|host_description| - Bytes - |query_hrStorageDescr|','VMwinserv11 - Bytes - Virtual Memory','',200,'',700,'','100','','0','','byte','','on','','on','',2,'','','','','','on','','on','',1024,'','','','','','','','','','','','','',0,'','0','','0','','','','','','40','','','','','','0','','0'),(224,6,217,6,'',1,'','|host_description| - Bytes - |query_hrStorageDescr|','VMwinserv11 - Bytes - Physical Memory','',200,'',700,'','100','','0','','byte','','on','','on','',2,'','','','','','on','','on','',1024,'','','','','','','','','','','','','',0,'','0','','0','','','','','','40','','','','','','0','','0'),(225,7,218,7,'',1,'','|host_description| - CPU Utilization - CPU|query_hrProcessorFrwID|','VMwinserv11 - CPU Utilization - CPU0','',200,'',700,'','100','','0','','percent','','on','','','',2,'','','','','','on','','on','',1000,'','','','','','','','','','','','','',0,'','0','','0','','','','','','40','','','','','','0','','0'),(226,7,219,7,'',1,'','|host_description| - CPU Utilization - CPU|query_hrProcessorFrwID|','VMwinserv11 - CPU Utilization - CPU1','',200,'',700,'','100','','0','','percent','','on','','','',2,'','','','','','on','','on','',1000,'','','','','','','','','','','','','',0,'','0','','0','','','','','','40','','','','','','0','','0'),(227,7,220,7,'',1,'','|host_description| - CPU Utilization - CPU|query_hrProcessorFrwID|','VMwinserv11 - CPU Utilization - CPU2','',200,'',700,'','100','','0','','percent','','on','','','',2,'','','','','','on','','on','',1000,'','','','','','','','','','','','','',0,'','0','','0','','','','','','40','','','','','','0','','0'),(228,7,221,7,'',1,'','|host_description| - CPU Utilization - CPU|query_hrProcessorFrwID|','VMwinserv11 - CPU Utilization - CPU3','',200,'',700,'','100','','0','','percent','','on','','','',2,'','','','','','on','','on','',1000,'','','','','','','','','','','','','',0,'','0','','0','','','','','','40','','','','','','0','','0'),(229,7,222,7,'',1,'','|host_description| - CPU Utilization - CPU|query_hrProcessorFrwID|','VMwinserv11 - CPU Utilization - CPUTotal','',200,'',700,'','100','','0','','percent','','on','','','',2,'','','','','','on','','on','',1000,'','','','','','','','','','','','','',0,'','0','','0','','','','','','40','','','','','','0','','0'),(230,4,223,4,'',1,'','|host_description| - Traffic - |query_ifName| - |query_ifAlias|','VMwinserv11 - Traffic - ethernet_32769 - Ethernet0','',200,'',700,'','100000000','','0','','bits per second','','on','','on','',2,'','','','','','on','','on','',1000,'','','','','','','','','','','','','',0,'','0','','0','','','','','','','','','','','','0','','0'),(232,1,225,1,'',1,'','|host_description| - CPU Usage','L2dc01-inside01 - CPU Usage','',200,'',700,'','100','','0','','percent','','on','','','',2,'','','','','','on','','on','',1000,'','','','','','','','','','','','','',0,'','0','','0','','','','','','40','','','','','','0','','0'),(233,2,226,2,'',1,'','|host_description| - Advanced Ping','L2dc01-inside01 - Advanced Ping','',200,'',700,'','100','','0','','seconds','','on','','on','',2,'','','','','','on','','on','',1000,'','','','','','','','','','','','','',0,'','0','','0','','','','','','30','','','','','','0','','0'),(242,3,235,3,'',1,'','|host_description| - Errors - |query_ifName| - |query_ifAlias|','L2dc01-inside01 - Errors - Gi0/1 - ### Rdc01.C841M ###','',200,'',700,'','100','','0','','errors/sec','','on','','on','',2,'','','','','','on','','on','',1000,'','','','','','','','','','','','','',0,'','0','','0','','','','','','','','','','','','0','','0'),(243,4,236,4,'',1,'','|host_description| - Traffic - |query_ifName| - |query_ifAlias|','L2dc01-inside01 - Traffic - Fa0/1 - ### MAG ###','',200,'',700,'','100000000','','0','','bits per second','','on','','on','',2,'','','','','','on','','on','',1000,'','','','','','','','','','','','','',0,'','0','','0','','','','','','','','','','','','0','','0'),(244,4,237,4,'',1,'','|host_description| - Traffic - |query_ifName| - |query_ifAlias|','L2dc01-inside01 - Traffic - Fa0/2 - ### FWdc01.trust.PA200 ###','',200,'',700,'','100000000','','0','','bits per second','','on','','on','',2,'','','','','','on','','on','',1000,'','','','','','','','','','','','','',0,'','0','','0','','','','','','','','','','','','0','','0'),(245,4,238,4,'',1,'','|host_description| - Traffic - |query_ifName| - |query_ifAlias|','L2dc01-inside01 - Traffic - Fa0/3 - ### FWdc01-temp.trust.C892 ###','',200,'',700,'','100000000','','0','','bits per second','','on','','on','',2,'','','','','','on','','on','',1000,'','','','','','','','','','','','','',0,'','0','','0','','','','','','','','','','','','0','','0'),(246,4,239,4,'',1,'','|host_description| - Traffic - |query_ifName| - |query_ifAlias|','L2dc01-inside01 - Traffic - Fa0/4 - ### FWdc01-temp.mgmt.C892 ###','',200,'',700,'','100000000','','0','','bits per second','','on','','on','',2,'','','','','','on','','on','',1000,'','','','','','','','','','','','','',0,'','0','','0','','','','','','','','','','','','0','','0'),(247,4,240,4,'',1,'','|host_description| - Traffic - |query_ifName| - |query_ifAlias|','L2dc01-inside01 - Traffic - Fa0/5 - ### L2dc01-3F01.GS108PE ###','',200,'',700,'','100000000','','0','','bits per second','','on','','on','',2,'','','','','','on','','on','',1000,'','','','','','','','','','','','','',0,'','0','','0','','','','','','','','','','','','0','','0'),(248,4,241,4,'',1,'','|host_description| - Traffic - |query_ifName| - |query_ifAlias|','L2dc01-inside01 - Traffic - Fa0/6 - ### MC3200XM ###','',200,'',700,'','100000000','','0','','bits per second','','on','','on','',2,'','','','','','on','','on','',1000,'','','','','','','','','','','','','',0,'','0','','0','','','','','','','','','','','','0','','0'),(249,4,242,4,'',1,'','|host_description| - Traffic - |query_ifName| - |query_ifAlias|','L2dc01-inside01 - Traffic - Fa0/7 - ### LOCAL PC ###','',200,'',700,'','100000000','','0','','bits per second','','on','','on','',2,'','','','','','on','','on','',1000,'','','','','','','','','','','','','',0,'','0','','0','','','','','','','','','','','','0','','0'),(250,4,243,4,'',1,'','|host_description| - Traffic - |query_ifName| - |query_ifAlias|','L2dc01-inside01 - Traffic - Fa0/8 - ### FWdc01.mgmt.PA200 ###','',200,'',700,'','100000000','','0','','bits per second','','on','','on','',2,'','','','','','on','','on','',1000,'','','','','','','','','','','','','',0,'','0','','0','','','','','','','','','','','','0','','0'),(251,4,244,4,'',1,'','|host_description| - Traffic - |query_ifName| - |query_ifAlias|','L2dc01-inside01 - Traffic - Gi0/1 - ### Rdc01.C841M ###','',200,'',700,'','100000000','','0','','bits per second','','on','','on','',2,'','','','','','on','','on','',1000,'','','','','','','','','','','','','',0,'','0','','0','','','','','','','','','','','','0','','0'),(252,1,245,1,'',1,'','|host_description| - CPU Usage','L2dc01-outside01 - CPU Usage','',200,'',700,'','100','','0','','percent','','on','','','',2,'','','','','','on','','on','',1000,'','','','','','','','','','','','','',0,'','0','','0','','','','','','40','','','','','','0','','0'),(253,2,246,2,'',1,'','|host_description| - Advanced Ping','L2dc01-outside01 - Advanced Ping','',200,'',700,'','100','','0','','seconds','','on','','on','',2,'','','','','','on','','on','',1000,'','','','','','','','','','','','','',0,'','0','','0','','','','','','30','','','','','','0','','0'),(254,4,247,4,'',1,'','|host_description| - Traffic - |query_ifName| - |query_ifAlias|','L2dc01-outside01 - Traffic - Fa0/1 - ### MAG ###','',200,'',700,'','100000000','','0','','bits per second','','on','','on','',2,'','','','','','on','','on','',1000,'','','','','','','','','','','','','',0,'','0','','0','','','','','','','','','','','','0','','0'),(255,4,248,4,'',1,'','|host_description| - Traffic - |query_ifName| - |query_ifAlias|','L2dc01-outside01 - Traffic - Fa0/2 - ### FWdc01.untrust.PA200 ###','',200,'',700,'','100000000','','0','','bits per second','','on','','on','',2,'','','','','','on','','on','',1000,'','','','','','','','','','','','','',0,'','0','','0','','','','','','','','','','','','0','','0'),(256,4,249,4,'',1,'','|host_description| - Traffic - |query_ifName| - |query_ifAlias|','L2dc01-outside01 - Traffic - Fa0/3 - ### FWdc01-temp.untrust.C892 ###','',200,'',700,'','100000000','','0','','bits per second','','on','','on','',2,'','','','','','on','','on','',1000,'','','','','','','','','','','','','',0,'','0','','0','','','','','','','','','','','','0','','0'),(257,4,250,4,'',1,'','|host_description| - Traffic - |query_ifName|','L2dc01-outside01 - Traffic - Fa0/4','',200,'',700,'','100000000','','0','','bits per second','','on','','on','',2,'','','','','','on','','on','',1000,'','','','','','','','','','','','','',0,'','0','','0','','','','','','','','','','','','0','','0'),(258,4,251,4,'',1,'','|host_description| - Traffic - |query_ifName|','L2dc01-outside01 - Traffic - Fa0/5','',200,'',700,'','100000000','','0','','bits per second','','on','','on','',2,'','','','','','on','','on','',1000,'','','','','','','','','','','','','',0,'','0','','0','','','','','','','','','','','','0','','0'),(259,4,252,4,'',1,'','|host_description| - Traffic - |query_ifName| - |query_ifAlias|','L2dc01-outside01 - Traffic - Fa0/6 - ### MC3200XM ###','',200,'',700,'','100000000','','0','','bits per second','','on','','on','',2,'','','','','','on','','on','',1000,'','','','','','','','','','','','','',0,'','0','','0','','','','','','','','','','','','0','','0'),(260,4,253,4,'',1,'','|host_description| - Traffic - |query_ifName| - |query_ifAlias|','L2dc01-outside01 - Traffic - Fa0/7 - ### Rdc01.Gi0/5.C841M ###','',200,'',700,'','100000000','','0','','bits per second','','on','','on','',2,'','','','','','on','','on','',1000,'','','','','','','','','','','','','',0,'','0','','0','','','','','','','','','','','','0','','0'),(261,4,254,4,'',1,'','|host_description| - Traffic - |query_ifName|','L2dc01-outside01 - Traffic - Fa0/8','',200,'',700,'','100000000','','0','','bits per second','','on','','on','',2,'','','','','','on','','on','',1000,'','','','','','','','','','','','','',0,'','0','','0','','','','','','','','','','','','0','','0'),(262,4,255,4,'',1,'','|host_description| - Traffic - |query_ifName| - |query_ifAlias|','L2dc01-outside01 - Traffic - Gi0/1 - ### NURO HomeGateway ###','',200,'',700,'','100000000','','0','','bits per second','','on','','on','',2,'','','','','','on','','on','',1000,'','','','','','','','','','','','','',0,'','0','','0','','','','','','','','','','','','0','','0'),(263,2,256,2,'',1,'','|host_description| - Advanced Ping','vmnetserv01 - Advanced Ping','',200,'',700,'','100','','0','','seconds','','on','','on','',2,'','','','','','on','','on','',1000,'','','','','','','','','','','','','',0,'','0','','0','','','','','','30','','','','','','0','','0'),(264,5,257,5,'',1,'','|host_description| - Memory Usage','vmnetserv01 - Memory Usage','',200,'',700,'','0','','0','','bytes','','on','','on','',2,'','','','','','','','on','',1024,'','','','','','','','','','','','','',0,'','0','','0','','','','','','30','','','','','','0','','0'),(265,6,258,6,'',1,'','|host_description| - Bytes - |query_hrStorageDescr|','vmnetserv01 - Bytes - Physical memory','',200,'',700,'','100','','0','','byte','','on','','on','',2,'','','','','','on','','on','',1024,'','','','','','','','','','','','','',0,'','0','','0','','','','','','40','','','','','','0','','0'),(266,6,259,6,'',1,'','|host_description| - Bytes - |query_hrStorageDescr|','vmnetserv01 - Bytes - Virtual memory','',200,'',700,'','100','','0','','byte','','on','','on','',2,'','','','','','on','','on','',1024,'','','','','','','','','','','','','',0,'','0','','0','','','','','','40','','','','','','0','','0'),(267,6,260,6,'',1,'','|host_description| - Bytes - |query_hrStorageDescr|','vmnetserv01 - Bytes - Memory buffers','',200,'',700,'','100','','0','','byte','','on','','on','',2,'','','','','','on','','on','',1024,'','','','','','','','','','','','','',0,'','0','','0','','','','','','40','','','','','','0','','0'),(268,6,261,6,'',1,'','|host_description| - Bytes - |query_hrStorageDescr|','vmnetserv01 - Bytes - Cached memory','',200,'',700,'','100','','0','','byte','','on','','on','',2,'','','','','','on','','on','',1024,'','','','','','','','','','','','','',0,'','0','','0','','','','','','40','','','','','','0','','0'),(269,6,262,6,'',1,'','|host_description| - Bytes - |query_hrStorageDescr|','vmnetserv01 - Bytes - Shared memory','',200,'',700,'','100','','0','','byte','','on','','on','',2,'','','','','','on','','on','',1024,'','','','','','','','','','','','','',0,'','0','','0','','','','','','40','','','','','','0','','0'),(270,6,263,6,'',1,'','|host_description| - Bytes - |query_hrStorageDescr|','vmnetserv01 - Bytes - Swap space','',200,'',700,'','100','','0','','byte','','on','','on','',2,'','','','','','on','','on','',1024,'','','','','','','','','','','','','',0,'','0','','0','','','','','','40','','','','','','0','','0'),(271,6,264,6,'',1,'','|host_description| - Bytes - |query_hrStorageDescr|','vmnetserv01 - Bytes - /dev/shm','',200,'',700,'','100','','0','','byte','','on','','on','',2,'','','','','','on','','on','',1024,'','','','','','','','','','','','','',0,'','0','','0','','','','','','40','','','','','','0','','0'),(272,6,265,6,'',1,'','|host_description| - Bytes - |query_hrStorageDescr|','vmnetserv01 - Bytes - /run','',200,'',700,'','100','','0','','byte','','on','','on','',2,'','','','','','on','','on','',1024,'','','','','','','','','','','','','',0,'','0','','0','','','','','','40','','','','','','0','','0'),(273,6,266,6,'',1,'','|host_description| - Bytes - |query_hrStorageDescr|','vmnetserv01 - Bytes - /sys/fs/cgroup','',200,'',700,'','100','','0','','byte','','on','','on','',2,'','','','','','on','','on','',1024,'','','','','','','','','','','','','',0,'','0','','0','','','','','','40','','','','','','0','','0'),(274,6,267,6,'',1,'','|host_description| - Bytes - |query_hrStorageDescr|','vmnetserv01 - Bytes - /','',200,'',700,'','100','','0','','byte','','on','','on','',2,'','','','','','on','','on','',1024,'','','','','','','','','','','','','',0,'','0','','0','','','','','','40','','','','','','0','','0'),(275,6,268,6,'',1,'','|host_description| - Bytes - |query_hrStorageDescr|','vmnetserv01 - Bytes - /boot','',200,'',700,'','100','','0','','byte','','on','','on','',2,'','','','','','on','','on','',1024,'','','','','','','','','','','','','',0,'','0','','0','','','','','','40','','','','','','0','','0'),(276,6,269,6,'',1,'','|host_description| - Bytes - |query_hrStorageDescr|','vmnetserv01 - Bytes - /boot/efi','',200,'',700,'','100','','0','','byte','','on','','on','',2,'','','','','','on','','on','',1024,'','','','','','','','','','','','','',0,'','0','','0','','','','','','40','','','','','','0','','0'),(277,6,270,6,'',1,'','|host_description| - Bytes - |query_hrStorageDescr|','vmnetserv01 - Bytes - /run/user/1000','',200,'',700,'','100','','0','','byte','','on','','on','',2,'','','','','','on','','on','',1024,'','','','','','','','','','','','','',0,'','0','','0','','','','','','40','','','','','','0','','0'),(278,7,271,7,'',1,'','|host_description| - CPU Utilization - CPU|query_hrProcessorFrwID|','vmnetserv01 - CPU Utilization - CPU0','',200,'',700,'','100','','0','','percent','','on','','','',2,'','','','','','on','','on','',1000,'','','','','','','','','','','','','',0,'','0','','0','','','','','','40','','','','','','0','','0'),(279,7,272,7,'',1,'','|host_description| - CPU Utilization - CPU|query_hrProcessorFrwID|','vmnetserv01 - CPU Utilization - CPU1','',200,'',700,'','100','','0','','percent','','on','','','',2,'','','','','','on','','on','',1000,'','','','','','','','','','','','','',0,'','0','','0','','','','','','40','','','','','','0','','0'),(280,7,273,7,'',1,'','|host_description| - CPU Utilization - CPU|query_hrProcessorFrwID|','vmnetserv01 - CPU Utilization - CPU2','',200,'',700,'','100','','0','','percent','','on','','','',2,'','','','','','on','','on','',1000,'','','','','','','','','','','','','',0,'','0','','0','','','','','','40','','','','','','0','','0'),(281,7,274,7,'',1,'','|host_description| - CPU Utilization - CPU|query_hrProcessorFrwID|','vmnetserv01 - CPU Utilization - CPU3','',200,'',700,'','100','','0','','percent','','on','','','',2,'','','','','','on','','on','',1000,'','','','','','','','','','','','','',0,'','0','','0','','','','','','40','','','','','','0','','0'),(282,7,275,7,'',1,'','|host_description| - CPU Utilization - CPU|query_hrProcessorFrwID|','vmnetserv01 - CPU Utilization - CPUTotal','',200,'',700,'','100','','0','','percent','','on','','','',2,'','','','','','on','','on','',1000,'','','','','','','','','','','','','',0,'','0','','0','','','','','','40','','','','','','0','','0'),(283,4,276,4,'',1,'','|host_description| - Traffic - |query_ifName|','vmnetserv01 - Traffic - ens192','',200,'',700,'','100000000','','0','','bits per second','','on','','on','',2,'','','','','','on','','on','',1000,'','','','','','','','','','','','','',0,'','0','','0','','','','','','','','','','','','0','','0'),(284,2,277,2,'',1,'','|host_description| - Advanced Ping','mc01 - Advanced Ping','',200,'',700,'','100','','0','','seconds','','on','','on','',2,'','','','','','on','','on','',1000,'','','','','','','','','','','','','',0,'','0','','0','','','','','','30','','','','','','0','','0'),(285,4,278,4,'',1,'','|host_description| - Traffic - |query_ifName| - |query_ifAlias|','FWdc01 - Traffic - ethernet1/2.11 - wlc_zTrust_v4_v6','',200,'',700,'','100000000','','0','','bits per second','','on','','on','',2,'','','','','','on','','on','',1000,'','','','','','','','','','','','','',0,'','0','','0','','','','','','','','','','','','0','','0'),(286,4,279,4,'',1,'','|host_description| - Traffic - |query_ifName| - |query_ifAlias|','FWdc01 - Traffic - ethernet1/2.14 - wlc_zTrust_v4','',200,'',700,'','100000000','','0','','bits per second','','on','','on','',2,'','','','','','on','','on','',1000,'','','','','','','','','','','','','',0,'','0','','0','','','','','','','','','','','','0','','0'),(287,4,280,4,'',1,'','|host_description| - Traffic - |query_ifName| - |query_ifAlias|','FWdc01 - Traffic - ethernet1/2.16 - wlc_zTrust_v6','',200,'',700,'','100000000','','0','','bits per second','','on','','on','',2,'','','','','','on','','on','',1000,'','','','','','','','','','','','','',0,'','0','','0','','','','','','','','','','','','0','','0'),(288,4,281,4,'',1,'','|host_description| - Traffic - |query_ifName| - |query_ifAlias|','FWdc01 - Traffic - ethernet1/2.4011 - wlc_zGuest_v4_v6','',200,'',700,'','100000000','','0','','bits per second','','on','','on','',2,'','','','','','on','','on','',1000,'','','','','','','','','','','','','',0,'','0','','0','','','','','','','','','','','','0','','0'),(289,4,282,4,'',1,'','|host_description| - Traffic - |query_ifName| - |query_ifAlias|','FWdc01 - Traffic - ethernet1/2.4014 - wlc_zGuest_v4','',200,'',700,'','100000000','','0','','bits per second','','on','','on','',2,'','','','','','on','','on','',1000,'','','','','','','','','','','','','',0,'','0','','0','','','','','','','','','','','','0','','0'),(290,4,283,4,'',1,'','|host_description| - Traffic - |query_ifName| - |query_ifAlias|','FWdc01 - Traffic - ethernet1/2.4016 - wlc_zGuest_v6','',200,'',700,'','100000000','','0','','bits per second','','on','','on','',2,'','','','','','on','','on','',1000,'','','','','','','','','','','','','',0,'','0','','0','','','','','','','','','','','','0','','0'),(291,4,284,4,'',1,'','|host_description| - Traffic - |query_ifName| - |query_ifAlias|','FWdc01 - Traffic - loopback.64 - NAT64_for_Internet','',200,'',700,'','100000000','','0','','bits per second','','on','','on','',2,'','','','','','on','','on','',1000,'','','','','','','','','','','','','',0,'','0','','0','','','','','','','','','','','','0','','0'),(292,4,285,4,'',1,'','|host_description| - Traffic - |query_ifName|','Rhq01 - Traffic - Gi0/4','',200,'',700,'','100000000','','0','','bits per second','','on','','on','',2,'','','','','','on','','on','',1000,'','','','','','','','','','','','','',0,'','0','','0','','','','','','','','','','','','0','','0'),(293,4,286,4,'',1,'','|host_description| - Traffic - |query_ifName| - |query_ifAlias|','Rhq01 - Traffic - Vl2012 - ### HQ_1F_WiredDevice ###','',200,'',700,'','100000000','','0','','bits per second','','on','','on','',2,'','','','','','on','','on','',1000,'','','','','','','','','','','','','',0,'','0','','0','','','','','','','','','','','','0','','0'),(294,4,287,4,'',1,'','|host_description| - Traffic - |query_ifName| - |query_ifAlias|','Rhq01 - Traffic - Vl2001 - ### HQ_Local_Server ###','',200,'',700,'','100000000','','0','','bits per second','','on','','on','',2,'','','','','','on','','on','',1000,'','','','','','','','','','','','','',0,'','0','','0','','','','','','','','','','','','0','','0'),(295,4,288,4,'',1,'','|host_description| - Traffic - |query_ifName| - |query_ifAlias|','Rhq01 - Traffic - Vl2010 - ### HQ_1F_Management ###','',200,'',700,'','100000000','','0','','bits per second','','on','','on','',2,'','','','','','on','','on','',1000,'','','','','','','','','','','','','',0,'','0','','0','','','','','','','','','','','','0','','0'),(296,4,289,4,'',1,'','|host_description| - Traffic - |query_ifName| - |query_ifAlias|','Rhq01 - Traffic - Vl2019 - ### HQ_1F_WirelessDevice ###','',200,'',700,'','100000000','','0','','bits per second','','on','','on','',2,'','','','','','on','','on','',1000,'','','','','','','','','','','','','',0,'','0','','0','','','','','','','','','','','','0','','0'),(297,4,290,4,'',1,'','|host_description| - Traffic - |query_ifName| - |query_ifAlias|','Rhq01 - Traffic - Vl2020 - ### HQ_2F_Management ###','',200,'',700,'','100000000','','0','','bits per second','','on','','on','',2,'','','','','','on','','on','',1000,'','','','','','','','','','','','','',0,'','0','','0','','','','','','','','','','','','0','','0'),(298,4,291,4,'',1,'','|host_description| - Traffic - |query_ifName| - |query_ifAlias|','Rhq01 - Traffic - Vl2022 - ### HQ_2F_WiredDevice ###','',200,'',700,'','100000000','','0','','bits per second','','on','','on','',2,'','','','','','on','','on','',1000,'','','','','','','','','','','','','',0,'','0','','0','','','','','','','','','','','','0','','0'),(299,4,292,4,'',1,'','|host_description| - Traffic - |query_ifName| - |query_ifAlias|','Rhq01 - Traffic - Vl2029 - ### HQ_2F_WirelessDevice ###','',200,'',700,'','100000000','','0','','bits per second','','on','','on','',2,'','','','','','on','','on','',1000,'','','','','','','','','','','','','',0,'','0','','0','','','','','','','','','','','','0','','0'),(300,4,293,4,'',1,'','|host_description| - Traffic - |query_ifName| - |query_ifAlias|','Rhq01 - Traffic - Vl2254 - ### HQ_Network_Management ###','',200,'',700,'','100000000','','0','','bits per second','','on','','on','',2,'','','','','','on','','on','',1000,'','','','','','','','','','','','','',0,'','0','','0','','','','','','','','','','','','0','','0'),(301,4,294,4,'',1,'','|host_description| - Traffic - |query_ifName|','Rhq01 - Traffic - Vl999','',200,'',700,'','100000000','','0','','bits per second','','on','','on','',2,'','','','','','on','','on','',1000,'','','','','','','','','','','','','',0,'','0','','0','','','','','','','','','','','','0','','0'),(302,1,295,1,'',1,'','|host_description| - CPU Usage','VMwlc01 - CPU Usage','',200,'',700,'','100','','0','','percent','','on','','','',2,'','','','','','on','','on','',1000,'','','','','','','','','','','','','',0,'','0','','0','','','','','','40','','','','','','0','','0'),(303,2,296,2,'',1,'','|host_description| - Advanced Ping','VMwlc01 - Advanced Ping','',200,'',700,'','100','','0','','seconds','','on','','on','',2,'','','','','','on','','on','',1000,'','','','','','','','','','','','','',0,'','0','','0','','','','','','30','','','','','','0','','0'),(304,4,297,4,'',1,'','|host_description| - Traffic - |query_ifName|','VMwlc01 - Traffic - GigabitEthernet0/0/1','',200,'',700,'','100000000','','0','','bits per second','','on','','on','',2,'','','','','','on','','on','',1000,'','','','','','','','','','','','','',0,'','0','','0','','','','','','','','','','','','0','','0'),(305,4,298,4,'',1,'','|host_description| - Traffic - |query_ifName| - |query_ifAlias|','mc01 - Traffic - GE1/0 - GE1/0','',200,'',700,'','100000000','','0','','bits per second','','on','','on','',2,'','','','','','on','','on','',1000,'','','','','','','','','','','','','',0,'','0','','0','','','','','','','','','','','','0','','0');
/*!40000 ALTER TABLE `graph_templates_graph` ENABLE KEYS */;
UNLOCK TABLES;

--
-- Table structure for table `graph_templates_item`
--

DROP TABLE IF EXISTS `graph_templates_item`;
/*!40101 SET @saved_cs_client     = @@character_set_client */;
/*!40101 SET character_set_client = utf8 */;
CREATE TABLE `graph_templates_item` (
  `id` int(12) unsigned NOT NULL AUTO_INCREMENT,
  `hash` varchar(32) COLLATE utf8mb4_unicode_ci NOT NULL DEFAULT '',
  `local_graph_template_item_id` int(12) unsigned NOT NULL DEFAULT 0,
  `local_graph_id` mediumint(8) unsigned NOT NULL DEFAULT 0,
  `graph_template_id` mediumint(8) unsigned NOT NULL DEFAULT 0,
  `task_item_id` mediumint(8) unsigned NOT NULL DEFAULT 0,
  `color_id` mediumint(8) unsigned NOT NULL DEFAULT 0,
  `alpha` char(2) COLLATE utf8mb4_unicode_ci DEFAULT 'FF',
  `graph_type_id` tinyint(3) NOT NULL DEFAULT 0,
  `line_width` decimal(4,2) DEFAULT 0.00,
  `dashes` varchar(20) COLLATE utf8mb4_unicode_ci DEFAULT NULL,
  `dash_offset` mediumint(4) DEFAULT NULL,
  `cdef_id` mediumint(8) unsigned NOT NULL DEFAULT 0,
  `vdef_id` mediumint(8) unsigned NOT NULL DEFAULT 0,
  `shift` char(2) COLLATE utf8mb4_unicode_ci DEFAULT NULL,
  `consolidation_function_id` tinyint(2) NOT NULL DEFAULT 0,
  `textalign` varchar(10) COLLATE utf8mb4_unicode_ci DEFAULT NULL,
  `text_format` varchar(255) COLLATE utf8mb4_unicode_ci DEFAULT NULL,
  `value` varchar(255) COLLATE utf8mb4_unicode_ci DEFAULT NULL,
  `hard_return` char(2) COLLATE utf8mb4_unicode_ci DEFAULT NULL,
  `gprint_id` mediumint(8) unsigned NOT NULL DEFAULT 0,
  `sequence` mediumint(8) unsigned NOT NULL DEFAULT 0,
  PRIMARY KEY (`id`),
  KEY `graph_template_id` (`graph_template_id`),
  KEY `local_graph_id_sequence` (`local_graph_id`,`sequence`),
  KEY `task_item_id` (`task_item_id`),
  KEY `lgi_gti` (`local_graph_id`,`graph_template_id`)
) ENGINE=InnoDB AUTO_INCREMENT=4960 DEFAULT CHARSET=utf8mb4 COLLATE=utf8mb4_unicode_ci ROW_FORMAT=DYNAMIC COMMENT='Stores the actual graph item data.';
/*!40101 SET character_set_client = @saved_cs_client */;

--
-- Dumping data for table `graph_templates_item`
--

LOCK TABLES `graph_templates_item` WRITE;
/*!40000 ALTER TABLE `graph_templates_item` DISABLE KEYS */;
INSERT INTO `graph_templates_item` VALUES (1,'098b10c13a5701ddb7d4d1d2e2b0fdb7',0,0,1,1,9,'FF',7,0.00,'',0,0,0,'',1,'','CPU Usage','','',2,1),(2,'1dbda412a9926b0ee5c025aa08f3b230',0,0,1,1,0,'FF',9,0.00,'',0,0,0,'',4,'','Current:','','',3,2),(3,'725c45917146807b6a4257fc351f2bae',0,0,1,1,0,'FF',9,0.00,'',0,0,0,'',1,'','Average:','','',3,3),(4,'4e336fdfeb84ce65f81ded0e0159a5e0',0,0,1,1,0,'FF',9,0.00,'',0,0,0,'',3,'','Maximum:','','on',3,4),(5,'a6b486409577f6fbc68c316321cc53df',0,0,2,6,0,'FF',1,0.00,'',0,16,0,'',1,'','','','',2,1),(6,'1ebbe9edb0e2fe4b0966d096cde22942',0,0,2,3,0,'FF',1,0.00,'',0,16,0,'',1,'','','','',2,2),(7,'dd601fbeb3f690345bc114bf08eca3b5',0,0,2,4,0,'FF',1,0.00,'',0,16,0,'',1,'','','','',2,3),(8,'164c8d39bf3117d8b49f4842fc82c070',0,0,2,2,0,'FF',1,0.00,'',0,0,0,'',1,'','','','',2,4),(9,'5f77eacb9c5063c91a11664eb79f85c9',0,0,2,5,0,'FF',1,0.00,'',0,16,0,'',1,'','','','',2,5),(10,'7113253f1ff1f6be1d2222646a1a2fd9',0,0,2,6,2,'FF',7,0.00,'',0,16,0,'',1,'','','','',2,6),(11,'851d7c490ee5e7e4e66802bfee69d654',0,0,2,0,440,'FF',8,0.00,'',0,26,0,'',1,'','','','',2,7),(12,'cae3809bbd5df1d45d95cb245077f2e6',0,0,2,0,441,'FF',8,0.00,'',0,24,0,'',1,'','','','',2,8),(13,'4c6f40bd4a7f3d3cfa2a2eaf6197a838',0,0,2,0,442,'FF',8,0.00,'',0,24,0,'',1,'','','','',2,9),(14,'67034e796e6b9e7aa5fbd96a564d5ec2',0,0,2,0,442,'FF',8,0.00,'',0,24,0,'',1,'','','','',2,10),(15,'5ff284148e848eaed15524ad9876c9fd',0,0,2,0,441,'FF',8,0.00,'',0,24,0,'',1,'','','','',2,11),(16,'e78958bfb6752f2a5d8c53ef774e35d9',0,0,2,0,440,'FF',8,0.00,'',0,25,0,'',1,'','','','',2,12),(17,'b936685e592af69a1a7dd5c95c03707f',0,0,2,0,2,'FF',8,0.00,'',0,24,0,'',1,'','','','',2,13),(18,'855c964e5f2eea496b7e0a3c3271e4f1',0,0,2,0,2,'FF',8,0.00,'',0,24,0,'',1,'','','','',2,14),(19,'f2098bea5ea9f280d0a02e4e8cb31362',0,0,2,6,2,'FF',7,0.00,'',0,16,0,'',1,'','','','',2,15),(20,'fc1bfe72a9e38f1c6a32b13ce4315467',0,0,2,0,0,'FF',1,0.00,'',0,0,0,'',1,'','Pkt Loss (color):','','',2,16),(21,'6b0c99a26b7d2b0e63e9f4d728df714a',0,0,2,3,93,'FF',4,0.00,'',0,16,0,'',1,'','0%','','',2,17),(22,'579a72b1d27176690374de103ed08176',0,0,2,0,80,'FF',4,0.00,'',0,17,0,'',1,'','01-02%','','',2,18),(23,'b3435e329cf2de11ee027ee833bed9c7',0,0,2,0,81,'FF',4,0.00,'',0,18,0,'',1,'','03-05%','','',2,19),(24,'1a6e5afe1ad6a259cce92ad8d6de4344',0,0,2,0,74,'FF',4,0.00,'',0,19,0,'',1,'','06-10%','','',2,20),(25,'35bb152443d743d32078ff44b93dfcab',0,0,2,0,67,'FF',4,0.00,'',0,20,0,'',1,'','11-15%','','',2,21),(26,'571a61646090da767afa86831fa71493',0,0,2,0,56,'FF',4,0.00,'',0,21,0,'',1,'','16-50%','','',2,22),(27,'ca01d01510b17946f332a9c5d9a5bda9',0,0,2,0,11,'FF',4,0.00,'',0,22,0,'',1,'','51-95%','','',2,23),(28,'bfd4d2f437b25fa0a271349d4177e535',0,0,2,0,48,'FF',4,0.00,'',0,23,0,'',1,'','96-100%','','on',2,24),(29,'f379a8fc9481701d4423a9fa1e606aa9',0,0,2,0,48,'FF',7,0.00,'',0,27,0,'',1,'','','','',2,25),(30,'a369a3b373ca78c5bea0635b2ff488db',0,0,2,0,0,'FF',1,0.00,'',0,0,0,'',1,'','Pkt Loss:','','',2,26),(31,'914e29bca1133ca917e7332ec2099cba',0,0,2,2,0,'FF',9,0.00,'',0,0,0,'',4,'','Last:','','',5,27),(32,'aa11ffeb267bfbac5dc7349f033c4ee6',0,0,2,2,0,'FF',9,0.00,'',0,0,0,'',2,'','Min:','','',5,28),(33,'21226e3fd41de210115c458d94309e79',0,0,2,2,0,'FF',9,0.00,'',0,0,0,'',1,'','Avg:','','',5,29),(34,'3518f26bc52ccc48a19af1012ead9724',0,0,2,2,0,'FF',9,0.00,'',0,0,0,'',3,'','Max:','','on',5,30),(35,'88c0001e7bead30d4f7a7fe12f317952',0,0,2,0,0,'FF',1,0.00,'',0,0,0,'',1,'','RTT (color):','','',2,31),(36,'85516ce7680e3bc8928add6596f32087',0,0,2,5,442,'FF',2,0.00,'',0,0,0,'',1,'','(rttavg +- 1*sdev)','0','',2,32),(37,'732cff19ef4e8f65403bbb410dacefd5',0,0,2,5,441,'FF',2,0.00,'',0,0,0,'',1,'','(rttavg +- 2*sdev)','0','',2,33),(38,'a5c2ba3470bcd4cfc66025c3b01fe6e1',0,0,2,5,440,'FF',2,0.00,'',0,0,0,'',1,'','(rttavg +- 3*sdev)','0','on',2,34),(39,'7fd9206dbcd4eaf42263a98d76b22856',0,0,2,5,2,'FF',2,0.00,'',0,0,0,'',1,'','','0','',2,35),(40,'c158018dbb5aa00528cc4eae6422a684',0,0,2,0,0,'FF',1,0.00,'',0,0,0,'',1,'','RTT Min:','','',2,36),(41,'7e5406cba9c627e23cd8e754401870ad',0,0,2,6,0,'FF',9,0.00,'',0,16,0,'',4,'','Last:','','',2,37),(42,'1f99437d2031a08534c6ef3250350724',0,0,2,6,0,'FF',9,0.00,'',0,16,0,'',2,'','Min:','','',2,38),(43,'97e6192cabf9381d6f11b95111bc4c73',0,0,2,6,0,'FF',9,0.00,'',0,16,0,'',1,'','Avg:','','',2,39),(44,'9dcc303d73788ada395bfec47b6a2dcb',0,0,2,6,0,'FF',9,0.00,'',0,16,0,'',3,'','Max:','','on',2,40),(45,'8565c8d68f5efdac15b0cfa2a6080848',0,0,2,3,0,'FF',1,0.00,'',0,0,0,'',1,'','RTT Avg:','','',2,41),(46,'4fdb28da392dc658090c5302650d7732',0,0,2,3,0,'FF',9,0.00,'',0,16,0,'',4,'','Last:','','',2,42),(47,'c8ea6c0fd742b1630da8750d9b59b5fa',0,0,2,3,0,'FF',9,0.00,'',0,16,0,'',2,'','Min:','','',2,43),(48,'5ac3e4fcbccb7fbdea1fc07419e667e8',0,0,2,3,0,'FF',9,0.00,'',0,16,0,'',1,'','Avg:','','',2,44),(49,'9e23df5df692f9c9f638af28579de051',0,0,2,3,0,'FF',9,0.00,'',0,16,0,'',3,'','Max:','','on',2,45),(50,'72cb1024721921dc8c2e9d22e7dadfa8',0,0,2,4,0,'FF',1,0.00,'',0,0,0,'',1,'','RTT Max:','','',2,46),(51,'8b3d2eb2155e1539978eed2021a11e25',0,0,2,4,0,'FF',9,0.00,'',0,16,0,'',4,'','Last:','','',2,47),(52,'039b197e9edc0624fe221253622133ef',0,0,2,4,0,'FF',9,0.00,'',0,16,0,'',2,'','Min:','','',2,48),(53,'61d722e4a83713ebda7cc4faaa3c52db',0,0,2,4,0,'FF',9,0.00,'',0,16,0,'',1,'','Avg:','','',2,49),(54,'08eddef44d712e0c493b17e89721f5d3',0,0,2,4,0,'FF',9,0.00,'',0,16,0,'',3,'','Max:','','on',2,50),(55,'90111b51f032c8ff15da49f81672f82b',0,0,2,5,0,'FF',1,0.00,'',0,0,0,'',1,'','Std Dev:','','',2,51),(56,'4345c81a053705b62c725387aa4da980',0,0,2,5,0,'FF',9,0.00,'',0,16,0,'',4,'','Last:','','',2,52),(57,'793421b8c650b29cb88830fad9293e80',0,0,2,5,0,'FF',9,0.00,'',0,16,0,'',2,'','Min:','','',2,53),(58,'0d634d108cf5782b49bf9ff5fb280336',0,0,2,5,0,'FF',9,0.00,'',0,16,0,'',1,'','Avg:','','',2,54),(59,'7e8af570e8b1757e1e449daf2509cf56',0,0,2,5,0,'FF',9,0.00,'',0,16,0,'',3,'','Max:','','on',2,55),(60,'7e04a041721df1f8828381a9ea2f2154',0,0,3,8,31,'FF',4,0.00,'',0,0,0,'',1,'','Discards In','','',2,1),(61,'afc8bca6b1b3030a6d71818272336c6c',0,0,3,8,0,'FF',9,0.00,'',0,0,0,'',4,'','Current:','','',2,2),(62,'6ac169785f5aeaf1cc5cdfd38dfcfb6c',0,0,3,8,0,'FF',9,0.00,'',0,0,0,'',1,'','Average:','','',2,3),(63,'178c0a0ce001d36a663ff6f213c07505',0,0,3,8,0,'FF',9,0.00,'',0,0,0,'',3,'','Maximum:','','on',2,4),(64,'8e3268c0abde7550616bff719f10ee2f',0,0,3,7,48,'FF',4,0.00,'',0,0,0,'',1,'','Errors In','','',2,5),(65,'18891392b149de63b62c4258a68d75f8',0,0,3,7,0,'FF',9,0.00,'',0,0,0,'',4,'','Current:','','',2,6),(66,'dfc9d23de0182c9967ae3dabdfa55a16',0,0,3,7,0,'FF',9,0.00,'',0,0,0,'',1,'','Average:','','',2,7),(67,'c47ba64e2e5ea8bf84aceec644513176',0,0,3,7,0,'FF',9,0.00,'',0,0,0,'',3,'','Maximum:','','on',2,8),(68,'617d10dff9bbc3edd9d733d9c254da76',0,0,3,9,18,'FF',4,0.00,'',0,0,0,'',1,'','Discards Out','','',2,9),(69,'9269a66502c34d00ac3c8b1fcc329ac6',0,0,3,9,0,'FF',9,0.00,'',0,0,0,'',4,'','Current:','','',2,10),(70,'d45deed7e1ad8350f3b46b537ae0a933',0,0,3,9,0,'FF',9,0.00,'',0,0,0,'',1,'','Average:','','',2,11),(71,'2f64cf47dc156e8c800ae03c3b893e3c',0,0,3,9,0,'FF',9,0.00,'',0,0,0,'',3,'','Maximum:','','on',2,12),(72,'57434bef8cb21283c1a73f055b0ada19',0,0,3,10,89,'FF',4,0.00,'',0,0,0,'',1,'','Errors Out','','',2,13),(73,'660a1b9365ccbba356fd142faaec9f04',0,0,3,10,0,'FF',9,0.00,'',0,0,0,'',4,'','Current:','','',2,14),(74,'28c5297bdaedcca29acf245ef4bbed9e',0,0,3,10,0,'FF',9,0.00,'',0,0,0,'',1,'','Average:','','',2,15),(75,'99098604fd0c78fd7dabac8f40f1fb29',0,0,3,10,0,'FF',9,0.00,'',0,0,0,'',3,'','Maximum:','','on',2,16),(76,'effa0e816bcfc396a5b36494ba285004',0,0,4,11,21,'FF',4,1.00,'',0,2,0,'',1,'','Inbound','','',2,1),(77,'d591ec9a328e8a3689f3aa25f748f7fc',0,0,4,11,0,'FF',9,1.00,'',0,2,0,'',4,'','Current:','','',2,2),(78,'a6b0116097f55fa5d665f6da9983b821',0,0,4,11,0,'FF',9,1.00,'',0,2,0,'',1,'','Average:','','',2,3),(79,'862f5a0a74d871aca336f8f17ae1aa40',0,0,4,11,0,'FF',9,1.00,'',0,2,0,'',3,'','Maximum:','','on',2,4),(80,'251b3b0ea0d096c4ca2c4fd6678155e7',0,0,4,12,9,'FF',4,1.00,'',0,2,0,'',1,'','Outbound','','',2,5),(81,'36d033d65e71de593c6a815ce0791b69',0,0,4,12,0,'FF',9,1.00,'',0,2,0,'',4,'','Current:','','',2,6),(82,'41e2d26b7e58cae067adc6a1453cdebe',0,0,4,12,0,'FF',9,1.00,'',0,2,0,'',1,'','Average:','','',2,7),(83,'86a0231e48561c418cf7c20ddd4847e9',0,0,4,12,0,'FF',9,1.00,'',0,2,0,'',3,'','Maximum:','','on',2,8),(84,'e25035089e948e06c493cf4dd5aef242',0,0,5,13,45,'FF',7,0.00,'',0,14,0,'',1,'','Used Real','','',2,1),(85,'f84a571e578108bfdd1582f91b72a724',0,0,5,13,0,'FF',9,0.00,'',0,14,0,'',4,'','Current:','','',2,2),(86,'c039eb603e3c9b64c0c2fc34dde6f4b5',0,0,5,13,0,'FF',9,0.00,'',0,14,0,'',1,'','Avg:','','',2,3),(87,'2eae8cc0e3ae4990d5206b69e91d745d',0,0,5,13,0,'FF',9,0.00,'',0,14,0,'',2,'','Min:','','',2,4),(88,'7269261f810da3e62b544abe237d8771',0,0,5,13,0,'FF',9,0.00,'',0,14,0,'',3,'','Max:','','on',2,5),(89,'4e2e4ffd3e1d8db0d8b522a12c599c6c',0,0,5,16,8,'FF',8,0.00,'',0,14,0,'',1,'','Buffers','','',2,6),(90,'f55a1bde7742f2f7b83cbff22eda0f0a',0,0,5,16,0,'FF',9,0.00,'',0,14,0,'',4,'','Current:','','',2,7),(91,'e2a26becd72b542ae590e610d2b41357',0,0,5,16,0,'FF',9,0.00,'',0,14,0,'',1,'','Avg:','','',2,8),(92,'b248fa87ef7068ce4a59c27901d84c5c',0,0,5,16,0,'FF',9,0.00,'',0,14,0,'',2,'','Min:','','',2,9),(93,'bf251c6162c7e6194e424c0a3f15cf63',0,0,5,16,0,'FF',9,0.00,'',0,14,0,'',3,'','Max:','','on',2,10),(94,'d303ce39cae0668028212d3be79589a1',0,0,5,15,30,'FF',8,0.00,'',0,14,0,'',1,'','Cache','','',2,11),(95,'6a351d4ff32906fd85570f1376f4c8f1',0,0,5,15,0,'FF',9,0.00,'',0,14,0,'',4,'','Current:','','',2,12),(96,'e30bfeb739369b30df3a7784b3cf7648',0,0,5,15,0,'FF',9,0.00,'',0,14,0,'',1,'','Avg:','','',2,13),(97,'6b36bcc15e7a748d0468a5fb6cac211d',0,0,5,15,0,'FF',9,0.00,'',0,14,0,'',2,'','Min:','','',2,14),(98,'bccf517b6e033d2782c0977073f9d092',0,0,5,15,0,'FF',9,0.00,'',0,14,0,'',3,'','Max:','','on',2,15),(99,'9a44cb92ae745e4c6f021689bacb75e7',0,0,5,19,6,'FF',8,0.00,'',0,14,0,'',1,'','Unused Real','','',2,16),(100,'616bd6c7ec24a2e8d135f7fc901ad0e6',0,0,5,19,0,'FF',9,0.00,'',0,14,0,'',4,'','Current:','','',2,17),(101,'a31bab249f909ff5b53e6e51dcfbf64e',0,0,5,19,0,'FF',9,0.00,'',0,14,0,'',1,'','Avg:','','',2,18),(102,'4f34c80eea4feaf5ba3a1be51b0e9610',0,0,5,19,0,'FF',9,0.00,'',0,14,0,'',2,'','Min:','','',2,19),(103,'3e10cea5121314627c66065fc31c7f26',0,0,5,19,0,'FF',9,0.00,'',0,14,0,'',3,'','Max:','','on',2,20),(104,'162a54ee8030fb1db9ceac3ea3ea6186',0,0,5,20,38,'FF',8,0.00,'',0,14,0,'',1,'','Used Swap','','',2,21),(105,'7486d99b05836b1c8af880c870ed24c2',0,0,5,20,0,'FF',9,0.00,'',0,14,0,'',4,'','Current:','','',2,22),(106,'23d8a919ff2cc35c591e2b74b9b70398',0,0,5,20,0,'FF',9,0.00,'',0,14,0,'',1,'','Avg:','','',2,23),(107,'36b0b9f6acdcba944f370eedea9e070f',0,0,5,20,0,'FF',9,0.00,'',0,14,0,'',2,'','Min:','','',2,24),(108,'d7a3bf67f6e3b7b1a7f724ad6c4e64ee',0,0,5,20,0,'FF',9,0.00,'',0,14,0,'',3,'','Max:','','on',2,25),(109,'01b0aef3652b53e7b63d81061aa92cc3',0,0,5,14,1,'FF',4,0.00,'',0,14,0,'',1,'','Total Real','','',2,26),(110,'27b9f7a2eaed7ec59a39ad3aeb3e3f61',0,0,5,14,0,'FF',9,0.00,'',0,14,0,'',4,'','Current:','','on',2,27),(111,'a3f9778e32da5af816b7f0cdf1b52f8e',0,0,6,21,357,'FF',8,1.00,'',0,0,0,'',1,'','Used','','',2,2),(112,'5b97529aa3292bcb609b56ca63c9dcdd',0,0,6,21,0,'FF',9,1.00,'',0,0,0,'',4,'','Current:','','',2,3),(113,'20d8196532c1e1ffa01d7fc53b106ad2',0,0,6,21,0,'FF',9,1.00,'',0,0,0,'',1,'','Avg:','','',2,4),(114,'51dfb363f3c6ebe44480852982fd771e',0,0,6,21,0,'FF',9,1.00,'',0,0,0,'',2,'','Min:','','',2,5),(115,'809f6fde00524653831ddc4be8aa4845',0,0,6,21,0,'FF',9,1.00,'',0,0,0,'',3,'','Max:','','on',2,6),(116,'6553366428b63ffbad7bcf6a6a1905f5',0,0,6,21,146,'FF',8,1.00,'',0,29,0,'',1,'','Free','','',2,7),(117,'5ea11dfcd8dedb7ac54cb6d0406f29d7',0,0,6,21,0,'FF',9,1.00,'',0,29,0,'',4,'','Current:','','',2,8),(118,'2f5741dc9719b1a7962bff36f0502c60',0,0,6,21,0,'FF',9,1.00,'',0,29,0,'',1,'','Avg:','','',2,9),(119,'6fc4c9314a2d07587133c8fc48b6b556',0,0,6,21,0,'FF',9,1.00,'',0,29,0,'',2,'','Min:','','',2,10),(120,'90177790d7edef4f2073d1a1b6c0693b',0,0,6,21,0,'FF',9,1.00,'',0,29,0,'',3,'','Max:','','on',2,11),(121,'c8494eeee60975f61a57aff38525f71c',0,0,6,22,1,'FF',4,1.00,'',0,0,0,'',1,'','Total','','',2,12),(122,'c3b2ee460602de17e25b4dc032329984',0,0,6,22,0,'FF',9,1.00,'',0,0,0,'',4,'','Current:','','',2,13),(123,'ab7d67991219d7791469a255db58e6fb',0,0,6,22,0,'FF',9,1.00,'',0,0,0,'',1,'','Avg:','','',2,14),(124,'f3bea2e0cee6195df2b28fc38285216b',0,0,6,22,0,'FF',9,1.00,'',0,0,0,'',2,'','Min:','','',2,15),(125,'0022641d6bbf14feb1da0d1f8559cc6f',0,0,6,22,0,'FF',9,1.00,'',0,0,0,'',3,'','Max:','','on',2,16),(126,'e257e435503309a3056e5e02f49fbdcb',0,0,6,21,0,'FF',9,1.00,'',0,28,0,'',4,'','Utilization','','',6,17),(127,'42537599b5fb8ea852240b58a58633de',0,0,7,23,9,'7F',7,0.00,'',0,0,0,'',1,'','CPU Utilization','','',2,1),(128,'d478a76de1df9edf896c9ce51506c483',0,0,7,23,0,'FF',9,0.00,'',0,0,0,'',4,'','Current:','','',3,2),(129,'8536e034ab5268a61473f1ff2f6bd88f',0,0,7,23,0,'FF',9,0.00,'',0,0,0,'',1,'','Average:','','',3,3),(130,'87e10f9942b625aa323a0f39b60058e7',0,0,7,23,0,'FF',9,0.00,'',0,0,0,'',3,'','Maximum:','','on',3,4),(131,'309fd90f1a335fc13383a332a06504f1',0,0,7,23,9,'FF',4,1.00,'',0,0,0,'',3,'','','','',2,5),(132,'',5,1,2,28,0,'FF',1,0.00,'',0,16,0,'',1,'','','','',2,1),(133,'',6,1,2,25,0,'FF',1,0.00,'',0,16,0,'',1,'','','','',2,2),(134,'',7,1,2,26,0,'FF',1,0.00,'',0,16,0,'',1,'','','','',2,3),(135,'',8,1,2,24,0,'FF',1,0.00,'',0,0,0,'',1,'','','','',2,4),(136,'',9,1,2,27,0,'FF',1,0.00,'',0,16,0,'',1,'','','','',2,5),(137,'',10,1,2,28,2,'FF',7,0.00,'',0,16,0,'',1,'','','','',2,6),(138,'',11,1,2,0,440,'FF',8,0.00,'',0,26,0,'',1,'','','','',2,7),(139,'',12,1,2,0,441,'FF',8,0.00,'',0,24,0,'',1,'','','','',2,8),(140,'',13,1,2,0,442,'FF',8,0.00,'',0,24,0,'',1,'','','','',2,9),(141,'',14,1,2,0,442,'FF',8,0.00,'',0,24,0,'',1,'','','','',2,10),(142,'',15,1,2,0,441,'FF',8,0.00,'',0,24,0,'',1,'','','','',2,11),(143,'',16,1,2,0,440,'FF',8,0.00,'',0,25,0,'',1,'','','','',2,12),(144,'',17,1,2,0,2,'FF',8,0.00,'',0,24,0,'',1,'','','','',2,13),(145,'',18,1,2,0,2,'FF',8,0.00,'',0,24,0,'',1,'','','','',2,14),(146,'',19,1,2,28,2,'FF',7,0.00,'',0,16,0,'',1,'','','','',2,15),(147,'',20,1,2,0,0,'FF',1,0.00,'',0,0,0,'',1,'','Pkt Loss (color):','','',2,16),(148,'',21,1,2,25,93,'FF',4,0.00,'',0,16,0,'',1,'','0%','','',2,17),(149,'',22,1,2,0,80,'FF',4,0.00,'',0,17,0,'',1,'','01-02%','','',2,18),(150,'',23,1,2,0,81,'FF',4,0.00,'',0,18,0,'',1,'','03-05%','','',2,19),(151,'',24,1,2,0,74,'FF',4,0.00,'',0,19,0,'',1,'','06-10%','','',2,20),(152,'',25,1,2,0,67,'FF',4,0.00,'',0,20,0,'',1,'','11-15%','','',2,21),(153,'',26,1,2,0,56,'FF',4,0.00,'',0,21,0,'',1,'','16-50%','','',2,22),(154,'',27,1,2,0,11,'FF',4,0.00,'',0,22,0,'',1,'','51-95%','','',2,23),(155,'',28,1,2,0,48,'FF',4,0.00,'',0,23,0,'',1,'','96-100%','','on',2,24),(156,'',29,1,2,0,48,'FF',7,0.00,'',0,27,0,'',1,'','','','',2,25),(157,'',30,1,2,0,0,'FF',1,0.00,'',0,0,0,'',1,'','Pkt Loss:','','',2,26),(158,'',31,1,2,24,0,'FF',9,0.00,'',0,0,0,'',4,'','Last:','','',5,27),(159,'',32,1,2,24,0,'FF',9,0.00,'',0,0,0,'',2,'','Min:','','',5,28),(160,'',33,1,2,24,0,'FF',9,0.00,'',0,0,0,'',1,'','Avg:','','',5,29),(161,'',34,1,2,24,0,'FF',9,0.00,'',0,0,0,'',3,'','Max:','','on',5,30),(162,'',35,1,2,0,0,'FF',1,0.00,'',0,0,0,'',1,'','RTT (color):','','',2,31),(163,'',36,1,2,27,442,'FF',2,0.00,'',0,0,0,'',1,'','(rttavg +- 1*sdev)','0','',2,32),(164,'',37,1,2,27,441,'FF',2,0.00,'',0,0,0,'',1,'','(rttavg +- 2*sdev)','0','',2,33),(165,'',38,1,2,27,440,'FF',2,0.00,'',0,0,0,'',1,'','(rttavg +- 3*sdev)','0','on',2,34),(166,'',39,1,2,27,2,'FF',2,0.00,'',0,0,0,'',1,'','','0','',2,35),(167,'',40,1,2,0,0,'FF',1,0.00,'',0,0,0,'',1,'','RTT Min:','','',2,36),(168,'',41,1,2,28,0,'FF',9,0.00,'',0,16,0,'',4,'','Last:','','',2,37),(169,'',42,1,2,28,0,'FF',9,0.00,'',0,16,0,'',2,'','Min:','','',2,38),(170,'',43,1,2,28,0,'FF',9,0.00,'',0,16,0,'',1,'','Avg:','','',2,39),(171,'',44,1,2,28,0,'FF',9,0.00,'',0,16,0,'',3,'','Max:','','on',2,40),(172,'',45,1,2,25,0,'FF',1,0.00,'',0,0,0,'',1,'','RTT Avg:','','',2,41),(173,'',46,1,2,25,0,'FF',9,0.00,'',0,16,0,'',4,'','Last:','','',2,42),(174,'',47,1,2,25,0,'FF',9,0.00,'',0,16,0,'',2,'','Min:','','',2,43),(175,'',48,1,2,25,0,'FF',9,0.00,'',0,16,0,'',1,'','Avg:','','',2,44),(176,'',49,1,2,25,0,'FF',9,0.00,'',0,16,0,'',3,'','Max:','','on',2,45),(177,'',50,1,2,26,0,'FF',1,0.00,'',0,0,0,'',1,'','RTT Max:','','',2,46),(178,'',51,1,2,26,0,'FF',9,0.00,'',0,16,0,'',4,'','Last:','','',2,47),(179,'',52,1,2,26,0,'FF',9,0.00,'',0,16,0,'',2,'','Min:','','',2,48),(180,'',53,1,2,26,0,'FF',9,0.00,'',0,16,0,'',1,'','Avg:','','',2,49),(181,'',54,1,2,26,0,'FF',9,0.00,'',0,16,0,'',3,'','Max:','','on',2,50),(182,'',55,1,2,27,0,'FF',1,0.00,'',0,0,0,'',1,'','Std Dev:','','',2,51),(183,'',56,1,2,27,0,'FF',9,0.00,'',0,16,0,'',4,'','Last:','','',2,52),(184,'',57,1,2,27,0,'FF',9,0.00,'',0,16,0,'',2,'','Min:','','',2,53),(185,'',58,1,2,27,0,'FF',9,0.00,'',0,16,0,'',1,'','Avg:','','',2,54),(186,'',59,1,2,27,0,'FF',9,0.00,'',0,16,0,'',3,'','Max:','','on',2,55),(187,'',1,2,1,29,9,'FF',7,0.00,'',0,0,0,'',1,'','CPU Usage','','',2,1),(188,'',2,2,1,29,0,'FF',9,0.00,'',0,0,0,'',4,'','Current:','','',3,2),(189,'',3,2,1,29,0,'FF',9,0.00,'',0,0,0,'',1,'','Average:','','',3,3),(190,'',4,2,1,29,0,'FF',9,0.00,'',0,0,0,'',3,'','Maximum:','','on',3,4),(207,'',60,4,3,35,31,'FF',4,0.00,'',0,0,0,'',1,'','Discards In','','',2,1),(208,'',61,4,3,35,0,'FF',9,0.00,'',0,0,0,'',4,'','Current:','','',2,2),(209,'',62,4,3,35,0,'FF',9,0.00,'',0,0,0,'',1,'','Average:','','',2,3),(210,'',63,4,3,35,0,'FF',9,0.00,'',0,0,0,'',3,'','Maximum:','','on',2,4),(211,'',64,4,3,34,48,'FF',4,0.00,'',0,0,0,'',1,'','Errors In','','',2,5),(212,'',65,4,3,34,0,'FF',9,0.00,'',0,0,0,'',4,'','Current:','','',2,6),(213,'',66,4,3,34,0,'FF',9,0.00,'',0,0,0,'',1,'','Average:','','',2,7),(214,'',67,4,3,34,0,'FF',9,0.00,'',0,0,0,'',3,'','Maximum:','','on',2,8),(215,'',68,4,3,36,18,'FF',4,0.00,'',0,0,0,'',1,'','Discards Out','','',2,9),(216,'',69,4,3,36,0,'FF',9,0.00,'',0,0,0,'',4,'','Current:','','',2,10),(217,'',70,4,3,36,0,'FF',9,0.00,'',0,0,0,'',1,'','Average:','','',2,11),(218,'',71,4,3,36,0,'FF',9,0.00,'',0,0,0,'',3,'','Maximum:','','on',2,12),(219,'',72,4,3,37,89,'FF',4,0.00,'',0,0,0,'',1,'','Errors Out','','',2,13),(220,'',73,4,3,37,0,'FF',9,0.00,'',0,0,0,'',4,'','Current:','','',2,14),(221,'',74,4,3,37,0,'FF',9,0.00,'',0,0,0,'',1,'','Average:','','',2,15),(222,'',75,4,3,37,0,'FF',9,0.00,'',0,0,0,'',3,'','Maximum:','','on',2,16),(223,'',60,5,3,39,31,'FF',4,0.00,'',0,0,0,'',1,'','Discards In','','',2,1),(224,'',61,5,3,39,0,'FF',9,0.00,'',0,0,0,'',4,'','Current:','','',2,2),(225,'',62,5,3,39,0,'FF',9,0.00,'',0,0,0,'',1,'','Average:','','',2,3),(226,'',63,5,3,39,0,'FF',9,0.00,'',0,0,0,'',3,'','Maximum:','','on',2,4),(227,'',64,5,3,38,48,'FF',4,0.00,'',0,0,0,'',1,'','Errors In','','',2,5),(228,'',65,5,3,38,0,'FF',9,0.00,'',0,0,0,'',4,'','Current:','','',2,6),(229,'',66,5,3,38,0,'FF',9,0.00,'',0,0,0,'',1,'','Average:','','',2,7),(230,'',67,5,3,38,0,'FF',9,0.00,'',0,0,0,'',3,'','Maximum:','','on',2,8),(231,'',68,5,3,40,18,'FF',4,0.00,'',0,0,0,'',1,'','Discards Out','','',2,9),(232,'',69,5,3,40,0,'FF',9,0.00,'',0,0,0,'',4,'','Current:','','',2,10),(233,'',70,5,3,40,0,'FF',9,0.00,'',0,0,0,'',1,'','Average:','','',2,11),(234,'',71,5,3,40,0,'FF',9,0.00,'',0,0,0,'',3,'','Maximum:','','on',2,12),(235,'',72,5,3,41,89,'FF',4,0.00,'',0,0,0,'',1,'','Errors Out','','',2,13),(236,'',73,5,3,41,0,'FF',9,0.00,'',0,0,0,'',4,'','Current:','','',2,14),(237,'',74,5,3,41,0,'FF',9,0.00,'',0,0,0,'',1,'','Average:','','',2,15),(238,'',75,5,3,41,0,'FF',9,0.00,'',0,0,0,'',3,'','Maximum:','','on',2,16),(303,'',76,10,4,58,21,'FF',4,1.00,'',0,2,0,'',1,'','Inbound','','',2,1),(304,'',77,10,4,58,0,'FF',9,1.00,'',0,2,0,'',4,'','Current:','','',2,2),(305,'',78,10,4,58,0,'FF',9,1.00,'',0,2,0,'',1,'','Average:','','',2,3),(306,'',79,10,4,58,0,'FF',9,1.00,'',0,2,0,'',3,'','Maximum:','','on',2,4),(307,'',80,10,4,59,9,'FF',4,1.00,'',0,2,0,'',1,'','Outbound','','',2,5),(308,'',81,10,4,59,0,'FF',9,1.00,'',0,2,0,'',4,'','Current:','','',2,6),(309,'',82,10,4,59,0,'FF',9,1.00,'',0,2,0,'',1,'','Average:','','',2,7),(310,'',83,10,4,59,0,'FF',9,1.00,'',0,2,0,'',3,'','Maximum:','','on',2,8),(311,'',76,11,4,60,21,'FF',4,1.00,'',0,2,0,'',1,'','Inbound','','',2,1),(312,'',77,11,4,60,0,'FF',9,1.00,'',0,2,0,'',4,'','Current:','','',2,2),(313,'',78,11,4,60,0,'FF',9,1.00,'',0,2,0,'',1,'','Average:','','',2,3),(314,'',79,11,4,60,0,'FF',9,1.00,'',0,2,0,'',3,'','Maximum:','','on',2,4),(315,'',80,11,4,61,9,'FF',4,1.00,'',0,2,0,'',1,'','Outbound','','',2,5),(316,'',81,11,4,61,0,'FF',9,1.00,'',0,2,0,'',4,'','Current:','','',2,6),(317,'',82,11,4,61,0,'FF',9,1.00,'',0,2,0,'',1,'','Average:','','',2,7),(318,'',83,11,4,61,0,'FF',9,1.00,'',0,2,0,'',3,'','Maximum:','','on',2,8),(319,'',76,12,4,62,21,'FF',4,1.00,'',0,2,0,'',1,'','Inbound','','',2,1),(320,'',77,12,4,62,0,'FF',9,1.00,'',0,2,0,'',4,'','Current:','','',2,2),(321,'',78,12,4,62,0,'FF',9,1.00,'',0,2,0,'',1,'','Average:','','',2,3),(322,'',79,12,4,62,0,'FF',9,1.00,'',0,2,0,'',3,'','Maximum:','','on',2,4),(323,'',80,12,4,63,9,'FF',4,1.00,'',0,2,0,'',1,'','Outbound','','',2,5),(324,'',81,12,4,63,0,'FF',9,1.00,'',0,2,0,'',4,'','Current:','','',2,6),(325,'',82,12,4,63,0,'FF',9,1.00,'',0,2,0,'',1,'','Average:','','',2,7),(326,'',83,12,4,63,0,'FF',9,1.00,'',0,2,0,'',3,'','Maximum:','','on',2,8),(327,'',76,13,4,64,21,'FF',4,1.00,'',0,2,0,'',1,'','Inbound','','',2,1),(328,'',77,13,4,64,0,'FF',9,1.00,'',0,2,0,'',4,'','Current:','','',2,2),(329,'',78,13,4,64,0,'FF',9,1.00,'',0,2,0,'',1,'','Average:','','',2,3),(330,'',79,13,4,64,0,'FF',9,1.00,'',0,2,0,'',3,'','Maximum:','','on',2,4),(331,'',80,13,4,65,9,'FF',4,1.00,'',0,2,0,'',1,'','Outbound','','',2,5),(332,'',81,13,4,65,0,'FF',9,1.00,'',0,2,0,'',4,'','Current:','','',2,6),(333,'',82,13,4,65,0,'FF',9,1.00,'',0,2,0,'',1,'','Average:','','',2,7),(334,'',83,13,4,65,0,'FF',9,1.00,'',0,2,0,'',3,'','Maximum:','','on',2,8),(335,'',76,14,4,66,21,'FF',4,1.00,'',0,2,0,'',1,'','Inbound','','',2,1),(336,'',77,14,4,66,0,'FF',9,1.00,'',0,2,0,'',4,'','Current:','','',2,2),(337,'',78,14,4,66,0,'FF',9,1.00,'',0,2,0,'',1,'','Average:','','',2,3),(338,'',79,14,4,66,0,'FF',9,1.00,'',0,2,0,'',3,'','Maximum:','','on',2,4),(339,'',80,14,4,67,9,'FF',4,1.00,'',0,2,0,'',1,'','Outbound','','',2,5),(340,'',81,14,4,67,0,'FF',9,1.00,'',0,2,0,'',4,'','Current:','','',2,6),(341,'',82,14,4,67,0,'FF',9,1.00,'',0,2,0,'',1,'','Average:','','',2,7),(342,'',83,14,4,67,0,'FF',9,1.00,'',0,2,0,'',3,'','Maximum:','','on',2,8),(343,'',76,15,4,68,21,'FF',4,1.00,'',0,2,0,'',1,'','Inbound','','',2,1),(344,'',77,15,4,68,0,'FF',9,1.00,'',0,2,0,'',4,'','Current:','','',2,2),(345,'',78,15,4,68,0,'FF',9,1.00,'',0,2,0,'',1,'','Average:','','',2,3),(346,'',79,15,4,68,0,'FF',9,1.00,'',0,2,0,'',3,'','Maximum:','','on',2,4),(347,'',80,15,4,69,9,'FF',4,1.00,'',0,2,0,'',1,'','Outbound','','',2,5),(348,'',81,15,4,69,0,'FF',9,1.00,'',0,2,0,'',4,'','Current:','','',2,6),(349,'',82,15,4,69,0,'FF',9,1.00,'',0,2,0,'',1,'','Average:','','',2,7),(350,'',83,15,4,69,0,'FF',9,1.00,'',0,2,0,'',3,'','Maximum:','','on',2,8),(351,'',76,16,4,70,21,'FF',4,1.00,'',0,2,0,'',1,'','Inbound','','',2,1),(352,'',77,16,4,70,0,'FF',9,1.00,'',0,2,0,'',4,'','Current:','','',2,2),(353,'',78,16,4,70,0,'FF',9,1.00,'',0,2,0,'',1,'','Average:','','',2,3),(354,'',79,16,4,70,0,'FF',9,1.00,'',0,2,0,'',3,'','Maximum:','','on',2,4),(355,'',80,16,4,71,9,'FF',4,1.00,'',0,2,0,'',1,'','Outbound','','',2,5),(356,'',81,16,4,71,0,'FF',9,1.00,'',0,2,0,'',4,'','Current:','','',2,6),(357,'',82,16,4,71,0,'FF',9,1.00,'',0,2,0,'',1,'','Average:','','',2,7),(358,'',83,16,4,71,0,'FF',9,1.00,'',0,2,0,'',3,'','Maximum:','','on',2,8),(558,'',5,27,2,104,0,'FF',1,0.00,'',0,16,0,'',1,'','','','',2,1),(559,'',6,27,2,101,0,'FF',1,0.00,'',0,16,0,'',1,'','','','',2,2),(560,'',7,27,2,102,0,'FF',1,0.00,'',0,16,0,'',1,'','','','',2,3),(561,'',8,27,2,100,0,'FF',1,0.00,'',0,0,0,'',1,'','','','',2,4),(562,'',9,27,2,103,0,'FF',1,0.00,'',0,16,0,'',1,'','','','',2,5),(563,'',10,27,2,104,2,'FF',7,0.00,'',0,16,0,'',1,'','','','',2,6),(564,'',11,27,2,0,440,'FF',8,0.00,'',0,26,0,'',1,'','','','',2,7),(565,'',12,27,2,0,441,'FF',8,0.00,'',0,24,0,'',1,'','','','',2,8),(566,'',13,27,2,0,442,'FF',8,0.00,'',0,24,0,'',1,'','','','',2,9),(567,'',14,27,2,0,442,'FF',8,0.00,'',0,24,0,'',1,'','','','',2,10),(568,'',15,27,2,0,441,'FF',8,0.00,'',0,24,0,'',1,'','','','',2,11),(569,'',16,27,2,0,440,'FF',8,0.00,'',0,25,0,'',1,'','','','',2,12),(570,'',17,27,2,0,2,'FF',8,0.00,'',0,24,0,'',1,'','','','',2,13),(571,'',18,27,2,0,2,'FF',8,0.00,'',0,24,0,'',1,'','','','',2,14),(572,'',19,27,2,104,2,'FF',7,0.00,'',0,16,0,'',1,'','','','',2,15),(573,'',20,27,2,0,0,'FF',1,0.00,'',0,0,0,'',1,'','Pkt Loss (color):','','',2,16),(574,'',21,27,2,101,93,'FF',4,0.00,'',0,16,0,'',1,'','0%','','',2,17),(575,'',22,27,2,0,80,'FF',4,0.00,'',0,17,0,'',1,'','01-02%','','',2,18),(576,'',23,27,2,0,81,'FF',4,0.00,'',0,18,0,'',1,'','03-05%','','',2,19),(577,'',24,27,2,0,74,'FF',4,0.00,'',0,19,0,'',1,'','06-10%','','',2,20),(578,'',25,27,2,0,67,'FF',4,0.00,'',0,20,0,'',1,'','11-15%','','',2,21),(579,'',26,27,2,0,56,'FF',4,0.00,'',0,21,0,'',1,'','16-50%','','',2,22),(580,'',27,27,2,0,11,'FF',4,0.00,'',0,22,0,'',1,'','51-95%','','',2,23),(581,'',28,27,2,0,48,'FF',4,0.00,'',0,23,0,'',1,'','96-100%','','on',2,24),(582,'',29,27,2,0,48,'FF',7,0.00,'',0,27,0,'',1,'','','','',2,25),(583,'',30,27,2,0,0,'FF',1,0.00,'',0,0,0,'',1,'','Pkt Loss:','','',2,26),(584,'',31,27,2,100,0,'FF',9,0.00,'',0,0,0,'',4,'','Last:','','',5,27),(585,'',32,27,2,100,0,'FF',9,0.00,'',0,0,0,'',2,'','Min:','','',5,28),(586,'',33,27,2,100,0,'FF',9,0.00,'',0,0,0,'',1,'','Avg:','','',5,29),(587,'',34,27,2,100,0,'FF',9,0.00,'',0,0,0,'',3,'','Max:','','on',5,30),(588,'',35,27,2,0,0,'FF',1,0.00,'',0,0,0,'',1,'','RTT (color):','','',2,31),(589,'',36,27,2,103,442,'FF',2,0.00,'',0,0,0,'',1,'','(rttavg +- 1*sdev)','0','',2,32),(590,'',37,27,2,103,441,'FF',2,0.00,'',0,0,0,'',1,'','(rttavg +- 2*sdev)','0','',2,33),(591,'',38,27,2,103,440,'FF',2,0.00,'',0,0,0,'',1,'','(rttavg +- 3*sdev)','0','on',2,34),(592,'',39,27,2,103,2,'FF',2,0.00,'',0,0,0,'',1,'','','0','',2,35),(593,'',40,27,2,0,0,'FF',1,0.00,'',0,0,0,'',1,'','RTT Min:','','',2,36),(594,'',41,27,2,104,0,'FF',9,0.00,'',0,16,0,'',4,'','Last:','','',2,37),(595,'',42,27,2,104,0,'FF',9,0.00,'',0,16,0,'',2,'','Min:','','',2,38),(596,'',43,27,2,104,0,'FF',9,0.00,'',0,16,0,'',1,'','Avg:','','',2,39),(597,'',44,27,2,104,0,'FF',9,0.00,'',0,16,0,'',3,'','Max:','','on',2,40),(598,'',45,27,2,101,0,'FF',1,0.00,'',0,0,0,'',1,'','RTT Avg:','','',2,41),(599,'',46,27,2,101,0,'FF',9,0.00,'',0,16,0,'',4,'','Last:','','',2,42),(600,'',47,27,2,101,0,'FF',9,0.00,'',0,16,0,'',2,'','Min:','','',2,43),(601,'',48,27,2,101,0,'FF',9,0.00,'',0,16,0,'',1,'','Avg:','','',2,44),(602,'',49,27,2,101,0,'FF',9,0.00,'',0,16,0,'',3,'','Max:','','on',2,45),(603,'',50,27,2,102,0,'FF',1,0.00,'',0,0,0,'',1,'','RTT Max:','','',2,46),(604,'',51,27,2,102,0,'FF',9,0.00,'',0,16,0,'',4,'','Last:','','',2,47),(605,'',52,27,2,102,0,'FF',9,0.00,'',0,16,0,'',2,'','Min:','','',2,48),(606,'',53,27,2,102,0,'FF',9,0.00,'',0,16,0,'',1,'','Avg:','','',2,49),(607,'',54,27,2,102,0,'FF',9,0.00,'',0,16,0,'',3,'','Max:','','on',2,50),(608,'',55,27,2,103,0,'FF',1,0.00,'',0,0,0,'',1,'','Std Dev:','','',2,51),(609,'',56,27,2,103,0,'FF',9,0.00,'',0,16,0,'',4,'','Last:','','',2,52),(610,'',57,27,2,103,0,'FF',9,0.00,'',0,16,0,'',2,'','Min:','','',2,53),(611,'',58,27,2,103,0,'FF',9,0.00,'',0,16,0,'',1,'','Avg:','','',2,54),(612,'',59,27,2,103,0,'FF',9,0.00,'',0,16,0,'',3,'','Max:','','on',2,55),(640,'',111,29,6,113,357,'FF',8,1.00,'',0,0,0,'',1,'','Used','','',2,2),(641,'',112,29,6,113,0,'FF',9,1.00,'',0,0,0,'',4,'','Current:','','',2,3),(642,'',113,29,6,113,0,'FF',9,1.00,'',0,0,0,'',1,'','Avg:','','',2,4),(643,'',114,29,6,113,0,'FF',9,1.00,'',0,0,0,'',2,'','Min:','','',2,5),(644,'',115,29,6,113,0,'FF',9,1.00,'',0,0,0,'',3,'','Max:','','on',2,6),(645,'',116,29,6,113,146,'FF',8,1.00,'',0,29,0,'',1,'','Free','','',2,7),(646,'',117,29,6,113,0,'FF',9,1.00,'',0,29,0,'',4,'','Current:','','',2,8),(647,'',118,29,6,113,0,'FF',9,1.00,'',0,29,0,'',1,'','Avg:','','',2,9),(648,'',119,29,6,113,0,'FF',9,1.00,'',0,29,0,'',2,'','Min:','','',2,10),(649,'',120,29,6,113,0,'FF',9,1.00,'',0,29,0,'',3,'','Max:','','on',2,11),(650,'',121,29,6,114,1,'FF',4,1.00,'',0,0,0,'',1,'','Total','','',2,12),(651,'',122,29,6,114,0,'FF',9,1.00,'',0,0,0,'',4,'','Current:','','',2,13),(652,'',123,29,6,114,0,'FF',9,1.00,'',0,0,0,'',1,'','Avg:','','',2,14),(653,'',124,29,6,114,0,'FF',9,1.00,'',0,0,0,'',2,'','Min:','','',2,15),(654,'',125,29,6,114,0,'FF',9,1.00,'',0,0,0,'',3,'','Max:','','on',2,16),(655,'',126,29,6,113,0,'FF',9,1.00,'',0,28,0,'',4,'','Utilization','','',6,17),(656,'',111,30,6,115,357,'FF',8,1.00,'',0,0,0,'',1,'','Used','','',2,2),(657,'',112,30,6,115,0,'FF',9,1.00,'',0,0,0,'',4,'','Current:','','',2,3),(658,'',113,30,6,115,0,'FF',9,1.00,'',0,0,0,'',1,'','Avg:','','',2,4),(659,'',114,30,6,115,0,'FF',9,1.00,'',0,0,0,'',2,'','Min:','','',2,5),(660,'',115,30,6,115,0,'FF',9,1.00,'',0,0,0,'',3,'','Max:','','on',2,6),(661,'',116,30,6,115,146,'FF',8,1.00,'',0,29,0,'',1,'','Free','','',2,7),(662,'',117,30,6,115,0,'FF',9,1.00,'',0,29,0,'',4,'','Current:','','',2,8),(663,'',118,30,6,115,0,'FF',9,1.00,'',0,29,0,'',1,'','Avg:','','',2,9),(664,'',119,30,6,115,0,'FF',9,1.00,'',0,29,0,'',2,'','Min:','','',2,10),(665,'',120,30,6,115,0,'FF',9,1.00,'',0,29,0,'',3,'','Max:','','on',2,11),(666,'',121,30,6,116,1,'FF',4,1.00,'',0,0,0,'',1,'','Total','','',2,12),(667,'',122,30,6,116,0,'FF',9,1.00,'',0,0,0,'',4,'','Current:','','',2,13),(668,'',123,30,6,116,0,'FF',9,1.00,'',0,0,0,'',1,'','Avg:','','',2,14),(669,'',124,30,6,116,0,'FF',9,1.00,'',0,0,0,'',2,'','Min:','','',2,15),(670,'',125,30,6,116,0,'FF',9,1.00,'',0,0,0,'',3,'','Max:','','on',2,16),(671,'',126,30,6,115,0,'FF',9,1.00,'',0,28,0,'',4,'','Utilization','','',6,17),(672,'',111,31,6,117,357,'FF',8,1.00,'',0,0,0,'',1,'','Used','','',2,2),(673,'',112,31,6,117,0,'FF',9,1.00,'',0,0,0,'',4,'','Current:','','',2,3),(674,'',113,31,6,117,0,'FF',9,1.00,'',0,0,0,'',1,'','Avg:','','',2,4),(675,'',114,31,6,117,0,'FF',9,1.00,'',0,0,0,'',2,'','Min:','','',2,5),(676,'',115,31,6,117,0,'FF',9,1.00,'',0,0,0,'',3,'','Max:','','on',2,6),(677,'',116,31,6,117,146,'FF',8,1.00,'',0,29,0,'',1,'','Free','','',2,7),(678,'',117,31,6,117,0,'FF',9,1.00,'',0,29,0,'',4,'','Current:','','',2,8),(679,'',118,31,6,117,0,'FF',9,1.00,'',0,29,0,'',1,'','Avg:','','',2,9),(680,'',119,31,6,117,0,'FF',9,1.00,'',0,29,0,'',2,'','Min:','','',2,10),(681,'',120,31,6,117,0,'FF',9,1.00,'',0,29,0,'',3,'','Max:','','on',2,11),(682,'',121,31,6,118,1,'FF',4,1.00,'',0,0,0,'',1,'','Total','','',2,12),(683,'',122,31,6,118,0,'FF',9,1.00,'',0,0,0,'',4,'','Current:','','',2,13),(684,'',123,31,6,118,0,'FF',9,1.00,'',0,0,0,'',1,'','Avg:','','',2,14),(685,'',124,31,6,118,0,'FF',9,1.00,'',0,0,0,'',2,'','Min:','','',2,15),(686,'',125,31,6,118,0,'FF',9,1.00,'',0,0,0,'',3,'','Max:','','on',2,16),(687,'',126,31,6,117,0,'FF',9,1.00,'',0,28,0,'',4,'','Utilization','','',6,17),(688,'',111,32,6,119,357,'FF',8,1.00,'',0,0,0,'',1,'','Used','','',2,2),(689,'',112,32,6,119,0,'FF',9,1.00,'',0,0,0,'',4,'','Current:','','',2,3),(690,'',113,32,6,119,0,'FF',9,1.00,'',0,0,0,'',1,'','Avg:','','',2,4),(691,'',114,32,6,119,0,'FF',9,1.00,'',0,0,0,'',2,'','Min:','','',2,5),(692,'',115,32,6,119,0,'FF',9,1.00,'',0,0,0,'',3,'','Max:','','on',2,6),(693,'',116,32,6,119,146,'FF',8,1.00,'',0,29,0,'',1,'','Free','','',2,7),(694,'',117,32,6,119,0,'FF',9,1.00,'',0,29,0,'',4,'','Current:','','',2,8),(695,'',118,32,6,119,0,'FF',9,1.00,'',0,29,0,'',1,'','Avg:','','',2,9),(696,'',119,32,6,119,0,'FF',9,1.00,'',0,29,0,'',2,'','Min:','','',2,10),(697,'',120,32,6,119,0,'FF',9,1.00,'',0,29,0,'',3,'','Max:','','on',2,11),(698,'',121,32,6,120,1,'FF',4,1.00,'',0,0,0,'',1,'','Total','','',2,12),(699,'',122,32,6,120,0,'FF',9,1.00,'',0,0,0,'',4,'','Current:','','',2,13),(700,'',123,32,6,120,0,'FF',9,1.00,'',0,0,0,'',1,'','Avg:','','',2,14),(701,'',124,32,6,120,0,'FF',9,1.00,'',0,0,0,'',2,'','Min:','','',2,15),(702,'',125,32,6,120,0,'FF',9,1.00,'',0,0,0,'',3,'','Max:','','on',2,16),(703,'',126,32,6,119,0,'FF',9,1.00,'',0,28,0,'',4,'','Utilization','','',6,17),(704,'',111,33,6,121,357,'FF',8,1.00,'',0,0,0,'',1,'','Used','','',2,2),(705,'',112,33,6,121,0,'FF',9,1.00,'',0,0,0,'',4,'','Current:','','',2,3),(706,'',113,33,6,121,0,'FF',9,1.00,'',0,0,0,'',1,'','Avg:','','',2,4),(707,'',114,33,6,121,0,'FF',9,1.00,'',0,0,0,'',2,'','Min:','','',2,5),(708,'',115,33,6,121,0,'FF',9,1.00,'',0,0,0,'',3,'','Max:','','on',2,6),(709,'',116,33,6,121,146,'FF',8,1.00,'',0,29,0,'',1,'','Free','','',2,7),(710,'',117,33,6,121,0,'FF',9,1.00,'',0,29,0,'',4,'','Current:','','',2,8),(711,'',118,33,6,121,0,'FF',9,1.00,'',0,29,0,'',1,'','Avg:','','',2,9),(712,'',119,33,6,121,0,'FF',9,1.00,'',0,29,0,'',2,'','Min:','','',2,10),(713,'',120,33,6,121,0,'FF',9,1.00,'',0,29,0,'',3,'','Max:','','on',2,11),(714,'',121,33,6,122,1,'FF',4,1.00,'',0,0,0,'',1,'','Total','','',2,12),(715,'',122,33,6,122,0,'FF',9,1.00,'',0,0,0,'',4,'','Current:','','',2,13),(716,'',123,33,6,122,0,'FF',9,1.00,'',0,0,0,'',1,'','Avg:','','',2,14),(717,'',124,33,6,122,0,'FF',9,1.00,'',0,0,0,'',2,'','Min:','','',2,15),(718,'',125,33,6,122,0,'FF',9,1.00,'',0,0,0,'',3,'','Max:','','on',2,16),(719,'',126,33,6,121,0,'FF',9,1.00,'',0,28,0,'',4,'','Utilization','','',6,17),(720,'',111,34,6,123,357,'FF',8,1.00,'',0,0,0,'',1,'','Used','','',2,2),(721,'',112,34,6,123,0,'FF',9,1.00,'',0,0,0,'',4,'','Current:','','',2,3),(722,'',113,34,6,123,0,'FF',9,1.00,'',0,0,0,'',1,'','Avg:','','',2,4),(723,'',114,34,6,123,0,'FF',9,1.00,'',0,0,0,'',2,'','Min:','','',2,5),(724,'',115,34,6,123,0,'FF',9,1.00,'',0,0,0,'',3,'','Max:','','on',2,6),(725,'',116,34,6,123,146,'FF',8,1.00,'',0,29,0,'',1,'','Free','','',2,7),(726,'',117,34,6,123,0,'FF',9,1.00,'',0,29,0,'',4,'','Current:','','',2,8),(727,'',118,34,6,123,0,'FF',9,1.00,'',0,29,0,'',1,'','Avg:','','',2,9),(728,'',119,34,6,123,0,'FF',9,1.00,'',0,29,0,'',2,'','Min:','','',2,10),(729,'',120,34,6,123,0,'FF',9,1.00,'',0,29,0,'',3,'','Max:','','on',2,11),(730,'',121,34,6,124,1,'FF',4,1.00,'',0,0,0,'',1,'','Total','','',2,12),(731,'',122,34,6,124,0,'FF',9,1.00,'',0,0,0,'',4,'','Current:','','',2,13),(732,'',123,34,6,124,0,'FF',9,1.00,'',0,0,0,'',1,'','Avg:','','',2,14),(733,'',124,34,6,124,0,'FF',9,1.00,'',0,0,0,'',2,'','Min:','','',2,15),(734,'',125,34,6,124,0,'FF',9,1.00,'',0,0,0,'',3,'','Max:','','on',2,16),(735,'',126,34,6,123,0,'FF',9,1.00,'',0,28,0,'',4,'','Utilization','','',6,17),(736,'',111,35,6,125,357,'FF',8,1.00,'',0,0,0,'',1,'','Used','','',2,2),(737,'',112,35,6,125,0,'FF',9,1.00,'',0,0,0,'',4,'','Current:','','',2,3),(738,'',113,35,6,125,0,'FF',9,1.00,'',0,0,0,'',1,'','Avg:','','',2,4),(739,'',114,35,6,125,0,'FF',9,1.00,'',0,0,0,'',2,'','Min:','','',2,5),(740,'',115,35,6,125,0,'FF',9,1.00,'',0,0,0,'',3,'','Max:','','on',2,6),(741,'',116,35,6,125,146,'FF',8,1.00,'',0,29,0,'',1,'','Free','','',2,7),(742,'',117,35,6,125,0,'FF',9,1.00,'',0,29,0,'',4,'','Current:','','',2,8),(743,'',118,35,6,125,0,'FF',9,1.00,'',0,29,0,'',1,'','Avg:','','',2,9),(744,'',119,35,6,125,0,'FF',9,1.00,'',0,29,0,'',2,'','Min:','','',2,10),(745,'',120,35,6,125,0,'FF',9,1.00,'',0,29,0,'',3,'','Max:','','on',2,11),(746,'',121,35,6,126,1,'FF',4,1.00,'',0,0,0,'',1,'','Total','','',2,12),(747,'',122,35,6,126,0,'FF',9,1.00,'',0,0,0,'',4,'','Current:','','',2,13),(748,'',123,35,6,126,0,'FF',9,1.00,'',0,0,0,'',1,'','Avg:','','',2,14),(749,'',124,35,6,126,0,'FF',9,1.00,'',0,0,0,'',2,'','Min:','','',2,15),(750,'',125,35,6,126,0,'FF',9,1.00,'',0,0,0,'',3,'','Max:','','on',2,16),(751,'',126,35,6,125,0,'FF',9,1.00,'',0,28,0,'',4,'','Utilization','','',6,17),(752,'',127,36,7,127,9,'7F',7,0.00,'',0,0,0,'',1,'','CPU Utilization','','',2,1),(753,'',128,36,7,127,0,'FF',9,0.00,'',0,0,0,'',4,'','Current:','','',3,2),(754,'',129,36,7,127,0,'FF',9,0.00,'',0,0,0,'',1,'','Average:','','',3,3),(755,'',130,36,7,127,0,'FF',9,0.00,'',0,0,0,'',3,'','Maximum:','','on',3,4),(756,'',131,36,7,127,9,'FF',4,1.00,'',0,0,0,'',3,'','','','',2,5),(757,'',5,37,2,132,0,'FF',1,0.00,'',0,16,0,'',1,'','','','',2,1),(758,'',6,37,2,129,0,'FF',1,0.00,'',0,16,0,'',1,'','','','',2,2),(759,'',7,37,2,130,0,'FF',1,0.00,'',0,16,0,'',1,'','','','',2,3),(760,'',8,37,2,128,0,'FF',1,0.00,'',0,0,0,'',1,'','','','',2,4),(761,'',9,37,2,131,0,'FF',1,0.00,'',0,16,0,'',1,'','','','',2,5),(762,'',10,37,2,132,2,'FF',7,0.00,'',0,16,0,'',1,'','','','',2,6),(763,'',11,37,2,0,440,'FF',8,0.00,'',0,26,0,'',1,'','','','',2,7),(764,'',12,37,2,0,441,'FF',8,0.00,'',0,24,0,'',1,'','','','',2,8),(765,'',13,37,2,0,442,'FF',8,0.00,'',0,24,0,'',1,'','','','',2,9),(766,'',14,37,2,0,442,'FF',8,0.00,'',0,24,0,'',1,'','','','',2,10),(767,'',15,37,2,0,441,'FF',8,0.00,'',0,24,0,'',1,'','','','',2,11),(768,'',16,37,2,0,440,'FF',8,0.00,'',0,25,0,'',1,'','','','',2,12),(769,'',17,37,2,0,2,'FF',8,0.00,'',0,24,0,'',1,'','','','',2,13),(770,'',18,37,2,0,2,'FF',8,0.00,'',0,24,0,'',1,'','','','',2,14),(771,'',19,37,2,132,2,'FF',7,0.00,'',0,16,0,'',1,'','','','',2,15),(772,'',20,37,2,0,0,'FF',1,0.00,'',0,0,0,'',1,'','Pkt Loss (color):','','',2,16),(773,'',21,37,2,129,93,'FF',4,0.00,'',0,16,0,'',1,'','0%','','',2,17),(774,'',22,37,2,0,80,'FF',4,0.00,'',0,17,0,'',1,'','01-02%','','',2,18),(775,'',23,37,2,0,81,'FF',4,0.00,'',0,18,0,'',1,'','03-05%','','',2,19),(776,'',24,37,2,0,74,'FF',4,0.00,'',0,19,0,'',1,'','06-10%','','',2,20),(777,'',25,37,2,0,67,'FF',4,0.00,'',0,20,0,'',1,'','11-15%','','',2,21),(778,'',26,37,2,0,56,'FF',4,0.00,'',0,21,0,'',1,'','16-50%','','',2,22),(779,'',27,37,2,0,11,'FF',4,0.00,'',0,22,0,'',1,'','51-95%','','',2,23),(780,'',28,37,2,0,48,'FF',4,0.00,'',0,23,0,'',1,'','96-100%','','on',2,24),(781,'',29,37,2,0,48,'FF',7,0.00,'',0,27,0,'',1,'','','','',2,25),(782,'',30,37,2,0,0,'FF',1,0.00,'',0,0,0,'',1,'','Pkt Loss:','','',2,26),(783,'',31,37,2,128,0,'FF',9,0.00,'',0,0,0,'',4,'','Last:','','',5,27),(784,'',32,37,2,128,0,'FF',9,0.00,'',0,0,0,'',2,'','Min:','','',5,28),(785,'',33,37,2,128,0,'FF',9,0.00,'',0,0,0,'',1,'','Avg:','','',5,29),(786,'',34,37,2,128,0,'FF',9,0.00,'',0,0,0,'',3,'','Max:','','on',5,30),(787,'',35,37,2,0,0,'FF',1,0.00,'',0,0,0,'',1,'','RTT (color):','','',2,31),(788,'',36,37,2,131,442,'FF',2,0.00,'',0,0,0,'',1,'','(rttavg +- 1*sdev)','0','',2,32),(789,'',37,37,2,131,441,'FF',2,0.00,'',0,0,0,'',1,'','(rttavg +- 2*sdev)','0','',2,33),(790,'',38,37,2,131,440,'FF',2,0.00,'',0,0,0,'',1,'','(rttavg +- 3*sdev)','0','on',2,34),(791,'',39,37,2,131,2,'FF',2,0.00,'',0,0,0,'',1,'','','0','',2,35),(792,'',40,37,2,0,0,'FF',1,0.00,'',0,0,0,'',1,'','RTT Min:','','',2,36),(793,'',41,37,2,132,0,'FF',9,0.00,'',0,16,0,'',4,'','Last:','','',2,37),(794,'',42,37,2,132,0,'FF',9,0.00,'',0,16,0,'',2,'','Min:','','',2,38),(795,'',43,37,2,132,0,'FF',9,0.00,'',0,16,0,'',1,'','Avg:','','',2,39),(796,'',44,37,2,132,0,'FF',9,0.00,'',0,16,0,'',3,'','Max:','','on',2,40),(797,'',45,37,2,129,0,'FF',1,0.00,'',0,0,0,'',1,'','RTT Avg:','','',2,41),(798,'',46,37,2,129,0,'FF',9,0.00,'',0,16,0,'',4,'','Last:','','',2,42),(799,'',47,37,2,129,0,'FF',9,0.00,'',0,16,0,'',2,'','Min:','','',2,43),(800,'',48,37,2,129,0,'FF',9,0.00,'',0,16,0,'',1,'','Avg:','','',2,44),(801,'',49,37,2,129,0,'FF',9,0.00,'',0,16,0,'',3,'','Max:','','on',2,45),(802,'',50,37,2,130,0,'FF',1,0.00,'',0,0,0,'',1,'','RTT Max:','','',2,46),(803,'',51,37,2,130,0,'FF',9,0.00,'',0,16,0,'',4,'','Last:','','',2,47),(804,'',52,37,2,130,0,'FF',9,0.00,'',0,16,0,'',2,'','Min:','','',2,48),(805,'',53,37,2,130,0,'FF',9,0.00,'',0,16,0,'',1,'','Avg:','','',2,49),(806,'',54,37,2,130,0,'FF',9,0.00,'',0,16,0,'',3,'','Max:','','on',2,50),(807,'',55,37,2,131,0,'FF',1,0.00,'',0,0,0,'',1,'','Std Dev:','','',2,51),(808,'',56,37,2,131,0,'FF',9,0.00,'',0,16,0,'',4,'','Last:','','',2,52),(809,'',57,37,2,131,0,'FF',9,0.00,'',0,16,0,'',2,'','Min:','','',2,53),(810,'',58,37,2,131,0,'FF',9,0.00,'',0,16,0,'',1,'','Avg:','','',2,54),(811,'',59,37,2,131,0,'FF',9,0.00,'',0,16,0,'',3,'','Max:','','on',2,55),(812,'',1,38,1,133,9,'FF',7,0.00,'',0,0,0,'',1,'','CPU Usage','','',2,1),(813,'',2,38,1,133,0,'FF',9,0.00,'',0,0,0,'',4,'','Current:','','',3,2),(814,'',3,38,1,133,0,'FF',9,0.00,'',0,0,0,'',1,'','Average:','','',3,3),(815,'',4,38,1,133,0,'FF',9,0.00,'',0,0,0,'',3,'','Maximum:','','on',3,4),(816,'',76,39,4,134,21,'FF',4,1.00,'',0,2,0,'',1,'','Inbound','','',2,1),(817,'',77,39,4,134,0,'FF',9,1.00,'',0,2,0,'',4,'','Current:','','',2,2),(818,'',78,39,4,134,0,'FF',9,1.00,'',0,2,0,'',1,'','Average:','','',2,3),(819,'',79,39,4,134,0,'FF',9,1.00,'',0,2,0,'',3,'','Maximum:','','on',2,4),(820,'',80,39,4,135,9,'FF',4,1.00,'',0,2,0,'',1,'','Outbound','','',2,5),(821,'',81,39,4,135,0,'FF',9,1.00,'',0,2,0,'',4,'','Current:','','',2,6),(822,'',82,39,4,135,0,'FF',9,1.00,'',0,2,0,'',1,'','Average:','','',2,7),(823,'',83,39,4,135,0,'FF',9,1.00,'',0,2,0,'',3,'','Maximum:','','on',2,8),(824,'',76,40,4,136,21,'FF',4,1.00,'',0,2,0,'',1,'','Inbound','','',2,1),(825,'',77,40,4,136,0,'FF',9,1.00,'',0,2,0,'',4,'','Current:','','',2,2),(826,'',78,40,4,136,0,'FF',9,1.00,'',0,2,0,'',1,'','Average:','','',2,3),(827,'',79,40,4,136,0,'FF',9,1.00,'',0,2,0,'',3,'','Maximum:','','on',2,4),(828,'',80,40,4,137,9,'FF',4,1.00,'',0,2,0,'',1,'','Outbound','','',2,5),(829,'',81,40,4,137,0,'FF',9,1.00,'',0,2,0,'',4,'','Current:','','',2,6),(830,'',82,40,4,137,0,'FF',9,1.00,'',0,2,0,'',1,'','Average:','','',2,7),(831,'',83,40,4,137,0,'FF',9,1.00,'',0,2,0,'',3,'','Maximum:','','on',2,8),(832,'',76,41,4,138,21,'FF',4,1.00,'',0,2,0,'',1,'','Inbound','','',2,1),(833,'',77,41,4,138,0,'FF',9,1.00,'',0,2,0,'',4,'','Current:','','',2,2),(834,'',78,41,4,138,0,'FF',9,1.00,'',0,2,0,'',1,'','Average:','','',2,3),(835,'',79,41,4,138,0,'FF',9,1.00,'',0,2,0,'',3,'','Maximum:','','on',2,4),(836,'',80,41,4,139,9,'FF',4,1.00,'',0,2,0,'',1,'','Outbound','','',2,5),(837,'',81,41,4,139,0,'FF',9,1.00,'',0,2,0,'',4,'','Current:','','',2,6),(838,'',82,41,4,139,0,'FF',9,1.00,'',0,2,0,'',1,'','Average:','','',2,7),(839,'',83,41,4,139,0,'FF',9,1.00,'',0,2,0,'',3,'','Maximum:','','on',2,8),(872,'',60,44,3,148,31,'FF',4,0.00,'',0,0,0,'',1,'','Discards In','','',2,1),(873,'',61,44,3,148,0,'FF',9,0.00,'',0,0,0,'',4,'','Current:','','',2,2),(874,'',62,44,3,148,0,'FF',9,0.00,'',0,0,0,'',1,'','Average:','','',2,3),(875,'',63,44,3,148,0,'FF',9,0.00,'',0,0,0,'',3,'','Maximum:','','on',2,4),(876,'',64,44,3,150,48,'FF',4,0.00,'',0,0,0,'',1,'','Errors In','','',2,5),(877,'',65,44,3,150,0,'FF',9,0.00,'',0,0,0,'',4,'','Current:','','',2,6),(878,'',66,44,3,150,0,'FF',9,0.00,'',0,0,0,'',1,'','Average:','','',2,7),(879,'',67,44,3,150,0,'FF',9,0.00,'',0,0,0,'',3,'','Maximum:','','on',2,8),(880,'',68,44,3,149,18,'FF',4,0.00,'',0,0,0,'',1,'','Discards Out','','',2,9),(881,'',69,44,3,149,0,'FF',9,0.00,'',0,0,0,'',4,'','Current:','','',2,10),(882,'',70,44,3,149,0,'FF',9,0.00,'',0,0,0,'',1,'','Average:','','',2,11),(883,'',71,44,3,149,0,'FF',9,0.00,'',0,0,0,'',3,'','Maximum:','','on',2,12),(884,'',72,44,3,151,89,'FF',4,0.00,'',0,0,0,'',1,'','Errors Out','','',2,13),(885,'',73,44,3,151,0,'FF',9,0.00,'',0,0,0,'',4,'','Current:','','',2,14),(886,'',74,44,3,151,0,'FF',9,0.00,'',0,0,0,'',1,'','Average:','','',2,15),(887,'',75,44,3,151,0,'FF',9,0.00,'',0,0,0,'',3,'','Maximum:','','on',2,16),(2281,'',5,115,2,352,0,'FF',1,0.00,'',0,16,0,'',1,'','','','',2,1),(2282,'',6,115,2,349,0,'FF',1,0.00,'',0,16,0,'',1,'','','','',2,2),(2283,'',7,115,2,350,0,'FF',1,0.00,'',0,16,0,'',1,'','','','',2,3),(2284,'',8,115,2,348,0,'FF',1,0.00,'',0,0,0,'',1,'','','','',2,4),(2285,'',9,115,2,351,0,'FF',1,0.00,'',0,16,0,'',1,'','','','',2,5),(2286,'',10,115,2,352,2,'FF',7,0.00,'',0,16,0,'',1,'','','','',2,6),(2287,'',11,115,2,0,440,'FF',8,0.00,'',0,26,0,'',1,'','','','',2,7),(2288,'',12,115,2,0,441,'FF',8,0.00,'',0,24,0,'',1,'','','','',2,8),(2289,'',13,115,2,0,442,'FF',8,0.00,'',0,24,0,'',1,'','','','',2,9),(2290,'',14,115,2,0,442,'FF',8,0.00,'',0,24,0,'',1,'','','','',2,10),(2291,'',15,115,2,0,441,'FF',8,0.00,'',0,24,0,'',1,'','','','',2,11),(2292,'',16,115,2,0,440,'FF',8,0.00,'',0,25,0,'',1,'','','','',2,12),(2293,'',17,115,2,0,2,'FF',8,0.00,'',0,24,0,'',1,'','','','',2,13),(2294,'',18,115,2,0,2,'FF',8,0.00,'',0,24,0,'',1,'','','','',2,14),(2295,'',19,115,2,352,2,'FF',7,0.00,'',0,16,0,'',1,'','','','',2,15),(2296,'',20,115,2,0,0,'FF',1,0.00,'',0,0,0,'',1,'','Pkt Loss (color):','','',2,16),(2297,'',21,115,2,349,93,'FF',4,0.00,'',0,16,0,'',1,'','0%','','',2,17),(2298,'',22,115,2,0,80,'FF',4,0.00,'',0,17,0,'',1,'','01-02%','','',2,18),(2299,'',23,115,2,0,81,'FF',4,0.00,'',0,18,0,'',1,'','03-05%','','',2,19),(2300,'',24,115,2,0,74,'FF',4,0.00,'',0,19,0,'',1,'','06-10%','','',2,20),(2301,'',25,115,2,0,67,'FF',4,0.00,'',0,20,0,'',1,'','11-15%','','',2,21),(2302,'',26,115,2,0,56,'FF',4,0.00,'',0,21,0,'',1,'','16-50%','','',2,22),(2303,'',27,115,2,0,11,'FF',4,0.00,'',0,22,0,'',1,'','51-95%','','',2,23),(2304,'',28,115,2,0,48,'FF',4,0.00,'',0,23,0,'',1,'','96-100%','','on',2,24),(2305,'',29,115,2,0,48,'FF',7,0.00,'',0,27,0,'',1,'','','','',2,25),(2306,'',30,115,2,0,0,'FF',1,0.00,'',0,0,0,'',1,'','Pkt Loss:','','',2,26),(2307,'',31,115,2,348,0,'FF',9,0.00,'',0,0,0,'',4,'','Last:','','',5,27),(2308,'',32,115,2,348,0,'FF',9,0.00,'',0,0,0,'',2,'','Min:','','',5,28),(2309,'',33,115,2,348,0,'FF',9,0.00,'',0,0,0,'',1,'','Avg:','','',5,29),(2310,'',34,115,2,348,0,'FF',9,0.00,'',0,0,0,'',3,'','Max:','','on',5,30),(2311,'',35,115,2,0,0,'FF',1,0.00,'',0,0,0,'',1,'','RTT (color):','','',2,31),(2312,'',36,115,2,351,442,'FF',2,0.00,'',0,0,0,'',1,'','(rttavg +- 1*sdev)','0','',2,32),(2313,'',37,115,2,351,441,'FF',2,0.00,'',0,0,0,'',1,'','(rttavg +- 2*sdev)','0','',2,33),(2314,'',38,115,2,351,440,'FF',2,0.00,'',0,0,0,'',1,'','(rttavg +- 3*sdev)','0','on',2,34),(2315,'',39,115,2,351,2,'FF',2,0.00,'',0,0,0,'',1,'','','0','',2,35),(2316,'',40,115,2,0,0,'FF',1,0.00,'',0,0,0,'',1,'','RTT Min:','','',2,36),(2317,'',41,115,2,352,0,'FF',9,0.00,'',0,16,0,'',4,'','Last:','','',2,37),(2318,'',42,115,2,352,0,'FF',9,0.00,'',0,16,0,'',2,'','Min:','','',2,38),(2319,'',43,115,2,352,0,'FF',9,0.00,'',0,16,0,'',1,'','Avg:','','',2,39),(2320,'',44,115,2,352,0,'FF',9,0.00,'',0,16,0,'',3,'','Max:','','on',2,40),(2321,'',45,115,2,349,0,'FF',1,0.00,'',0,0,0,'',1,'','RTT Avg:','','',2,41),(2322,'',46,115,2,349,0,'FF',9,0.00,'',0,16,0,'',4,'','Last:','','',2,42),(2323,'',47,115,2,349,0,'FF',9,0.00,'',0,16,0,'',2,'','Min:','','',2,43),(2324,'',48,115,2,349,0,'FF',9,0.00,'',0,16,0,'',1,'','Avg:','','',2,44),(2325,'',49,115,2,349,0,'FF',9,0.00,'',0,16,0,'',3,'','Max:','','on',2,45),(2326,'',50,115,2,350,0,'FF',1,0.00,'',0,0,0,'',1,'','RTT Max:','','',2,46),(2327,'',51,115,2,350,0,'FF',9,0.00,'',0,16,0,'',4,'','Last:','','',2,47),(2328,'',52,115,2,350,0,'FF',9,0.00,'',0,16,0,'',2,'','Min:','','',2,48),(2329,'',53,115,2,350,0,'FF',9,0.00,'',0,16,0,'',1,'','Avg:','','',2,49),(2330,'',54,115,2,350,0,'FF',9,0.00,'',0,16,0,'',3,'','Max:','','on',2,50),(2331,'',55,115,2,351,0,'FF',1,0.00,'',0,0,0,'',1,'','Std Dev:','','',2,51),(2332,'',56,115,2,351,0,'FF',9,0.00,'',0,16,0,'',4,'','Last:','','',2,52),(2333,'',57,115,2,351,0,'FF',9,0.00,'',0,16,0,'',2,'','Min:','','',2,53),(2334,'',58,115,2,351,0,'FF',9,0.00,'',0,16,0,'',1,'','Avg:','','',2,54),(2335,'',59,115,2,351,0,'FF',9,0.00,'',0,16,0,'',3,'','Max:','','on',2,55),(2363,'',111,117,6,361,357,'FF',8,1.00,'',0,0,0,'',1,'','Used','','',2,2),(2364,'',112,117,6,361,0,'FF',9,1.00,'',0,0,0,'',4,'','Current:','','',2,3),(2365,'',113,117,6,361,0,'FF',9,1.00,'',0,0,0,'',1,'','Avg:','','',2,4),(2366,'',114,117,6,361,0,'FF',9,1.00,'',0,0,0,'',2,'','Min:','','',2,5),(2367,'',115,117,6,361,0,'FF',9,1.00,'',0,0,0,'',3,'','Max:','','on',2,6),(2368,'',116,117,6,361,146,'FF',8,1.00,'',0,29,0,'',1,'','Free','','',2,7),(2369,'',117,117,6,361,0,'FF',9,1.00,'',0,29,0,'',4,'','Current:','','',2,8),(2370,'',118,117,6,361,0,'FF',9,1.00,'',0,29,0,'',1,'','Avg:','','',2,9),(2371,'',119,117,6,361,0,'FF',9,1.00,'',0,29,0,'',2,'','Min:','','',2,10),(2372,'',120,117,6,361,0,'FF',9,1.00,'',0,29,0,'',3,'','Max:','','on',2,11),(2373,'',121,117,6,362,1,'FF',4,1.00,'',0,0,0,'',1,'','Total','','',2,12),(2374,'',122,117,6,362,0,'FF',9,1.00,'',0,0,0,'',4,'','Current:','','',2,13),(2375,'',123,117,6,362,0,'FF',9,1.00,'',0,0,0,'',1,'','Avg:','','',2,14),(2376,'',124,117,6,362,0,'FF',9,1.00,'',0,0,0,'',2,'','Min:','','',2,15),(2377,'',125,117,6,362,0,'FF',9,1.00,'',0,0,0,'',3,'','Max:','','on',2,16),(2378,'',126,117,6,361,0,'FF',9,1.00,'',0,28,0,'',4,'','Utilization','','',6,17),(2379,'',127,118,7,363,9,'7F',7,0.00,'',0,0,0,'',1,'','CPU Utilization','','',2,1),(2380,'',128,118,7,363,0,'FF',9,0.00,'',0,0,0,'',4,'','Current:','','',3,2),(2381,'',129,118,7,363,0,'FF',9,0.00,'',0,0,0,'',1,'','Average:','','',3,3),(2382,'',130,118,7,363,0,'FF',9,0.00,'',0,0,0,'',3,'','Maximum:','','on',3,4),(2383,'',131,118,7,363,9,'FF',4,1.00,'',0,0,0,'',3,'','','','',2,5),(2384,'',127,119,7,364,9,'7F',7,0.00,'',0,0,0,'',1,'','CPU Utilization','','',2,1),(2385,'',128,119,7,364,0,'FF',9,0.00,'',0,0,0,'',4,'','Current:','','',3,2),(2386,'',129,119,7,364,0,'FF',9,0.00,'',0,0,0,'',1,'','Average:','','',3,3),(2387,'',130,119,7,364,0,'FF',9,0.00,'',0,0,0,'',3,'','Maximum:','','on',3,4),(2388,'',131,119,7,364,9,'FF',4,1.00,'',0,0,0,'',3,'','','','',2,5),(2389,'',127,120,7,365,9,'7F',7,0.00,'',0,0,0,'',1,'','CPU Utilization','','',2,1),(2390,'',128,120,7,365,0,'FF',9,0.00,'',0,0,0,'',4,'','Current:','','',3,2),(2391,'',129,120,7,365,0,'FF',9,0.00,'',0,0,0,'',1,'','Average:','','',3,3),(2392,'',130,120,7,365,0,'FF',9,0.00,'',0,0,0,'',3,'','Maximum:','','on',3,4),(2393,'',131,120,7,365,9,'FF',4,1.00,'',0,0,0,'',3,'','','','',2,5),(2394,'',127,121,7,366,9,'7F',7,0.00,'',0,0,0,'',1,'','CPU Utilization','','',2,1),(2395,'',128,121,7,366,0,'FF',9,0.00,'',0,0,0,'',4,'','Current:','','',3,2),(2396,'',129,121,7,366,0,'FF',9,0.00,'',0,0,0,'',1,'','Average:','','',3,3),(2397,'',130,121,7,366,0,'FF',9,0.00,'',0,0,0,'',3,'','Maximum:','','on',3,4),(2398,'',131,121,7,366,9,'FF',4,1.00,'',0,0,0,'',3,'','','','',2,5),(2399,'',127,122,7,367,9,'7F',7,0.00,'',0,0,0,'',1,'','CPU Utilization','','',2,1),(2400,'',128,122,7,367,0,'FF',9,0.00,'',0,0,0,'',4,'','Current:','','',3,2),(2401,'',129,122,7,367,0,'FF',9,0.00,'',0,0,0,'',1,'','Average:','','',3,3),(2402,'',130,122,7,367,0,'FF',9,0.00,'',0,0,0,'',3,'','Maximum:','','on',3,4),(2403,'',131,122,7,367,9,'FF',4,1.00,'',0,0,0,'',3,'','','','',2,5),(2404,'',127,123,7,368,9,'7F',7,0.00,'',0,0,0,'',1,'','CPU Utilization','','',2,1),(2405,'',128,123,7,368,0,'FF',9,0.00,'',0,0,0,'',4,'','Current:','','',3,2),(2406,'',129,123,7,368,0,'FF',9,0.00,'',0,0,0,'',1,'','Average:','','',3,3),(2407,'',130,123,7,368,0,'FF',9,0.00,'',0,0,0,'',3,'','Maximum:','','on',3,4),(2408,'',131,123,7,368,9,'FF',4,1.00,'',0,0,0,'',3,'','','','',2,5),(2409,'',127,124,7,369,9,'7F',7,0.00,'',0,0,0,'',1,'','CPU Utilization','','',2,1),(2410,'',128,124,7,369,0,'FF',9,0.00,'',0,0,0,'',4,'','Current:','','',3,2),(2411,'',129,124,7,369,0,'FF',9,0.00,'',0,0,0,'',1,'','Average:','','',3,3),(2412,'',130,124,7,369,0,'FF',9,0.00,'',0,0,0,'',3,'','Maximum:','','on',3,4),(2413,'',131,124,7,369,9,'FF',4,1.00,'',0,0,0,'',3,'','','','',2,5),(2414,'',127,125,7,370,9,'7F',7,0.00,'',0,0,0,'',1,'','CPU Utilization','','',2,1),(2415,'',128,125,7,370,0,'FF',9,0.00,'',0,0,0,'',4,'','Current:','','',3,2),(2416,'',129,125,7,370,0,'FF',9,0.00,'',0,0,0,'',1,'','Average:','','',3,3),(2417,'',130,125,7,370,0,'FF',9,0.00,'',0,0,0,'',3,'','Maximum:','','on',3,4),(2418,'',131,125,7,370,9,'FF',4,1.00,'',0,0,0,'',3,'','','','',2,5),(2419,'',127,126,7,371,9,'7F',7,0.00,'',0,0,0,'',1,'','CPU Utilization','','',2,1),(2420,'',128,126,7,371,0,'FF',9,0.00,'',0,0,0,'',4,'','Current:','','',3,2),(2421,'',129,126,7,371,0,'FF',9,0.00,'',0,0,0,'',1,'','Average:','','',3,3),(2422,'',130,126,7,371,0,'FF',9,0.00,'',0,0,0,'',3,'','Maximum:','','on',3,4),(2423,'',131,126,7,371,9,'FF',4,1.00,'',0,0,0,'',3,'','','','',2,5),(2853,'',84,151,5,448,45,'FF',7,0.00,'',0,14,0,'',1,'','Used Real','','',2,1),(2854,'',85,151,5,448,0,'FF',9,0.00,'',0,14,0,'',4,'','Current:','','',2,2),(2855,'',86,151,5,448,0,'FF',9,0.00,'',0,14,0,'',1,'','Avg:','','',2,3),(2856,'',87,151,5,448,0,'FF',9,0.00,'',0,14,0,'',2,'','Min:','','',2,4),(2857,'',88,151,5,448,0,'FF',9,0.00,'',0,14,0,'',3,'','Max:','','on',2,5),(2858,'',89,151,5,451,8,'FF',8,0.00,'',0,14,0,'',1,'','Buffers','','',2,6),(2859,'',90,151,5,451,0,'FF',9,0.00,'',0,14,0,'',4,'','Current:','','',2,7),(2860,'',91,151,5,451,0,'FF',9,0.00,'',0,14,0,'',1,'','Avg:','','',2,8),(2861,'',92,151,5,451,0,'FF',9,0.00,'',0,14,0,'',2,'','Min:','','',2,9),(2862,'',93,151,5,451,0,'FF',9,0.00,'',0,14,0,'',3,'','Max:','','on',2,10),(2863,'',94,151,5,450,30,'FF',8,0.00,'',0,14,0,'',1,'','Cache','','',2,11),(2864,'',95,151,5,450,0,'FF',9,0.00,'',0,14,0,'',4,'','Current:','','',2,12),(2865,'',96,151,5,450,0,'FF',9,0.00,'',0,14,0,'',1,'','Avg:','','',2,13),(2866,'',97,151,5,450,0,'FF',9,0.00,'',0,14,0,'',2,'','Min:','','',2,14),(2867,'',98,151,5,450,0,'FF',9,0.00,'',0,14,0,'',3,'','Max:','','on',2,15),(2868,'',99,151,5,454,6,'FF',8,0.00,'',0,14,0,'',1,'','Unused Real','','',2,16),(2869,'',100,151,5,454,0,'FF',9,0.00,'',0,14,0,'',4,'','Current:','','',2,17),(2870,'',101,151,5,454,0,'FF',9,0.00,'',0,14,0,'',1,'','Avg:','','',2,18),(2871,'',102,151,5,454,0,'FF',9,0.00,'',0,14,0,'',2,'','Min:','','',2,19),(2872,'',103,151,5,454,0,'FF',9,0.00,'',0,14,0,'',3,'','Max:','','on',2,20),(2873,'',104,151,5,455,38,'FF',8,0.00,'',0,14,0,'',1,'','Used Swap','','',2,21),(2874,'',105,151,5,455,0,'FF',9,0.00,'',0,14,0,'',4,'','Current:','','',2,22),(2875,'',106,151,5,455,0,'FF',9,0.00,'',0,14,0,'',1,'','Avg:','','',2,23),(2876,'',107,151,5,455,0,'FF',9,0.00,'',0,14,0,'',2,'','Min:','','',2,24),(2877,'',108,151,5,455,0,'FF',9,0.00,'',0,14,0,'',3,'','Max:','','on',2,25),(2878,'',109,151,5,449,1,'FF',4,0.00,'',0,14,0,'',1,'','Total Real','','',2,26),(2879,'',110,151,5,449,0,'FF',9,0.00,'',0,14,0,'',4,'','Current:','','on',2,27),(2988,'',5,156,2,492,0,'FF',1,0.00,'',0,16,0,'',1,'','','','',2,1),(2989,'',6,156,2,489,0,'FF',1,0.00,'',0,16,0,'',1,'','','','',2,2),(2990,'',7,156,2,490,0,'FF',1,0.00,'',0,16,0,'',1,'','','','',2,3),(2991,'',8,156,2,488,0,'FF',1,0.00,'',0,0,0,'',1,'','','','',2,4),(2992,'',9,156,2,491,0,'FF',1,0.00,'',0,16,0,'',1,'','','','',2,5),(2993,'',10,156,2,492,2,'FF',7,0.00,'',0,16,0,'',1,'','','','',2,6),(2994,'',11,156,2,0,440,'FF',8,0.00,'',0,26,0,'',1,'','','','',2,7),(2995,'',12,156,2,0,441,'FF',8,0.00,'',0,24,0,'',1,'','','','',2,8),(2996,'',13,156,2,0,442,'FF',8,0.00,'',0,24,0,'',1,'','','','',2,9),(2997,'',14,156,2,0,442,'FF',8,0.00,'',0,24,0,'',1,'','','','',2,10),(2998,'',15,156,2,0,441,'FF',8,0.00,'',0,24,0,'',1,'','','','',2,11),(2999,'',16,156,2,0,440,'FF',8,0.00,'',0,25,0,'',1,'','','','',2,12),(3000,'',17,156,2,0,2,'FF',8,0.00,'',0,24,0,'',1,'','','','',2,13),(3001,'',18,156,2,0,2,'FF',8,0.00,'',0,24,0,'',1,'','','','',2,14),(3002,'',19,156,2,492,2,'FF',7,0.00,'',0,16,0,'',1,'','','','',2,15),(3003,'',20,156,2,0,0,'FF',1,0.00,'',0,0,0,'',1,'','Pkt Loss (color):','','',2,16),(3004,'',21,156,2,489,93,'FF',4,0.00,'',0,16,0,'',1,'','0%','','',2,17),(3005,'',22,156,2,0,80,'FF',4,0.00,'',0,17,0,'',1,'','01-02%','','',2,18),(3006,'',23,156,2,0,81,'FF',4,0.00,'',0,18,0,'',1,'','03-05%','','',2,19),(3007,'',24,156,2,0,74,'FF',4,0.00,'',0,19,0,'',1,'','06-10%','','',2,20),(3008,'',25,156,2,0,67,'FF',4,0.00,'',0,20,0,'',1,'','11-15%','','',2,21),(3009,'',26,156,2,0,56,'FF',4,0.00,'',0,21,0,'',1,'','16-50%','','',2,22),(3010,'',27,156,2,0,11,'FF',4,0.00,'',0,22,0,'',1,'','51-95%','','',2,23),(3011,'',28,156,2,0,48,'FF',4,0.00,'',0,23,0,'',1,'','96-100%','','on',2,24),(3012,'',29,156,2,0,48,'FF',7,0.00,'',0,27,0,'',1,'','','','',2,25),(3013,'',30,156,2,0,0,'FF',1,0.00,'',0,0,0,'',1,'','Pkt Loss:','','',2,26),(3014,'',31,156,2,488,0,'FF',9,0.00,'',0,0,0,'',4,'','Last:','','',5,27),(3015,'',32,156,2,488,0,'FF',9,0.00,'',0,0,0,'',2,'','Min:','','',5,28),(3016,'',33,156,2,488,0,'FF',9,0.00,'',0,0,0,'',1,'','Avg:','','',5,29),(3017,'',34,156,2,488,0,'FF',9,0.00,'',0,0,0,'',3,'','Max:','','on',5,30),(3018,'',35,156,2,0,0,'FF',1,0.00,'',0,0,0,'',1,'','RTT (color):','','',2,31),(3019,'',36,156,2,491,442,'FF',2,0.00,'',0,0,0,'',1,'','(rttavg +- 1*sdev)','0','',2,32),(3020,'',37,156,2,491,441,'FF',2,0.00,'',0,0,0,'',1,'','(rttavg +- 2*sdev)','0','',2,33),(3021,'',38,156,2,491,440,'FF',2,0.00,'',0,0,0,'',1,'','(rttavg +- 3*sdev)','0','on',2,34),(3022,'',39,156,2,491,2,'FF',2,0.00,'',0,0,0,'',1,'','','0','',2,35),(3023,'',40,156,2,0,0,'FF',1,0.00,'',0,0,0,'',1,'','RTT Min:','','',2,36),(3024,'',41,156,2,492,0,'FF',9,0.00,'',0,16,0,'',4,'','Last:','','',2,37),(3025,'',42,156,2,492,0,'FF',9,0.00,'',0,16,0,'',2,'','Min:','','',2,38),(3026,'',43,156,2,492,0,'FF',9,0.00,'',0,16,0,'',1,'','Avg:','','',2,39),(3027,'',44,156,2,492,0,'FF',9,0.00,'',0,16,0,'',3,'','Max:','','on',2,40),(3028,'',45,156,2,489,0,'FF',1,0.00,'',0,0,0,'',1,'','RTT Avg:','','',2,41),(3029,'',46,156,2,489,0,'FF',9,0.00,'',0,16,0,'',4,'','Last:','','',2,42),(3030,'',47,156,2,489,0,'FF',9,0.00,'',0,16,0,'',2,'','Min:','','',2,43),(3031,'',48,156,2,489,0,'FF',9,0.00,'',0,16,0,'',1,'','Avg:','','',2,44),(3032,'',49,156,2,489,0,'FF',9,0.00,'',0,16,0,'',3,'','Max:','','on',2,45),(3033,'',50,156,2,490,0,'FF',1,0.00,'',0,0,0,'',1,'','RTT Max:','','',2,46),(3034,'',51,156,2,490,0,'FF',9,0.00,'',0,16,0,'',4,'','Last:','','',2,47),(3035,'',52,156,2,490,0,'FF',9,0.00,'',0,16,0,'',2,'','Min:','','',2,48),(3036,'',53,156,2,490,0,'FF',9,0.00,'',0,16,0,'',1,'','Avg:','','',2,49),(3037,'',54,156,2,490,0,'FF',9,0.00,'',0,16,0,'',3,'','Max:','','on',2,50),(3038,'',55,156,2,491,0,'FF',1,0.00,'',0,0,0,'',1,'','Std Dev:','','',2,51),(3039,'',56,156,2,491,0,'FF',9,0.00,'',0,16,0,'',4,'','Last:','','',2,52),(3040,'',57,156,2,491,0,'FF',9,0.00,'',0,16,0,'',2,'','Min:','','',2,53),(3041,'',58,156,2,491,0,'FF',9,0.00,'',0,16,0,'',1,'','Avg:','','',2,54),(3042,'',59,156,2,491,0,'FF',9,0.00,'',0,16,0,'',3,'','Max:','','on',2,55),(3043,'',1,157,1,493,9,'FF',7,0.00,'',0,0,0,'',1,'','CPU Usage','','',2,1),(3044,'',2,157,1,493,0,'FF',9,0.00,'',0,0,0,'',4,'','Current:','','',3,2),(3045,'',3,157,1,493,0,'FF',9,0.00,'',0,0,0,'',1,'','Average:','','',3,3),(3046,'',4,157,1,493,0,'FF',9,0.00,'',0,0,0,'',3,'','Maximum:','','on',3,4),(3047,'',76,158,4,494,21,'FF',4,1.00,'',0,2,0,'',1,'','Inbound','','',2,1),(3048,'',77,158,4,494,0,'FF',9,1.00,'',0,2,0,'',4,'','Current:','','',2,2),(3049,'',78,158,4,494,0,'FF',9,1.00,'',0,2,0,'',1,'','Average:','','',2,3),(3050,'',79,158,4,494,0,'FF',9,1.00,'',0,2,0,'',3,'','Maximum:','','on',2,4),(3051,'',80,158,4,495,9,'FF',4,1.00,'',0,2,0,'',1,'','Outbound','','',2,5),(3052,'',81,158,4,495,0,'FF',9,1.00,'',0,2,0,'',4,'','Current:','','',2,6),(3053,'',82,158,4,495,0,'FF',9,1.00,'',0,2,0,'',1,'','Average:','','',2,7),(3054,'',83,158,4,495,0,'FF',9,1.00,'',0,2,0,'',3,'','Maximum:','','on',2,8),(3055,'',76,159,4,496,21,'FF',4,1.00,'',0,2,0,'',1,'','Inbound','','',2,1),(3056,'',77,159,4,496,0,'FF',9,1.00,'',0,2,0,'',4,'','Current:','','',2,2),(3057,'',78,159,4,496,0,'FF',9,1.00,'',0,2,0,'',1,'','Average:','','',2,3),(3058,'',79,159,4,496,0,'FF',9,1.00,'',0,2,0,'',3,'','Maximum:','','on',2,4),(3059,'',80,159,4,497,9,'FF',4,1.00,'',0,2,0,'',1,'','Outbound','','',2,5),(3060,'',81,159,4,497,0,'FF',9,1.00,'',0,2,0,'',4,'','Current:','','',2,6),(3061,'',82,159,4,497,0,'FF',9,1.00,'',0,2,0,'',1,'','Average:','','',2,7),(3062,'',83,159,4,497,0,'FF',9,1.00,'',0,2,0,'',3,'','Maximum:','','on',2,8),(3063,'',76,160,4,498,21,'FF',4,1.00,'',0,2,0,'',1,'','Inbound','','',2,1),(3064,'',77,160,4,498,0,'FF',9,1.00,'',0,2,0,'',4,'','Current:','','',2,2),(3065,'',78,160,4,498,0,'FF',9,1.00,'',0,2,0,'',1,'','Average:','','',2,3),(3066,'',79,160,4,498,0,'FF',9,1.00,'',0,2,0,'',3,'','Maximum:','','on',2,4),(3067,'',80,160,4,499,9,'FF',4,1.00,'',0,2,0,'',1,'','Outbound','','',2,5),(3068,'',81,160,4,499,0,'FF',9,1.00,'',0,2,0,'',4,'','Current:','','',2,6),(3069,'',82,160,4,499,0,'FF',9,1.00,'',0,2,0,'',1,'','Average:','','',2,7),(3070,'',83,160,4,499,0,'FF',9,1.00,'',0,2,0,'',3,'','Maximum:','','on',2,8),(3071,'',76,161,4,500,21,'FF',4,1.00,'',0,2,0,'',1,'','Inbound','','',2,1),(3072,'',77,161,4,500,0,'FF',9,1.00,'',0,2,0,'',4,'','Current:','','',2,2),(3073,'',78,161,4,500,0,'FF',9,1.00,'',0,2,0,'',1,'','Average:','','',2,3),(3074,'',79,161,4,500,0,'FF',9,1.00,'',0,2,0,'',3,'','Maximum:','','on',2,4),(3075,'',80,161,4,501,9,'FF',4,1.00,'',0,2,0,'',1,'','Outbound','','',2,5),(3076,'',81,161,4,501,0,'FF',9,1.00,'',0,2,0,'',4,'','Current:','','',2,6),(3077,'',82,161,4,501,0,'FF',9,1.00,'',0,2,0,'',1,'','Average:','','',2,7),(3078,'',83,161,4,501,0,'FF',9,1.00,'',0,2,0,'',3,'','Maximum:','','on',2,8),(3134,'',76,163,4,507,21,'FF',4,1.00,'',0,2,0,'',1,'','Inbound','','',2,1),(3135,'',77,163,4,507,0,'FF',9,1.00,'',0,2,0,'',4,'','Current:','','',2,2),(3136,'',78,163,4,507,0,'FF',9,1.00,'',0,2,0,'',1,'','Average:','','',2,3),(3137,'',79,163,4,507,0,'FF',9,1.00,'',0,2,0,'',3,'','Maximum:','','on',2,4),(3138,'',80,163,4,508,9,'FF',4,1.00,'',0,2,0,'',1,'','Outbound','','',2,5),(3139,'',81,163,4,508,0,'FF',9,1.00,'',0,2,0,'',4,'','Current:','','',2,6),(3140,'',82,163,4,508,0,'FF',9,1.00,'',0,2,0,'',1,'','Average:','','',2,7),(3141,'',83,163,4,508,0,'FF',9,1.00,'',0,2,0,'',3,'','Maximum:','','on',2,8),(3158,'',76,165,4,513,21,'FF',4,1.00,'',0,2,0,'',1,'','Inbound','','',2,1),(3159,'',77,165,4,513,0,'FF',9,1.00,'',0,2,0,'',4,'','Current:','','',2,2),(3160,'',78,165,4,513,0,'FF',9,1.00,'',0,2,0,'',1,'','Average:','','',2,3),(3161,'',79,165,4,513,0,'FF',9,1.00,'',0,2,0,'',3,'','Maximum:','','on',2,4),(3162,'',80,165,4,514,9,'FF',4,1.00,'',0,2,0,'',1,'','Outbound','','',2,5),(3163,'',81,165,4,514,0,'FF',9,1.00,'',0,2,0,'',4,'','Current:','','',2,6),(3164,'',82,165,4,514,0,'FF',9,1.00,'',0,2,0,'',1,'','Average:','','',2,7),(3165,'',83,165,4,514,0,'FF',9,1.00,'',0,2,0,'',3,'','Maximum:','','on',2,8),(3214,'',76,169,4,527,21,'FF',4,1.00,'',0,2,0,'',1,'','Inbound','','',2,1),(3215,'',77,169,4,527,0,'FF',9,1.00,'',0,2,0,'',4,'','Current:','','',2,2),(3216,'',78,169,4,527,0,'FF',9,1.00,'',0,2,0,'',1,'','Average:','','',2,3),(3217,'',79,169,4,527,0,'FF',9,1.00,'',0,2,0,'',3,'','Maximum:','','on',2,4),(3218,'',80,169,4,528,9,'FF',4,1.00,'',0,2,0,'',1,'','Outbound','','',2,5),(3219,'',81,169,4,528,0,'FF',9,1.00,'',0,2,0,'',4,'','Current:','','',2,6),(3220,'',82,169,4,528,0,'FF',9,1.00,'',0,2,0,'',1,'','Average:','','',2,7),(3221,'',83,169,4,528,0,'FF',9,1.00,'',0,2,0,'',3,'','Maximum:','','on',2,8),(3222,'',76,170,4,529,21,'FF',4,1.00,'',0,2,0,'',1,'','Inbound','','',2,1),(3223,'',77,170,4,529,0,'FF',9,1.00,'',0,2,0,'',4,'','Current:','','',2,2),(3224,'',78,170,4,529,0,'FF',9,1.00,'',0,2,0,'',1,'','Average:','','',2,3),(3225,'',79,170,4,529,0,'FF',9,1.00,'',0,2,0,'',3,'','Maximum:','','on',2,4),(3226,'',80,170,4,530,9,'FF',4,1.00,'',0,2,0,'',1,'','Outbound','','',2,5),(3227,'',81,170,4,530,0,'FF',9,1.00,'',0,2,0,'',4,'','Current:','','',2,6),(3228,'',82,170,4,530,0,'FF',9,1.00,'',0,2,0,'',1,'','Average:','','',2,7),(3229,'',83,170,4,530,0,'FF',9,1.00,'',0,2,0,'',3,'','Maximum:','','on',2,8),(3230,'',76,171,4,531,21,'FF',4,1.00,'',0,2,0,'',1,'','Inbound','','',2,1),(3231,'',77,171,4,531,0,'FF',9,1.00,'',0,2,0,'',4,'','Current:','','',2,2),(3232,'',78,171,4,531,0,'FF',9,1.00,'',0,2,0,'',1,'','Average:','','',2,3),(3233,'',79,171,4,531,0,'FF',9,1.00,'',0,2,0,'',3,'','Maximum:','','on',2,4),(3234,'',80,171,4,532,9,'FF',4,1.00,'',0,2,0,'',1,'','Outbound','','',2,5),(3235,'',81,171,4,532,0,'FF',9,1.00,'',0,2,0,'',4,'','Current:','','',2,6),(3236,'',82,171,4,532,0,'FF',9,1.00,'',0,2,0,'',1,'','Average:','','',2,7),(3237,'',83,171,4,532,0,'FF',9,1.00,'',0,2,0,'',3,'','Maximum:','','on',2,8),(3286,'',76,175,4,545,21,'FF',4,1.00,'',0,2,0,'',1,'','Inbound','','',2,1),(3287,'',77,175,4,545,0,'FF',9,1.00,'',0,2,0,'',4,'','Current:','','',2,2),(3288,'',78,175,4,545,0,'FF',9,1.00,'',0,2,0,'',1,'','Average:','','',2,3),(3289,'',79,175,4,545,0,'FF',9,1.00,'',0,2,0,'',3,'','Maximum:','','on',2,4),(3290,'',80,175,4,546,9,'FF',4,1.00,'',0,2,0,'',1,'','Outbound','','',2,5),(3291,'',81,175,4,546,0,'FF',9,1.00,'',0,2,0,'',4,'','Current:','','',2,6),(3292,'',82,175,4,546,0,'FF',9,1.00,'',0,2,0,'',1,'','Average:','','',2,7),(3293,'',83,175,4,546,0,'FF',9,1.00,'',0,2,0,'',3,'','Maximum:','','on',2,8),(3310,'',76,177,4,551,21,'FF',4,1.00,'',0,2,0,'',1,'','Inbound','','',2,1),(3311,'',77,177,4,551,0,'FF',9,1.00,'',0,2,0,'',4,'','Current:','','',2,2),(3312,'',78,177,4,551,0,'FF',9,1.00,'',0,2,0,'',1,'','Average:','','',2,3),(3313,'',79,177,4,551,0,'FF',9,1.00,'',0,2,0,'',3,'','Maximum:','','on',2,4),(3314,'',80,177,4,552,9,'FF',4,1.00,'',0,2,0,'',1,'','Outbound','','',2,5),(3315,'',81,177,4,552,0,'FF',9,1.00,'',0,2,0,'',4,'','Current:','','',2,6),(3316,'',82,177,4,552,0,'FF',9,1.00,'',0,2,0,'',1,'','Average:','','',2,7),(3317,'',83,177,4,552,0,'FF',9,1.00,'',0,2,0,'',3,'','Maximum:','','on',2,8),(3318,'',76,178,4,553,21,'FF',4,1.00,'',0,2,0,'',1,'','Inbound','','',2,1),(3319,'',77,178,4,553,0,'FF',9,1.00,'',0,2,0,'',4,'','Current:','','',2,2),(3320,'',78,178,4,553,0,'FF',9,1.00,'',0,2,0,'',1,'','Average:','','',2,3),(3321,'',79,178,4,553,0,'FF',9,1.00,'',0,2,0,'',3,'','Maximum:','','on',2,4),(3322,'',80,178,4,554,9,'FF',4,1.00,'',0,2,0,'',1,'','Outbound','','',2,5),(3323,'',81,178,4,554,0,'FF',9,1.00,'',0,2,0,'',4,'','Current:','','',2,6),(3324,'',82,178,4,554,0,'FF',9,1.00,'',0,2,0,'',1,'','Average:','','',2,7),(3325,'',83,178,4,554,0,'FF',9,1.00,'',0,2,0,'',3,'','Maximum:','','on',2,8),(3326,'',76,179,4,555,21,'FF',4,1.00,'',0,2,0,'',1,'','Inbound','','',2,1),(3327,'',77,179,4,555,0,'FF',9,1.00,'',0,2,0,'',4,'','Current:','','',2,2),(3328,'',78,179,4,555,0,'FF',9,1.00,'',0,2,0,'',1,'','Average:','','',2,3),(3329,'',79,179,4,555,0,'FF',9,1.00,'',0,2,0,'',3,'','Maximum:','','on',2,4),(3330,'',80,179,4,556,9,'FF',4,1.00,'',0,2,0,'',1,'','Outbound','','',2,5),(3331,'',81,179,4,556,0,'FF',9,1.00,'',0,2,0,'',4,'','Current:','','',2,6),(3332,'',82,179,4,556,0,'FF',9,1.00,'',0,2,0,'',1,'','Average:','','',2,7),(3333,'',83,179,4,556,0,'FF',9,1.00,'',0,2,0,'',3,'','Maximum:','','on',2,8),(3334,'',60,180,3,558,31,'FF',4,0.00,'',0,0,0,'',1,'','Discards In','','',2,1),(3335,'',61,180,3,558,0,'FF',9,0.00,'',0,0,0,'',4,'','Current:','','',2,2),(3336,'',62,180,3,558,0,'FF',9,0.00,'',0,0,0,'',1,'','Average:','','',2,3),(3337,'',63,180,3,558,0,'FF',9,0.00,'',0,0,0,'',3,'','Maximum:','','on',2,4),(3338,'',64,180,3,557,48,'FF',4,0.00,'',0,0,0,'',1,'','Errors In','','',2,5),(3339,'',65,180,3,557,0,'FF',9,0.00,'',0,0,0,'',4,'','Current:','','',2,6),(3340,'',66,180,3,557,0,'FF',9,0.00,'',0,0,0,'',1,'','Average:','','',2,7),(3341,'',67,180,3,557,0,'FF',9,0.00,'',0,0,0,'',3,'','Maximum:','','on',2,8),(3342,'',68,180,3,559,18,'FF',4,0.00,'',0,0,0,'',1,'','Discards Out','','',2,9),(3343,'',69,180,3,559,0,'FF',9,0.00,'',0,0,0,'',4,'','Current:','','',2,10),(3344,'',70,180,3,559,0,'FF',9,0.00,'',0,0,0,'',1,'','Average:','','',2,11),(3345,'',71,180,3,559,0,'FF',9,0.00,'',0,0,0,'',3,'','Maximum:','','on',2,12),(3346,'',72,180,3,560,89,'FF',4,0.00,'',0,0,0,'',1,'','Errors Out','','',2,13),(3347,'',73,180,3,560,0,'FF',9,0.00,'',0,0,0,'',4,'','Current:','','',2,14),(3348,'',74,180,3,560,0,'FF',9,0.00,'',0,0,0,'',1,'','Average:','','',2,15),(3349,'',75,180,3,560,0,'FF',9,0.00,'',0,0,0,'',3,'','Maximum:','','on',2,16),(3350,'',60,181,3,562,31,'FF',4,0.00,'',0,0,0,'',1,'','Discards In','','',2,1),(3351,'',61,181,3,562,0,'FF',9,0.00,'',0,0,0,'',4,'','Current:','','',2,2),(3352,'',62,181,3,562,0,'FF',9,0.00,'',0,0,0,'',1,'','Average:','','',2,3),(3353,'',63,181,3,562,0,'FF',9,0.00,'',0,0,0,'',3,'','Maximum:','','on',2,4),(3354,'',64,181,3,561,48,'FF',4,0.00,'',0,0,0,'',1,'','Errors In','','',2,5),(3355,'',65,181,3,561,0,'FF',9,0.00,'',0,0,0,'',4,'','Current:','','',2,6),(3356,'',66,181,3,561,0,'FF',9,0.00,'',0,0,0,'',1,'','Average:','','',2,7),(3357,'',67,181,3,561,0,'FF',9,0.00,'',0,0,0,'',3,'','Maximum:','','on',2,8),(3358,'',68,181,3,563,18,'FF',4,0.00,'',0,0,0,'',1,'','Discards Out','','',2,9),(3359,'',69,181,3,563,0,'FF',9,0.00,'',0,0,0,'',4,'','Current:','','',2,10),(3360,'',70,181,3,563,0,'FF',9,0.00,'',0,0,0,'',1,'','Average:','','',2,11),(3361,'',71,181,3,563,0,'FF',9,0.00,'',0,0,0,'',3,'','Maximum:','','on',2,12),(3362,'',72,181,3,564,89,'FF',4,0.00,'',0,0,0,'',1,'','Errors Out','','',2,13),(3363,'',73,181,3,564,0,'FF',9,0.00,'',0,0,0,'',4,'','Current:','','',2,14),(3364,'',74,181,3,564,0,'FF',9,0.00,'',0,0,0,'',1,'','Average:','','',2,15),(3365,'',75,181,3,564,0,'FF',9,0.00,'',0,0,0,'',3,'','Maximum:','','on',2,16),(3430,'',76,186,4,581,21,'FF',4,1.00,'',0,2,0,'',1,'','Inbound','','',2,1),(3431,'',77,186,4,581,0,'FF',9,1.00,'',0,2,0,'',4,'','Current:','','',2,2),(3432,'',78,186,4,581,0,'FF',9,1.00,'',0,2,0,'',1,'','Average:','','',2,3),(3433,'',79,186,4,581,0,'FF',9,1.00,'',0,2,0,'',3,'','Maximum:','','on',2,4),(3434,'',80,186,4,582,9,'FF',4,1.00,'',0,2,0,'',1,'','Outbound','','',2,5),(3435,'',81,186,4,582,0,'FF',9,1.00,'',0,2,0,'',4,'','Current:','','',2,6),(3436,'',82,186,4,582,0,'FF',9,1.00,'',0,2,0,'',1,'','Average:','','',2,7),(3437,'',83,186,4,582,0,'FF',9,1.00,'',0,2,0,'',3,'','Maximum:','','on',2,8),(3438,'',5,187,2,587,0,'FF',1,0.00,'',0,16,0,'',1,'','','','',2,1),(3439,'',6,187,2,584,0,'FF',1,0.00,'',0,16,0,'',1,'','','','',2,2),(3440,'',7,187,2,585,0,'FF',1,0.00,'',0,16,0,'',1,'','','','',2,3),(3441,'',8,187,2,583,0,'FF',1,0.00,'',0,0,0,'',1,'','','','',2,4),(3442,'',9,187,2,586,0,'FF',1,0.00,'',0,16,0,'',1,'','','','',2,5),(3443,'',10,187,2,587,2,'FF',7,0.00,'',0,16,0,'',1,'','','','',2,6),(3444,'',11,187,2,0,440,'FF',8,0.00,'',0,26,0,'',1,'','','','',2,7),(3445,'',12,187,2,0,441,'FF',8,0.00,'',0,24,0,'',1,'','','','',2,8),(3446,'',13,187,2,0,442,'FF',8,0.00,'',0,24,0,'',1,'','','','',2,9),(3447,'',14,187,2,0,442,'FF',8,0.00,'',0,24,0,'',1,'','','','',2,10),(3448,'',15,187,2,0,441,'FF',8,0.00,'',0,24,0,'',1,'','','','',2,11),(3449,'',16,187,2,0,440,'FF',8,0.00,'',0,25,0,'',1,'','','','',2,12),(3450,'',17,187,2,0,2,'FF',8,0.00,'',0,24,0,'',1,'','','','',2,13),(3451,'',18,187,2,0,2,'FF',8,0.00,'',0,24,0,'',1,'','','','',2,14),(3452,'',19,187,2,587,2,'FF',7,0.00,'',0,16,0,'',1,'','','','',2,15),(3453,'',20,187,2,0,0,'FF',1,0.00,'',0,0,0,'',1,'','Pkt Loss (color):','','',2,16),(3454,'',21,187,2,584,93,'FF',4,0.00,'',0,16,0,'',1,'','0%','','',2,17),(3455,'',22,187,2,0,80,'FF',4,0.00,'',0,17,0,'',1,'','01-02%','','',2,18),(3456,'',23,187,2,0,81,'FF',4,0.00,'',0,18,0,'',1,'','03-05%','','',2,19),(3457,'',24,187,2,0,74,'FF',4,0.00,'',0,19,0,'',1,'','06-10%','','',2,20),(3458,'',25,187,2,0,67,'FF',4,0.00,'',0,20,0,'',1,'','11-15%','','',2,21),(3459,'',26,187,2,0,56,'FF',4,0.00,'',0,21,0,'',1,'','16-50%','','',2,22),(3460,'',27,187,2,0,11,'FF',4,0.00,'',0,22,0,'',1,'','51-95%','','',2,23),(3461,'',28,187,2,0,48,'FF',4,0.00,'',0,23,0,'',1,'','96-100%','','on',2,24),(3462,'',29,187,2,0,48,'FF',7,0.00,'',0,27,0,'',1,'','','','',2,25),(3463,'',30,187,2,0,0,'FF',1,0.00,'',0,0,0,'',1,'','Pkt Loss:','','',2,26),(3464,'',31,187,2,583,0,'FF',9,0.00,'',0,0,0,'',4,'','Last:','','',5,27),(3465,'',32,187,2,583,0,'FF',9,0.00,'',0,0,0,'',2,'','Min:','','',5,28),(3466,'',33,187,2,583,0,'FF',9,0.00,'',0,0,0,'',1,'','Avg:','','',5,29),(3467,'',34,187,2,583,0,'FF',9,0.00,'',0,0,0,'',3,'','Max:','','on',5,30),(3468,'',35,187,2,0,0,'FF',1,0.00,'',0,0,0,'',1,'','RTT (color):','','',2,31),(3469,'',36,187,2,586,442,'FF',2,0.00,'',0,0,0,'',1,'','(rttavg +- 1*sdev)','0','',2,32),(3470,'',37,187,2,586,441,'FF',2,0.00,'',0,0,0,'',1,'','(rttavg +- 2*sdev)','0','',2,33),(3471,'',38,187,2,586,440,'FF',2,0.00,'',0,0,0,'',1,'','(rttavg +- 3*sdev)','0','on',2,34),(3472,'',39,187,2,586,2,'FF',2,0.00,'',0,0,0,'',1,'','','0','',2,35),(3473,'',40,187,2,0,0,'FF',1,0.00,'',0,0,0,'',1,'','RTT Min:','','',2,36),(3474,'',41,187,2,587,0,'FF',9,0.00,'',0,16,0,'',4,'','Last:','','',2,37),(3475,'',42,187,2,587,0,'FF',9,0.00,'',0,16,0,'',2,'','Min:','','',2,38),(3476,'',43,187,2,587,0,'FF',9,0.00,'',0,16,0,'',1,'','Avg:','','',2,39),(3477,'',44,187,2,587,0,'FF',9,0.00,'',0,16,0,'',3,'','Max:','','on',2,40),(3478,'',45,187,2,584,0,'FF',1,0.00,'',0,0,0,'',1,'','RTT Avg:','','',2,41),(3479,'',46,187,2,584,0,'FF',9,0.00,'',0,16,0,'',4,'','Last:','','',2,42),(3480,'',47,187,2,584,0,'FF',9,0.00,'',0,16,0,'',2,'','Min:','','',2,43),(3481,'',48,187,2,584,0,'FF',9,0.00,'',0,16,0,'',1,'','Avg:','','',2,44),(3482,'',49,187,2,584,0,'FF',9,0.00,'',0,16,0,'',3,'','Max:','','on',2,45),(3483,'',50,187,2,585,0,'FF',1,0.00,'',0,0,0,'',1,'','RTT Max:','','',2,46),(3484,'',51,187,2,585,0,'FF',9,0.00,'',0,16,0,'',4,'','Last:','','',2,47),(3485,'',52,187,2,585,0,'FF',9,0.00,'',0,16,0,'',2,'','Min:','','',2,48),(3486,'',53,187,2,585,0,'FF',9,0.00,'',0,16,0,'',1,'','Avg:','','',2,49),(3487,'',54,187,2,585,0,'FF',9,0.00,'',0,16,0,'',3,'','Max:','','on',2,50),(3488,'',55,187,2,586,0,'FF',1,0.00,'',0,0,0,'',1,'','Std Dev:','','',2,51),(3489,'',56,187,2,586,0,'FF',9,0.00,'',0,16,0,'',4,'','Last:','','',2,52),(3490,'',57,187,2,586,0,'FF',9,0.00,'',0,16,0,'',2,'','Min:','','',2,53),(3491,'',58,187,2,586,0,'FF',9,0.00,'',0,16,0,'',1,'','Avg:','','',2,54),(3492,'',59,187,2,586,0,'FF',9,0.00,'',0,16,0,'',3,'','Max:','','on',2,55),(3493,'',76,188,4,588,21,'FF',4,1.00,'',0,2,0,'',1,'','Inbound','','',2,1),(3494,'',77,188,4,588,0,'FF',9,1.00,'',0,2,0,'',4,'','Current:','','',2,2),(3495,'',78,188,4,588,0,'FF',9,1.00,'',0,2,0,'',1,'','Average:','','',2,3),(3496,'',79,188,4,588,0,'FF',9,1.00,'',0,2,0,'',3,'','Maximum:','','on',2,4),(3497,'',80,188,4,589,9,'FF',4,1.00,'',0,2,0,'',1,'','Outbound','','',2,5),(3498,'',81,188,4,589,0,'FF',9,1.00,'',0,2,0,'',4,'','Current:','','',2,6),(3499,'',82,188,4,589,0,'FF',9,1.00,'',0,2,0,'',1,'','Average:','','',2,7),(3500,'',83,188,4,589,0,'FF',9,1.00,'',0,2,0,'',3,'','Maximum:','','on',2,8),(3501,'',76,189,4,590,21,'FF',4,1.00,'',0,2,0,'',1,'','Inbound','','',2,1),(3502,'',77,189,4,590,0,'FF',9,1.00,'',0,2,0,'',4,'','Current:','','',2,2),(3503,'',78,189,4,590,0,'FF',9,1.00,'',0,2,0,'',1,'','Average:','','',2,3),(3504,'',79,189,4,590,0,'FF',9,1.00,'',0,2,0,'',3,'','Maximum:','','on',2,4),(3505,'',80,189,4,591,9,'FF',4,1.00,'',0,2,0,'',1,'','Outbound','','',2,5),(3506,'',81,189,4,591,0,'FF',9,1.00,'',0,2,0,'',4,'','Current:','','',2,6),(3507,'',82,189,4,591,0,'FF',9,1.00,'',0,2,0,'',1,'','Average:','','',2,7),(3508,'',83,189,4,591,0,'FF',9,1.00,'',0,2,0,'',3,'','Maximum:','','on',2,8),(3509,'',76,190,4,592,21,'FF',4,1.00,'',0,2,0,'',1,'','Inbound','','',2,1),(3510,'',77,190,4,592,0,'FF',9,1.00,'',0,2,0,'',4,'','Current:','','',2,2),(3511,'',78,190,4,592,0,'FF',9,1.00,'',0,2,0,'',1,'','Average:','','',2,3),(3512,'',79,190,4,592,0,'FF',9,1.00,'',0,2,0,'',3,'','Maximum:','','on',2,4),(3513,'',80,190,4,593,9,'FF',4,1.00,'',0,2,0,'',1,'','Outbound','','',2,5),(3514,'',81,190,4,593,0,'FF',9,1.00,'',0,2,0,'',4,'','Current:','','',2,6),(3515,'',82,190,4,593,0,'FF',9,1.00,'',0,2,0,'',1,'','Average:','','',2,7),(3516,'',83,190,4,593,0,'FF',9,1.00,'',0,2,0,'',3,'','Maximum:','','on',2,8),(3517,'',76,191,4,594,21,'FF',4,1.00,'',0,2,0,'',1,'','Inbound','','',2,1),(3518,'',77,191,4,594,0,'FF',9,1.00,'',0,2,0,'',4,'','Current:','','',2,2),(3519,'',78,191,4,594,0,'FF',9,1.00,'',0,2,0,'',1,'','Average:','','',2,3),(3520,'',79,191,4,594,0,'FF',9,1.00,'',0,2,0,'',3,'','Maximum:','','on',2,4),(3521,'',80,191,4,595,9,'FF',4,1.00,'',0,2,0,'',1,'','Outbound','','',2,5),(3522,'',81,191,4,595,0,'FF',9,1.00,'',0,2,0,'',4,'','Current:','','',2,6),(3523,'',82,191,4,595,0,'FF',9,1.00,'',0,2,0,'',1,'','Average:','','',2,7),(3524,'',83,191,4,595,0,'FF',9,1.00,'',0,2,0,'',3,'','Maximum:','','on',2,8),(3525,'',76,192,4,596,21,'FF',4,1.00,'',0,2,0,'',1,'','Inbound','','',2,1),(3526,'',77,192,4,596,0,'FF',9,1.00,'',0,2,0,'',4,'','Current:','','',2,2),(3527,'',78,192,4,596,0,'FF',9,1.00,'',0,2,0,'',1,'','Average:','','',2,3),(3528,'',79,192,4,596,0,'FF',9,1.00,'',0,2,0,'',3,'','Maximum:','','on',2,4),(3529,'',80,192,4,597,9,'FF',4,1.00,'',0,2,0,'',1,'','Outbound','','',2,5),(3530,'',81,192,4,597,0,'FF',9,1.00,'',0,2,0,'',4,'','Current:','','',2,6),(3531,'',82,192,4,597,0,'FF',9,1.00,'',0,2,0,'',1,'','Average:','','',2,7),(3532,'',83,192,4,597,0,'FF',9,1.00,'',0,2,0,'',3,'','Maximum:','','on',2,8),(3533,'',76,193,4,598,21,'FF',4,1.00,'',0,2,0,'',1,'','Inbound','','',2,1),(3534,'',77,193,4,598,0,'FF',9,1.00,'',0,2,0,'',4,'','Current:','','',2,2),(3535,'',78,193,4,598,0,'FF',9,1.00,'',0,2,0,'',1,'','Average:','','',2,3),(3536,'',79,193,4,598,0,'FF',9,1.00,'',0,2,0,'',3,'','Maximum:','','on',2,4),(3537,'',80,193,4,599,9,'FF',4,1.00,'',0,2,0,'',1,'','Outbound','','',2,5),(3538,'',81,193,4,599,0,'FF',9,1.00,'',0,2,0,'',4,'','Current:','','',2,6),(3539,'',82,193,4,599,0,'FF',9,1.00,'',0,2,0,'',1,'','Average:','','',2,7),(3540,'',83,193,4,599,0,'FF',9,1.00,'',0,2,0,'',3,'','Maximum:','','on',2,8),(3541,'',76,194,4,600,21,'FF',4,1.00,'',0,2,0,'',1,'','Inbound','','',2,1),(3542,'',77,194,4,600,0,'FF',9,1.00,'',0,2,0,'',4,'','Current:','','',2,2),(3543,'',78,194,4,600,0,'FF',9,1.00,'',0,2,0,'',1,'','Average:','','',2,3),(3544,'',79,194,4,600,0,'FF',9,1.00,'',0,2,0,'',3,'','Maximum:','','on',2,4),(3545,'',80,194,4,601,9,'FF',4,1.00,'',0,2,0,'',1,'','Outbound','','',2,5),(3546,'',81,194,4,601,0,'FF',9,1.00,'',0,2,0,'',4,'','Current:','','',2,6),(3547,'',82,194,4,601,0,'FF',9,1.00,'',0,2,0,'',1,'','Average:','','',2,7),(3548,'',83,194,4,601,0,'FF',9,1.00,'',0,2,0,'',3,'','Maximum:','','on',2,8),(3549,'',76,195,4,602,21,'FF',4,1.00,'',0,2,0,'',1,'','Inbound','','',2,1),(3550,'',77,195,4,602,0,'FF',9,1.00,'',0,2,0,'',4,'','Current:','','',2,2),(3551,'',78,195,4,602,0,'FF',9,1.00,'',0,2,0,'',1,'','Average:','','',2,3),(3552,'',79,195,4,602,0,'FF',9,1.00,'',0,2,0,'',3,'','Maximum:','','on',2,4),(3553,'',80,195,4,603,9,'FF',4,1.00,'',0,2,0,'',1,'','Outbound','','',2,5),(3554,'',81,195,4,603,0,'FF',9,1.00,'',0,2,0,'',4,'','Current:','','',2,6),(3555,'',82,195,4,603,0,'FF',9,1.00,'',0,2,0,'',1,'','Average:','','',2,7),(3556,'',83,195,4,603,0,'FF',9,1.00,'',0,2,0,'',3,'','Maximum:','','on',2,8),(3557,'',76,196,4,604,21,'FF',4,1.00,'',0,2,0,'',1,'','Inbound','','',2,1),(3558,'',77,196,4,604,0,'FF',9,1.00,'',0,2,0,'',4,'','Current:','','',2,2),(3559,'',78,196,4,604,0,'FF',9,1.00,'',0,2,0,'',1,'','Average:','','',2,3),(3560,'',79,196,4,604,0,'FF',9,1.00,'',0,2,0,'',3,'','Maximum:','','on',2,4),(3561,'',80,196,4,605,9,'FF',4,1.00,'',0,2,0,'',1,'','Outbound','','',2,5),(3562,'',81,196,4,605,0,'FF',9,1.00,'',0,2,0,'',4,'','Current:','','',2,6),(3563,'',82,196,4,605,0,'FF',9,1.00,'',0,2,0,'',1,'','Average:','','',2,7),(3564,'',83,196,4,605,0,'FF',9,1.00,'',0,2,0,'',3,'','Maximum:','','on',2,8),(3565,'',60,197,3,607,31,'FF',4,0.00,'',0,0,0,'',1,'','Discards In','','',2,1),(3566,'',61,197,3,607,0,'FF',9,0.00,'',0,0,0,'',4,'','Current:','','',2,2),(3567,'',62,197,3,607,0,'FF',9,0.00,'',0,0,0,'',1,'','Average:','','',2,3),(3568,'',63,197,3,607,0,'FF',9,0.00,'',0,0,0,'',3,'','Maximum:','','on',2,4),(3569,'',64,197,3,606,48,'FF',4,0.00,'',0,0,0,'',1,'','Errors In','','',2,5),(3570,'',65,197,3,606,0,'FF',9,0.00,'',0,0,0,'',4,'','Current:','','',2,6),(3571,'',66,197,3,606,0,'FF',9,0.00,'',0,0,0,'',1,'','Average:','','',2,7),(3572,'',67,197,3,606,0,'FF',9,0.00,'',0,0,0,'',3,'','Maximum:','','on',2,8),(3573,'',68,197,3,608,18,'FF',4,0.00,'',0,0,0,'',1,'','Discards Out','','',2,9),(3574,'',69,197,3,608,0,'FF',9,0.00,'',0,0,0,'',4,'','Current:','','',2,10),(3575,'',70,197,3,608,0,'FF',9,0.00,'',0,0,0,'',1,'','Average:','','',2,11),(3576,'',71,197,3,608,0,'FF',9,0.00,'',0,0,0,'',3,'','Maximum:','','on',2,12),(3577,'',72,197,3,609,89,'FF',4,0.00,'',0,0,0,'',1,'','Errors Out','','',2,13),(3578,'',73,197,3,609,0,'FF',9,0.00,'',0,0,0,'',4,'','Current:','','',2,14),(3579,'',74,197,3,609,0,'FF',9,0.00,'',0,0,0,'',1,'','Average:','','',2,15),(3580,'',75,197,3,609,0,'FF',9,0.00,'',0,0,0,'',3,'','Maximum:','','on',2,16),(3581,'',60,198,3,611,31,'FF',4,0.00,'',0,0,0,'',1,'','Discards In','','',2,1),(3582,'',61,198,3,611,0,'FF',9,0.00,'',0,0,0,'',4,'','Current:','','',2,2),(3583,'',62,198,3,611,0,'FF',9,0.00,'',0,0,0,'',1,'','Average:','','',2,3),(3584,'',63,198,3,611,0,'FF',9,0.00,'',0,0,0,'',3,'','Maximum:','','on',2,4),(3585,'',64,198,3,610,48,'FF',4,0.00,'',0,0,0,'',1,'','Errors In','','',2,5),(3586,'',65,198,3,610,0,'FF',9,0.00,'',0,0,0,'',4,'','Current:','','',2,6),(3587,'',66,198,3,610,0,'FF',9,0.00,'',0,0,0,'',1,'','Average:','','',2,7),(3588,'',67,198,3,610,0,'FF',9,0.00,'',0,0,0,'',3,'','Maximum:','','on',2,8),(3589,'',68,198,3,612,18,'FF',4,0.00,'',0,0,0,'',1,'','Discards Out','','',2,9),(3590,'',69,198,3,612,0,'FF',9,0.00,'',0,0,0,'',4,'','Current:','','',2,10),(3591,'',70,198,3,612,0,'FF',9,0.00,'',0,0,0,'',1,'','Average:','','',2,11),(3592,'',71,198,3,612,0,'FF',9,0.00,'',0,0,0,'',3,'','Maximum:','','on',2,12),(3593,'',72,198,3,613,89,'FF',4,0.00,'',0,0,0,'',1,'','Errors Out','','',2,13),(3594,'',73,198,3,613,0,'FF',9,0.00,'',0,0,0,'',4,'','Current:','','',2,14),(3595,'',74,198,3,613,0,'FF',9,0.00,'',0,0,0,'',1,'','Average:','','',2,15),(3596,'',75,198,3,613,0,'FF',9,0.00,'',0,0,0,'',3,'','Maximum:','','on',2,16),(3725,'',76,207,4,646,21,'FF',4,1.00,'',0,2,0,'',1,'','Inbound','','',2,1),(3726,'',77,207,4,646,0,'FF',9,1.00,'',0,2,0,'',4,'','Current:','','',2,2),(3727,'',78,207,4,646,0,'FF',9,1.00,'',0,2,0,'',1,'','Average:','','',2,3),(3728,'',79,207,4,646,0,'FF',9,1.00,'',0,2,0,'',3,'','Maximum:','','on',2,4),(3729,'',80,207,4,647,9,'FF',4,1.00,'',0,2,0,'',1,'','Outbound','','',2,5),(3730,'',81,207,4,647,0,'FF',9,1.00,'',0,2,0,'',4,'','Current:','','',2,6),(3731,'',82,207,4,647,0,'FF',9,1.00,'',0,2,0,'',1,'','Average:','','',2,7),(3732,'',83,207,4,647,0,'FF',9,1.00,'',0,2,0,'',3,'','Maximum:','','on',2,8),(3765,'',76,210,4,656,21,'FF',4,1.00,'',0,2,0,'',1,'','Inbound','','',2,1),(3766,'',77,210,4,656,0,'FF',9,1.00,'',0,2,0,'',4,'','Current:','','',2,2),(3767,'',78,210,4,656,0,'FF',9,1.00,'',0,2,0,'',1,'','Average:','','',2,3),(3768,'',79,210,4,656,0,'FF',9,1.00,'',0,2,0,'',3,'','Maximum:','','on',2,4),(3769,'',80,210,4,657,9,'FF',4,1.00,'',0,2,0,'',1,'','Outbound','','',2,5),(3770,'',81,210,4,657,0,'FF',9,1.00,'',0,2,0,'',4,'','Current:','','',2,6),(3771,'',82,210,4,657,0,'FF',9,1.00,'',0,2,0,'',1,'','Average:','','',2,7),(3772,'',83,210,4,657,0,'FF',9,1.00,'',0,2,0,'',3,'','Maximum:','','on',2,8),(3773,'',76,211,4,658,21,'FF',4,1.00,'',0,2,0,'',1,'','Inbound','','',2,1),(3774,'',77,211,4,658,0,'FF',9,1.00,'',0,2,0,'',4,'','Current:','','',2,2),(3775,'',78,211,4,658,0,'FF',9,1.00,'',0,2,0,'',1,'','Average:','','',2,3),(3776,'',79,211,4,658,0,'FF',9,1.00,'',0,2,0,'',3,'','Maximum:','','on',2,4),(3777,'',80,211,4,659,9,'FF',4,1.00,'',0,2,0,'',1,'','Outbound','','',2,5),(3778,'',81,211,4,659,0,'FF',9,1.00,'',0,2,0,'',4,'','Current:','','',2,6),(3779,'',82,211,4,659,0,'FF',9,1.00,'',0,2,0,'',1,'','Average:','','',2,7),(3780,'',83,211,4,659,0,'FF',9,1.00,'',0,2,0,'',3,'','Maximum:','','on',2,8),(3781,'',5,212,2,664,0,'FF',1,0.00,'',0,16,0,'',1,'','','','',2,1),(3782,'',6,212,2,661,0,'FF',1,0.00,'',0,16,0,'',1,'','','','',2,2),(3783,'',7,212,2,662,0,'FF',1,0.00,'',0,16,0,'',1,'','','','',2,3),(3784,'',8,212,2,660,0,'FF',1,0.00,'',0,0,0,'',1,'','','','',2,4),(3785,'',9,212,2,663,0,'FF',1,0.00,'',0,16,0,'',1,'','','','',2,5),(3786,'',10,212,2,664,2,'FF',7,0.00,'',0,16,0,'',1,'','','','',2,6),(3787,'',11,212,2,0,440,'FF',8,0.00,'',0,26,0,'',1,'','','','',2,7),(3788,'',12,212,2,0,441,'FF',8,0.00,'',0,24,0,'',1,'','','','',2,8),(3789,'',13,212,2,0,442,'FF',8,0.00,'',0,24,0,'',1,'','','','',2,9),(3790,'',14,212,2,0,442,'FF',8,0.00,'',0,24,0,'',1,'','','','',2,10),(3791,'',15,212,2,0,441,'FF',8,0.00,'',0,24,0,'',1,'','','','',2,11),(3792,'',16,212,2,0,440,'FF',8,0.00,'',0,25,0,'',1,'','','','',2,12),(3793,'',17,212,2,0,2,'FF',8,0.00,'',0,24,0,'',1,'','','','',2,13),(3794,'',18,212,2,0,2,'FF',8,0.00,'',0,24,0,'',1,'','','','',2,14),(3795,'',19,212,2,664,2,'FF',7,0.00,'',0,16,0,'',1,'','','','',2,15),(3796,'',20,212,2,0,0,'FF',1,0.00,'',0,0,0,'',1,'','Pkt Loss (color):','','',2,16),(3797,'',21,212,2,661,93,'FF',4,0.00,'',0,16,0,'',1,'','0%','','',2,17),(3798,'',22,212,2,0,80,'FF',4,0.00,'',0,17,0,'',1,'','01-02%','','',2,18),(3799,'',23,212,2,0,81,'FF',4,0.00,'',0,18,0,'',1,'','03-05%','','',2,19),(3800,'',24,212,2,0,74,'FF',4,0.00,'',0,19,0,'',1,'','06-10%','','',2,20),(3801,'',25,212,2,0,67,'FF',4,0.00,'',0,20,0,'',1,'','11-15%','','',2,21),(3802,'',26,212,2,0,56,'FF',4,0.00,'',0,21,0,'',1,'','16-50%','','',2,22),(3803,'',27,212,2,0,11,'FF',4,0.00,'',0,22,0,'',1,'','51-95%','','',2,23),(3804,'',28,212,2,0,48,'FF',4,0.00,'',0,23,0,'',1,'','96-100%','','on',2,24),(3805,'',29,212,2,0,48,'FF',7,0.00,'',0,27,0,'',1,'','','','',2,25),(3806,'',30,212,2,0,0,'FF',1,0.00,'',0,0,0,'',1,'','Pkt Loss:','','',2,26),(3807,'',31,212,2,660,0,'FF',9,0.00,'',0,0,0,'',4,'','Last:','','',5,27),(3808,'',32,212,2,660,0,'FF',9,0.00,'',0,0,0,'',2,'','Min:','','',5,28),(3809,'',33,212,2,660,0,'FF',9,0.00,'',0,0,0,'',1,'','Avg:','','',5,29),(3810,'',34,212,2,660,0,'FF',9,0.00,'',0,0,0,'',3,'','Max:','','on',5,30),(3811,'',35,212,2,0,0,'FF',1,0.00,'',0,0,0,'',1,'','RTT (color):','','',2,31),(3812,'',36,212,2,663,442,'FF',2,0.00,'',0,0,0,'',1,'','(rttavg +- 1*sdev)','0','',2,32),(3813,'',37,212,2,663,441,'FF',2,0.00,'',0,0,0,'',1,'','(rttavg +- 2*sdev)','0','',2,33),(3814,'',38,212,2,663,440,'FF',2,0.00,'',0,0,0,'',1,'','(rttavg +- 3*sdev)','0','on',2,34),(3815,'',39,212,2,663,2,'FF',2,0.00,'',0,0,0,'',1,'','','0','',2,35),(3816,'',40,212,2,0,0,'FF',1,0.00,'',0,0,0,'',1,'','RTT Min:','','',2,36),(3817,'',41,212,2,664,0,'FF',9,0.00,'',0,16,0,'',4,'','Last:','','',2,37),(3818,'',42,212,2,664,0,'FF',9,0.00,'',0,16,0,'',2,'','Min:','','',2,38),(3819,'',43,212,2,664,0,'FF',9,0.00,'',0,16,0,'',1,'','Avg:','','',2,39),(3820,'',44,212,2,664,0,'FF',9,0.00,'',0,16,0,'',3,'','Max:','','on',2,40),(3821,'',45,212,2,661,0,'FF',1,0.00,'',0,0,0,'',1,'','RTT Avg:','','',2,41),(3822,'',46,212,2,661,0,'FF',9,0.00,'',0,16,0,'',4,'','Last:','','',2,42),(3823,'',47,212,2,661,0,'FF',9,0.00,'',0,16,0,'',2,'','Min:','','',2,43),(3824,'',48,212,2,661,0,'FF',9,0.00,'',0,16,0,'',1,'','Avg:','','',2,44),(3825,'',49,212,2,661,0,'FF',9,0.00,'',0,16,0,'',3,'','Max:','','on',2,45),(3826,'',50,212,2,662,0,'FF',1,0.00,'',0,0,0,'',1,'','RTT Max:','','',2,46),(3827,'',51,212,2,662,0,'FF',9,0.00,'',0,16,0,'',4,'','Last:','','',2,47),(3828,'',52,212,2,662,0,'FF',9,0.00,'',0,16,0,'',2,'','Min:','','',2,48),(3829,'',53,212,2,662,0,'FF',9,0.00,'',0,16,0,'',1,'','Avg:','','',2,49),(3830,'',54,212,2,662,0,'FF',9,0.00,'',0,16,0,'',3,'','Max:','','on',2,50),(3831,'',55,212,2,663,0,'FF',1,0.00,'',0,0,0,'',1,'','Std Dev:','','',2,51),(3832,'',56,212,2,663,0,'FF',9,0.00,'',0,16,0,'',4,'','Last:','','',2,52),(3833,'',57,212,2,663,0,'FF',9,0.00,'',0,16,0,'',2,'','Min:','','',2,53),(3834,'',58,212,2,663,0,'FF',9,0.00,'',0,16,0,'',1,'','Avg:','','',2,54),(3835,'',59,212,2,663,0,'FF',9,0.00,'',0,16,0,'',3,'','Max:','','on',2,55),(3836,'',111,213,6,665,357,'FF',8,1.00,'',0,0,0,'',1,'','Used','','',2,2),(3837,'',112,213,6,665,0,'FF',9,1.00,'',0,0,0,'',4,'','Current:','','',2,3),(3838,'',113,213,6,665,0,'FF',9,1.00,'',0,0,0,'',1,'','Avg:','','',2,4),(3839,'',114,213,6,665,0,'FF',9,1.00,'',0,0,0,'',2,'','Min:','','',2,5),(3840,'',115,213,6,665,0,'FF',9,1.00,'',0,0,0,'',3,'','Max:','','on',2,6),(3841,'',116,213,6,665,146,'FF',8,1.00,'',0,29,0,'',1,'','Free','','',2,7),(3842,'',117,213,6,665,0,'FF',9,1.00,'',0,29,0,'',4,'','Current:','','',2,8),(3843,'',118,213,6,665,0,'FF',9,1.00,'',0,29,0,'',1,'','Avg:','','',2,9),(3844,'',119,213,6,665,0,'FF',9,1.00,'',0,29,0,'',2,'','Min:','','',2,10),(3845,'',120,213,6,665,0,'FF',9,1.00,'',0,29,0,'',3,'','Max:','','on',2,11),(3846,'',121,213,6,666,1,'FF',4,1.00,'',0,0,0,'',1,'','Total','','',2,12),(3847,'',122,213,6,666,0,'FF',9,1.00,'',0,0,0,'',4,'','Current:','','',2,13),(3848,'',123,213,6,666,0,'FF',9,1.00,'',0,0,0,'',1,'','Avg:','','',2,14),(3849,'',124,213,6,666,0,'FF',9,1.00,'',0,0,0,'',2,'','Min:','','',2,15),(3850,'',125,213,6,666,0,'FF',9,1.00,'',0,0,0,'',3,'','Max:','','on',2,16),(3851,'',126,213,6,665,0,'FF',9,1.00,'',0,28,0,'',4,'','Utilization','','',6,17),(3852,'',111,214,6,667,357,'FF',8,1.00,'',0,0,0,'',1,'','Used','','',2,2),(3853,'',112,214,6,667,0,'FF',9,1.00,'',0,0,0,'',4,'','Current:','','',2,3),(3854,'',113,214,6,667,0,'FF',9,1.00,'',0,0,0,'',1,'','Avg:','','',2,4),(3855,'',114,214,6,667,0,'FF',9,1.00,'',0,0,0,'',2,'','Min:','','',2,5),(3856,'',115,214,6,667,0,'FF',9,1.00,'',0,0,0,'',3,'','Max:','','on',2,6),(3857,'',116,214,6,667,146,'FF',8,1.00,'',0,29,0,'',1,'','Free','','',2,7),(3858,'',117,214,6,667,0,'FF',9,1.00,'',0,29,0,'',4,'','Current:','','',2,8),(3859,'',118,214,6,667,0,'FF',9,1.00,'',0,29,0,'',1,'','Avg:','','',2,9),(3860,'',119,214,6,667,0,'FF',9,1.00,'',0,29,0,'',2,'','Min:','','',2,10),(3861,'',120,214,6,667,0,'FF',9,1.00,'',0,29,0,'',3,'','Max:','','on',2,11),(3862,'',121,214,6,668,1,'FF',4,1.00,'',0,0,0,'',1,'','Total','','',2,12),(3863,'',122,214,6,668,0,'FF',9,1.00,'',0,0,0,'',4,'','Current:','','',2,13),(3864,'',123,214,6,668,0,'FF',9,1.00,'',0,0,0,'',1,'','Avg:','','',2,14),(3865,'',124,214,6,668,0,'FF',9,1.00,'',0,0,0,'',2,'','Min:','','',2,15),(3866,'',125,214,6,668,0,'FF',9,1.00,'',0,0,0,'',3,'','Max:','','on',2,16),(3867,'',126,214,6,667,0,'FF',9,1.00,'',0,28,0,'',4,'','Utilization','','',6,17),(3868,'',111,215,6,669,357,'FF',8,1.00,'',0,0,0,'',1,'','Used','','',2,2),(3869,'',112,215,6,669,0,'FF',9,1.00,'',0,0,0,'',4,'','Current:','','',2,3),(3870,'',113,215,6,669,0,'FF',9,1.00,'',0,0,0,'',1,'','Avg:','','',2,4),(3871,'',114,215,6,669,0,'FF',9,1.00,'',0,0,0,'',2,'','Min:','','',2,5),(3872,'',115,215,6,669,0,'FF',9,1.00,'',0,0,0,'',3,'','Max:','','on',2,6),(3873,'',116,215,6,669,146,'FF',8,1.00,'',0,29,0,'',1,'','Free','','',2,7),(3874,'',117,215,6,669,0,'FF',9,1.00,'',0,29,0,'',4,'','Current:','','',2,8),(3875,'',118,215,6,669,0,'FF',9,1.00,'',0,29,0,'',1,'','Avg:','','',2,9),(3876,'',119,215,6,669,0,'FF',9,1.00,'',0,29,0,'',2,'','Min:','','',2,10),(3877,'',120,215,6,669,0,'FF',9,1.00,'',0,29,0,'',3,'','Max:','','on',2,11),(3878,'',121,215,6,670,1,'FF',4,1.00,'',0,0,0,'',1,'','Total','','',2,12),(3879,'',122,215,6,670,0,'FF',9,1.00,'',0,0,0,'',4,'','Current:','','',2,13),(3880,'',123,215,6,670,0,'FF',9,1.00,'',0,0,0,'',1,'','Avg:','','',2,14),(3881,'',124,215,6,670,0,'FF',9,1.00,'',0,0,0,'',2,'','Min:','','',2,15),(3882,'',125,215,6,670,0,'FF',9,1.00,'',0,0,0,'',3,'','Max:','','on',2,16),(3883,'',126,215,6,669,0,'FF',9,1.00,'',0,28,0,'',4,'','Utilization','','',6,17),(3884,'',111,216,6,671,357,'FF',8,1.00,'',0,0,0,'',1,'','Used','','',2,2),(3885,'',112,216,6,671,0,'FF',9,1.00,'',0,0,0,'',4,'','Current:','','',2,3),(3886,'',113,216,6,671,0,'FF',9,1.00,'',0,0,0,'',1,'','Avg:','','',2,4),(3887,'',114,216,6,671,0,'FF',9,1.00,'',0,0,0,'',2,'','Min:','','',2,5),(3888,'',115,216,6,671,0,'FF',9,1.00,'',0,0,0,'',3,'','Max:','','on',2,6),(3889,'',116,216,6,671,146,'FF',8,1.00,'',0,29,0,'',1,'','Free','','',2,7),(3890,'',117,216,6,671,0,'FF',9,1.00,'',0,29,0,'',4,'','Current:','','',2,8),(3891,'',118,216,6,671,0,'FF',9,1.00,'',0,29,0,'',1,'','Avg:','','',2,9),(3892,'',119,216,6,671,0,'FF',9,1.00,'',0,29,0,'',2,'','Min:','','',2,10),(3893,'',120,216,6,671,0,'FF',9,1.00,'',0,29,0,'',3,'','Max:','','on',2,11),(3894,'',121,216,6,672,1,'FF',4,1.00,'',0,0,0,'',1,'','Total','','',2,12),(3895,'',122,216,6,672,0,'FF',9,1.00,'',0,0,0,'',4,'','Current:','','',2,13),(3896,'',123,216,6,672,0,'FF',9,1.00,'',0,0,0,'',1,'','Avg:','','',2,14),(3897,'',124,216,6,672,0,'FF',9,1.00,'',0,0,0,'',2,'','Min:','','',2,15),(3898,'',125,216,6,672,0,'FF',9,1.00,'',0,0,0,'',3,'','Max:','','on',2,16),(3899,'',126,216,6,671,0,'FF',9,1.00,'',0,28,0,'',4,'','Utilization','','',6,17),(3900,'',111,217,6,673,357,'FF',8,1.00,'',0,0,0,'',1,'','Used','','',2,2),(3901,'',112,217,6,673,0,'FF',9,1.00,'',0,0,0,'',4,'','Current:','','',2,3),(3902,'',113,217,6,673,0,'FF',9,1.00,'',0,0,0,'',1,'','Avg:','','',2,4),(3903,'',114,217,6,673,0,'FF',9,1.00,'',0,0,0,'',2,'','Min:','','',2,5),(3904,'',115,217,6,673,0,'FF',9,1.00,'',0,0,0,'',3,'','Max:','','on',2,6),(3905,'',116,217,6,673,146,'FF',8,1.00,'',0,29,0,'',1,'','Free','','',2,7),(3906,'',117,217,6,673,0,'FF',9,1.00,'',0,29,0,'',4,'','Current:','','',2,8),(3907,'',118,217,6,673,0,'FF',9,1.00,'',0,29,0,'',1,'','Avg:','','',2,9),(3908,'',119,217,6,673,0,'FF',9,1.00,'',0,29,0,'',2,'','Min:','','',2,10),(3909,'',120,217,6,673,0,'FF',9,1.00,'',0,29,0,'',3,'','Max:','','on',2,11),(3910,'',121,217,6,674,1,'FF',4,1.00,'',0,0,0,'',1,'','Total','','',2,12),(3911,'',122,217,6,674,0,'FF',9,1.00,'',0,0,0,'',4,'','Current:','','',2,13),(3912,'',123,217,6,674,0,'FF',9,1.00,'',0,0,0,'',1,'','Avg:','','',2,14),(3913,'',124,217,6,674,0,'FF',9,1.00,'',0,0,0,'',2,'','Min:','','',2,15),(3914,'',125,217,6,674,0,'FF',9,1.00,'',0,0,0,'',3,'','Max:','','on',2,16),(3915,'',126,217,6,673,0,'FF',9,1.00,'',0,28,0,'',4,'','Utilization','','',6,17),(3916,'',127,218,7,675,9,'7F',7,0.00,'',0,0,0,'',1,'','CPU Utilization','','',2,1),(3917,'',128,218,7,675,0,'FF',9,0.00,'',0,0,0,'',4,'','Current:','','',3,2),(3918,'',129,218,7,675,0,'FF',9,0.00,'',0,0,0,'',1,'','Average:','','',3,3),(3919,'',130,218,7,675,0,'FF',9,0.00,'',0,0,0,'',3,'','Maximum:','','on',3,4),(3920,'',131,218,7,675,9,'FF',4,1.00,'',0,0,0,'',3,'','','','',2,5),(3921,'',127,219,7,676,9,'7F',7,0.00,'',0,0,0,'',1,'','CPU Utilization','','',2,1),(3922,'',128,219,7,676,0,'FF',9,0.00,'',0,0,0,'',4,'','Current:','','',3,2),(3923,'',129,219,7,676,0,'FF',9,0.00,'',0,0,0,'',1,'','Average:','','',3,3),(3924,'',130,219,7,676,0,'FF',9,0.00,'',0,0,0,'',3,'','Maximum:','','on',3,4),(3925,'',131,219,7,676,9,'FF',4,1.00,'',0,0,0,'',3,'','','','',2,5),(3926,'',127,220,7,677,9,'7F',7,0.00,'',0,0,0,'',1,'','CPU Utilization','','',2,1),(3927,'',128,220,7,677,0,'FF',9,0.00,'',0,0,0,'',4,'','Current:','','',3,2),(3928,'',129,220,7,677,0,'FF',9,0.00,'',0,0,0,'',1,'','Average:','','',3,3),(3929,'',130,220,7,677,0,'FF',9,0.00,'',0,0,0,'',3,'','Maximum:','','on',3,4),(3930,'',131,220,7,677,9,'FF',4,1.00,'',0,0,0,'',3,'','','','',2,5),(3931,'',127,221,7,678,9,'7F',7,0.00,'',0,0,0,'',1,'','CPU Utilization','','',2,1),(3932,'',128,221,7,678,0,'FF',9,0.00,'',0,0,0,'',4,'','Current:','','',3,2),(3933,'',129,221,7,678,0,'FF',9,0.00,'',0,0,0,'',1,'','Average:','','',3,3),(3934,'',130,221,7,678,0,'FF',9,0.00,'',0,0,0,'',3,'','Maximum:','','on',3,4),(3935,'',131,221,7,678,9,'FF',4,1.00,'',0,0,0,'',3,'','','','',2,5),(3936,'',127,222,7,679,9,'7F',7,0.00,'',0,0,0,'',1,'','CPU Utilization','','',2,1),(3937,'',128,222,7,679,0,'FF',9,0.00,'',0,0,0,'',4,'','Current:','','',3,2),(3938,'',129,222,7,679,0,'FF',9,0.00,'',0,0,0,'',1,'','Average:','','',3,3),(3939,'',130,222,7,679,0,'FF',9,0.00,'',0,0,0,'',3,'','Maximum:','','on',3,4),(3940,'',131,222,7,679,9,'FF',4,1.00,'',0,0,0,'',3,'','','','',2,5),(3941,'',76,223,4,680,21,'FF',4,1.00,'',0,2,0,'',1,'','Inbound','','',2,1),(3942,'',77,223,4,680,0,'FF',9,1.00,'',0,2,0,'',4,'','Current:','','',2,2),(3943,'',78,223,4,680,0,'FF',9,1.00,'',0,2,0,'',1,'','Average:','','',2,3),(3944,'',79,223,4,680,0,'FF',9,1.00,'',0,2,0,'',3,'','Maximum:','','on',2,4),(3945,'',80,223,4,681,9,'FF',4,1.00,'',0,2,0,'',1,'','Outbound','','',2,5),(3946,'',81,223,4,681,0,'FF',9,1.00,'',0,2,0,'',4,'','Current:','','',2,6),(3947,'',82,223,4,681,0,'FF',9,1.00,'',0,2,0,'',1,'','Average:','','',2,7),(3948,'',83,223,4,681,0,'FF',9,1.00,'',0,2,0,'',3,'','Maximum:','','on',2,8),(3965,'',1,225,1,686,9,'FF',7,0.00,'',0,0,0,'',1,'','CPU Usage','','',2,1),(3966,'',2,225,1,686,0,'FF',9,0.00,'',0,0,0,'',4,'','Current:','','',3,2),(3967,'',3,225,1,686,0,'FF',9,0.00,'',0,0,0,'',1,'','Average:','','',3,3),(3968,'',4,225,1,686,0,'FF',9,0.00,'',0,0,0,'',3,'','Maximum:','','on',3,4),(3969,'',5,226,2,691,0,'FF',1,0.00,'',0,16,0,'',1,'','','','',2,1),(3970,'',6,226,2,688,0,'FF',1,0.00,'',0,16,0,'',1,'','','','',2,2),(3971,'',7,226,2,689,0,'FF',1,0.00,'',0,16,0,'',1,'','','','',2,3),(3972,'',8,226,2,687,0,'FF',1,0.00,'',0,0,0,'',1,'','','','',2,4),(3973,'',9,226,2,690,0,'FF',1,0.00,'',0,16,0,'',1,'','','','',2,5),(3974,'',10,226,2,691,2,'FF',7,0.00,'',0,16,0,'',1,'','','','',2,6),(3975,'',11,226,2,0,440,'FF',8,0.00,'',0,26,0,'',1,'','','','',2,7),(3976,'',12,226,2,0,441,'FF',8,0.00,'',0,24,0,'',1,'','','','',2,8),(3977,'',13,226,2,0,442,'FF',8,0.00,'',0,24,0,'',1,'','','','',2,9),(3978,'',14,226,2,0,442,'FF',8,0.00,'',0,24,0,'',1,'','','','',2,10),(3979,'',15,226,2,0,441,'FF',8,0.00,'',0,24,0,'',1,'','','','',2,11),(3980,'',16,226,2,0,440,'FF',8,0.00,'',0,25,0,'',1,'','','','',2,12),(3981,'',17,226,2,0,2,'FF',8,0.00,'',0,24,0,'',1,'','','','',2,13),(3982,'',18,226,2,0,2,'FF',8,0.00,'',0,24,0,'',1,'','','','',2,14),(3983,'',19,226,2,691,2,'FF',7,0.00,'',0,16,0,'',1,'','','','',2,15),(3984,'',20,226,2,0,0,'FF',1,0.00,'',0,0,0,'',1,'','Pkt Loss (color):','','',2,16),(3985,'',21,226,2,688,93,'FF',4,0.00,'',0,16,0,'',1,'','0%','','',2,17),(3986,'',22,226,2,0,80,'FF',4,0.00,'',0,17,0,'',1,'','01-02%','','',2,18),(3987,'',23,226,2,0,81,'FF',4,0.00,'',0,18,0,'',1,'','03-05%','','',2,19),(3988,'',24,226,2,0,74,'FF',4,0.00,'',0,19,0,'',1,'','06-10%','','',2,20),(3989,'',25,226,2,0,67,'FF',4,0.00,'',0,20,0,'',1,'','11-15%','','',2,21),(3990,'',26,226,2,0,56,'FF',4,0.00,'',0,21,0,'',1,'','16-50%','','',2,22),(3991,'',27,226,2,0,11,'FF',4,0.00,'',0,22,0,'',1,'','51-95%','','',2,23),(3992,'',28,226,2,0,48,'FF',4,0.00,'',0,23,0,'',1,'','96-100%','','on',2,24),(3993,'',29,226,2,0,48,'FF',7,0.00,'',0,27,0,'',1,'','','','',2,25),(3994,'',30,226,2,0,0,'FF',1,0.00,'',0,0,0,'',1,'','Pkt Loss:','','',2,26),(3995,'',31,226,2,687,0,'FF',9,0.00,'',0,0,0,'',4,'','Last:','','',5,27),(3996,'',32,226,2,687,0,'FF',9,0.00,'',0,0,0,'',2,'','Min:','','',5,28),(3997,'',33,226,2,687,0,'FF',9,0.00,'',0,0,0,'',1,'','Avg:','','',5,29),(3998,'',34,226,2,687,0,'FF',9,0.00,'',0,0,0,'',3,'','Max:','','on',5,30),(3999,'',35,226,2,0,0,'FF',1,0.00,'',0,0,0,'',1,'','RTT (color):','','',2,31),(4000,'',36,226,2,690,442,'FF',2,0.00,'',0,0,0,'',1,'','(rttavg +- 1*sdev)','0','',2,32),(4001,'',37,226,2,690,441,'FF',2,0.00,'',0,0,0,'',1,'','(rttavg +- 2*sdev)','0','',2,33),(4002,'',38,226,2,690,440,'FF',2,0.00,'',0,0,0,'',1,'','(rttavg +- 3*sdev)','0','on',2,34),(4003,'',39,226,2,690,2,'FF',2,0.00,'',0,0,0,'',1,'','','0','',2,35),(4004,'',40,226,2,0,0,'FF',1,0.00,'',0,0,0,'',1,'','RTT Min:','','',2,36),(4005,'',41,226,2,691,0,'FF',9,0.00,'',0,16,0,'',4,'','Last:','','',2,37),(4006,'',42,226,2,691,0,'FF',9,0.00,'',0,16,0,'',2,'','Min:','','',2,38),(4007,'',43,226,2,691,0,'FF',9,0.00,'',0,16,0,'',1,'','Avg:','','',2,39),(4008,'',44,226,2,691,0,'FF',9,0.00,'',0,16,0,'',3,'','Max:','','on',2,40),(4009,'',45,226,2,688,0,'FF',1,0.00,'',0,0,0,'',1,'','RTT Avg:','','',2,41),(4010,'',46,226,2,688,0,'FF',9,0.00,'',0,16,0,'',4,'','Last:','','',2,42),(4011,'',47,226,2,688,0,'FF',9,0.00,'',0,16,0,'',2,'','Min:','','',2,43),(4012,'',48,226,2,688,0,'FF',9,0.00,'',0,16,0,'',1,'','Avg:','','',2,44),(4013,'',49,226,2,688,0,'FF',9,0.00,'',0,16,0,'',3,'','Max:','','on',2,45),(4014,'',50,226,2,689,0,'FF',1,0.00,'',0,0,0,'',1,'','RTT Max:','','',2,46),(4015,'',51,226,2,689,0,'FF',9,0.00,'',0,16,0,'',4,'','Last:','','',2,47),(4016,'',52,226,2,689,0,'FF',9,0.00,'',0,16,0,'',2,'','Min:','','',2,48),(4017,'',53,226,2,689,0,'FF',9,0.00,'',0,16,0,'',1,'','Avg:','','',2,49),(4018,'',54,226,2,689,0,'FF',9,0.00,'',0,16,0,'',3,'','Max:','','on',2,50),(4019,'',55,226,2,690,0,'FF',1,0.00,'',0,0,0,'',1,'','Std Dev:','','',2,51),(4020,'',56,226,2,690,0,'FF',9,0.00,'',0,16,0,'',4,'','Last:','','',2,52),(4021,'',57,226,2,690,0,'FF',9,0.00,'',0,16,0,'',2,'','Min:','','',2,53),(4022,'',58,226,2,690,0,'FF',9,0.00,'',0,16,0,'',1,'','Avg:','','',2,54),(4023,'',59,226,2,690,0,'FF',9,0.00,'',0,16,0,'',3,'','Max:','','on',2,55),(4152,'',60,235,3,725,31,'FF',4,0.00,'',0,0,0,'',1,'','Discards In','','',2,1),(4153,'',61,235,3,725,0,'FF',9,0.00,'',0,0,0,'',4,'','Current:','','',2,2),(4154,'',62,235,3,725,0,'FF',9,0.00,'',0,0,0,'',1,'','Average:','','',2,3),(4155,'',63,235,3,725,0,'FF',9,0.00,'',0,0,0,'',3,'','Maximum:','','on',2,4),(4156,'',64,235,3,724,48,'FF',4,0.00,'',0,0,0,'',1,'','Errors In','','',2,5),(4157,'',65,235,3,724,0,'FF',9,0.00,'',0,0,0,'',4,'','Current:','','',2,6),(4158,'',66,235,3,724,0,'FF',9,0.00,'',0,0,0,'',1,'','Average:','','',2,7),(4159,'',67,235,3,724,0,'FF',9,0.00,'',0,0,0,'',3,'','Maximum:','','on',2,8),(4160,'',68,235,3,726,18,'FF',4,0.00,'',0,0,0,'',1,'','Discards Out','','',2,9),(4161,'',69,235,3,726,0,'FF',9,0.00,'',0,0,0,'',4,'','Current:','','',2,10),(4162,'',70,235,3,726,0,'FF',9,0.00,'',0,0,0,'',1,'','Average:','','',2,11),(4163,'',71,235,3,726,0,'FF',9,0.00,'',0,0,0,'',3,'','Maximum:','','on',2,12),(4164,'',72,235,3,727,89,'FF',4,0.00,'',0,0,0,'',1,'','Errors Out','','',2,13),(4165,'',73,235,3,727,0,'FF',9,0.00,'',0,0,0,'',4,'','Current:','','',2,14),(4166,'',74,235,3,727,0,'FF',9,0.00,'',0,0,0,'',1,'','Average:','','',2,15),(4167,'',75,235,3,727,0,'FF',9,0.00,'',0,0,0,'',3,'','Maximum:','','on',2,16),(4168,'',76,236,4,728,21,'FF',4,1.00,'',0,2,0,'',1,'','Inbound','','',2,1),(4169,'',77,236,4,728,0,'FF',9,1.00,'',0,2,0,'',4,'','Current:','','',2,2),(4170,'',78,236,4,728,0,'FF',9,1.00,'',0,2,0,'',1,'','Average:','','',2,3),(4171,'',79,236,4,728,0,'FF',9,1.00,'',0,2,0,'',3,'','Maximum:','','on',2,4),(4172,'',80,236,4,729,9,'FF',4,1.00,'',0,2,0,'',1,'','Outbound','','',2,5),(4173,'',81,236,4,729,0,'FF',9,1.00,'',0,2,0,'',4,'','Current:','','',2,6),(4174,'',82,236,4,729,0,'FF',9,1.00,'',0,2,0,'',1,'','Average:','','',2,7),(4175,'',83,236,4,729,0,'FF',9,1.00,'',0,2,0,'',3,'','Maximum:','','on',2,8),(4176,'',76,237,4,730,21,'FF',4,1.00,'',0,2,0,'',1,'','Inbound','','',2,1),(4177,'',77,237,4,730,0,'FF',9,1.00,'',0,2,0,'',4,'','Current:','','',2,2),(4178,'',78,237,4,730,0,'FF',9,1.00,'',0,2,0,'',1,'','Average:','','',2,3),(4179,'',79,237,4,730,0,'FF',9,1.00,'',0,2,0,'',3,'','Maximum:','','on',2,4),(4180,'',80,237,4,731,9,'FF',4,1.00,'',0,2,0,'',1,'','Outbound','','',2,5),(4181,'',81,237,4,731,0,'FF',9,1.00,'',0,2,0,'',4,'','Current:','','',2,6),(4182,'',82,237,4,731,0,'FF',9,1.00,'',0,2,0,'',1,'','Average:','','',2,7),(4183,'',83,237,4,731,0,'FF',9,1.00,'',0,2,0,'',3,'','Maximum:','','on',2,8),(4184,'',76,238,4,732,21,'FF',4,1.00,'',0,2,0,'',1,'','Inbound','','',2,1),(4185,'',77,238,4,732,0,'FF',9,1.00,'',0,2,0,'',4,'','Current:','','',2,2),(4186,'',78,238,4,732,0,'FF',9,1.00,'',0,2,0,'',1,'','Average:','','',2,3),(4187,'',79,238,4,732,0,'FF',9,1.00,'',0,2,0,'',3,'','Maximum:','','on',2,4),(4188,'',80,238,4,733,9,'FF',4,1.00,'',0,2,0,'',1,'','Outbound','','',2,5),(4189,'',81,238,4,733,0,'FF',9,1.00,'',0,2,0,'',4,'','Current:','','',2,6),(4190,'',82,238,4,733,0,'FF',9,1.00,'',0,2,0,'',1,'','Average:','','',2,7),(4191,'',83,238,4,733,0,'FF',9,1.00,'',0,2,0,'',3,'','Maximum:','','on',2,8),(4192,'',76,239,4,734,21,'FF',4,1.00,'',0,2,0,'',1,'','Inbound','','',2,1),(4193,'',77,239,4,734,0,'FF',9,1.00,'',0,2,0,'',4,'','Current:','','',2,2),(4194,'',78,239,4,734,0,'FF',9,1.00,'',0,2,0,'',1,'','Average:','','',2,3),(4195,'',79,239,4,734,0,'FF',9,1.00,'',0,2,0,'',3,'','Maximum:','','on',2,4),(4196,'',80,239,4,735,9,'FF',4,1.00,'',0,2,0,'',1,'','Outbound','','',2,5),(4197,'',81,239,4,735,0,'FF',9,1.00,'',0,2,0,'',4,'','Current:','','',2,6),(4198,'',82,239,4,735,0,'FF',9,1.00,'',0,2,0,'',1,'','Average:','','',2,7),(4199,'',83,239,4,735,0,'FF',9,1.00,'',0,2,0,'',3,'','Maximum:','','on',2,8),(4200,'',76,240,4,736,21,'FF',4,1.00,'',0,2,0,'',1,'','Inbound','','',2,1),(4201,'',77,240,4,736,0,'FF',9,1.00,'',0,2,0,'',4,'','Current:','','',2,2),(4202,'',78,240,4,736,0,'FF',9,1.00,'',0,2,0,'',1,'','Average:','','',2,3),(4203,'',79,240,4,736,0,'FF',9,1.00,'',0,2,0,'',3,'','Maximum:','','on',2,4),(4204,'',80,240,4,737,9,'FF',4,1.00,'',0,2,0,'',1,'','Outbound','','',2,5),(4205,'',81,240,4,737,0,'FF',9,1.00,'',0,2,0,'',4,'','Current:','','',2,6),(4206,'',82,240,4,737,0,'FF',9,1.00,'',0,2,0,'',1,'','Average:','','',2,7),(4207,'',83,240,4,737,0,'FF',9,1.00,'',0,2,0,'',3,'','Maximum:','','on',2,8),(4208,'',76,241,4,738,21,'FF',4,1.00,'',0,2,0,'',1,'','Inbound','','',2,1),(4209,'',77,241,4,738,0,'FF',9,1.00,'',0,2,0,'',4,'','Current:','','',2,2),(4210,'',78,241,4,738,0,'FF',9,1.00,'',0,2,0,'',1,'','Average:','','',2,3),(4211,'',79,241,4,738,0,'FF',9,1.00,'',0,2,0,'',3,'','Maximum:','','on',2,4),(4212,'',80,241,4,739,9,'FF',4,1.00,'',0,2,0,'',1,'','Outbound','','',2,5),(4213,'',81,241,4,739,0,'FF',9,1.00,'',0,2,0,'',4,'','Current:','','',2,6),(4214,'',82,241,4,739,0,'FF',9,1.00,'',0,2,0,'',1,'','Average:','','',2,7),(4215,'',83,241,4,739,0,'FF',9,1.00,'',0,2,0,'',3,'','Maximum:','','on',2,8),(4216,'',76,242,4,740,21,'FF',4,1.00,'',0,2,0,'',1,'','Inbound','','',2,1),(4217,'',77,242,4,740,0,'FF',9,1.00,'',0,2,0,'',4,'','Current:','','',2,2),(4218,'',78,242,4,740,0,'FF',9,1.00,'',0,2,0,'',1,'','Average:','','',2,3),(4219,'',79,242,4,740,0,'FF',9,1.00,'',0,2,0,'',3,'','Maximum:','','on',2,4),(4220,'',80,242,4,741,9,'FF',4,1.00,'',0,2,0,'',1,'','Outbound','','',2,5),(4221,'',81,242,4,741,0,'FF',9,1.00,'',0,2,0,'',4,'','Current:','','',2,6),(4222,'',82,242,4,741,0,'FF',9,1.00,'',0,2,0,'',1,'','Average:','','',2,7),(4223,'',83,242,4,741,0,'FF',9,1.00,'',0,2,0,'',3,'','Maximum:','','on',2,8),(4224,'',76,243,4,742,21,'FF',4,1.00,'',0,2,0,'',1,'','Inbound','','',2,1),(4225,'',77,243,4,742,0,'FF',9,1.00,'',0,2,0,'',4,'','Current:','','',2,2),(4226,'',78,243,4,742,0,'FF',9,1.00,'',0,2,0,'',1,'','Average:','','',2,3),(4227,'',79,243,4,742,0,'FF',9,1.00,'',0,2,0,'',3,'','Maximum:','','on',2,4),(4228,'',80,243,4,743,9,'FF',4,1.00,'',0,2,0,'',1,'','Outbound','','',2,5),(4229,'',81,243,4,743,0,'FF',9,1.00,'',0,2,0,'',4,'','Current:','','',2,6),(4230,'',82,243,4,743,0,'FF',9,1.00,'',0,2,0,'',1,'','Average:','','',2,7),(4231,'',83,243,4,743,0,'FF',9,1.00,'',0,2,0,'',3,'','Maximum:','','on',2,8),(4232,'',76,244,4,744,21,'FF',4,1.00,'',0,2,0,'',1,'','Inbound','','',2,1),(4233,'',77,244,4,744,0,'FF',9,1.00,'',0,2,0,'',4,'','Current:','','',2,2),(4234,'',78,244,4,744,0,'FF',9,1.00,'',0,2,0,'',1,'','Average:','','',2,3),(4235,'',79,244,4,744,0,'FF',9,1.00,'',0,2,0,'',3,'','Maximum:','','on',2,4),(4236,'',80,244,4,745,9,'FF',4,1.00,'',0,2,0,'',1,'','Outbound','','',2,5),(4237,'',81,244,4,745,0,'FF',9,1.00,'',0,2,0,'',4,'','Current:','','',2,6),(4238,'',82,244,4,745,0,'FF',9,1.00,'',0,2,0,'',1,'','Average:','','',2,7),(4239,'',83,244,4,745,0,'FF',9,1.00,'',0,2,0,'',3,'','Maximum:','','on',2,8),(4240,'',1,245,1,746,9,'FF',7,0.00,'',0,0,0,'',1,'','CPU Usage','','',2,1),(4241,'',2,245,1,746,0,'FF',9,0.00,'',0,0,0,'',4,'','Current:','','',3,2),(4242,'',3,245,1,746,0,'FF',9,0.00,'',0,0,0,'',1,'','Average:','','',3,3),(4243,'',4,245,1,746,0,'FF',9,0.00,'',0,0,0,'',3,'','Maximum:','','on',3,4),(4244,'',5,246,2,751,0,'FF',1,0.00,'',0,16,0,'',1,'','','','',2,1),(4245,'',6,246,2,748,0,'FF',1,0.00,'',0,16,0,'',1,'','','','',2,2),(4246,'',7,246,2,749,0,'FF',1,0.00,'',0,16,0,'',1,'','','','',2,3),(4247,'',8,246,2,747,0,'FF',1,0.00,'',0,0,0,'',1,'','','','',2,4),(4248,'',9,246,2,750,0,'FF',1,0.00,'',0,16,0,'',1,'','','','',2,5),(4249,'',10,246,2,751,2,'FF',7,0.00,'',0,16,0,'',1,'','','','',2,6),(4250,'',11,246,2,0,440,'FF',8,0.00,'',0,26,0,'',1,'','','','',2,7),(4251,'',12,246,2,0,441,'FF',8,0.00,'',0,24,0,'',1,'','','','',2,8),(4252,'',13,246,2,0,442,'FF',8,0.00,'',0,24,0,'',1,'','','','',2,9),(4253,'',14,246,2,0,442,'FF',8,0.00,'',0,24,0,'',1,'','','','',2,10),(4254,'',15,246,2,0,441,'FF',8,0.00,'',0,24,0,'',1,'','','','',2,11),(4255,'',16,246,2,0,440,'FF',8,0.00,'',0,25,0,'',1,'','','','',2,12),(4256,'',17,246,2,0,2,'FF',8,0.00,'',0,24,0,'',1,'','','','',2,13),(4257,'',18,246,2,0,2,'FF',8,0.00,'',0,24,0,'',1,'','','','',2,14),(4258,'',19,246,2,751,2,'FF',7,0.00,'',0,16,0,'',1,'','','','',2,15),(4259,'',20,246,2,0,0,'FF',1,0.00,'',0,0,0,'',1,'','Pkt Loss (color):','','',2,16),(4260,'',21,246,2,748,93,'FF',4,0.00,'',0,16,0,'',1,'','0%','','',2,17),(4261,'',22,246,2,0,80,'FF',4,0.00,'',0,17,0,'',1,'','01-02%','','',2,18),(4262,'',23,246,2,0,81,'FF',4,0.00,'',0,18,0,'',1,'','03-05%','','',2,19),(4263,'',24,246,2,0,74,'FF',4,0.00,'',0,19,0,'',1,'','06-10%','','',2,20),(4264,'',25,246,2,0,67,'FF',4,0.00,'',0,20,0,'',1,'','11-15%','','',2,21),(4265,'',26,246,2,0,56,'FF',4,0.00,'',0,21,0,'',1,'','16-50%','','',2,22),(4266,'',27,246,2,0,11,'FF',4,0.00,'',0,22,0,'',1,'','51-95%','','',2,23),(4267,'',28,246,2,0,48,'FF',4,0.00,'',0,23,0,'',1,'','96-100%','','on',2,24),(4268,'',29,246,2,0,48,'FF',7,0.00,'',0,27,0,'',1,'','','','',2,25),(4269,'',30,246,2,0,0,'FF',1,0.00,'',0,0,0,'',1,'','Pkt Loss:','','',2,26),(4270,'',31,246,2,747,0,'FF',9,0.00,'',0,0,0,'',4,'','Last:','','',5,27),(4271,'',32,246,2,747,0,'FF',9,0.00,'',0,0,0,'',2,'','Min:','','',5,28),(4272,'',33,246,2,747,0,'FF',9,0.00,'',0,0,0,'',1,'','Avg:','','',5,29),(4273,'',34,246,2,747,0,'FF',9,0.00,'',0,0,0,'',3,'','Max:','','on',5,30),(4274,'',35,246,2,0,0,'FF',1,0.00,'',0,0,0,'',1,'','RTT (color):','','',2,31),(4275,'',36,246,2,750,442,'FF',2,0.00,'',0,0,0,'',1,'','(rttavg +- 1*sdev)','0','',2,32),(4276,'',37,246,2,750,441,'FF',2,0.00,'',0,0,0,'',1,'','(rttavg +- 2*sdev)','0','',2,33),(4277,'',38,246,2,750,440,'FF',2,0.00,'',0,0,0,'',1,'','(rttavg +- 3*sdev)','0','on',2,34),(4278,'',39,246,2,750,2,'FF',2,0.00,'',0,0,0,'',1,'','','0','',2,35),(4279,'',40,246,2,0,0,'FF',1,0.00,'',0,0,0,'',1,'','RTT Min:','','',2,36),(4280,'',41,246,2,751,0,'FF',9,0.00,'',0,16,0,'',4,'','Last:','','',2,37),(4281,'',42,246,2,751,0,'FF',9,0.00,'',0,16,0,'',2,'','Min:','','',2,38),(4282,'',43,246,2,751,0,'FF',9,0.00,'',0,16,0,'',1,'','Avg:','','',2,39),(4283,'',44,246,2,751,0,'FF',9,0.00,'',0,16,0,'',3,'','Max:','','on',2,40),(4284,'',45,246,2,748,0,'FF',1,0.00,'',0,0,0,'',1,'','RTT Avg:','','',2,41),(4285,'',46,246,2,748,0,'FF',9,0.00,'',0,16,0,'',4,'','Last:','','',2,42),(4286,'',47,246,2,748,0,'FF',9,0.00,'',0,16,0,'',2,'','Min:','','',2,43),(4287,'',48,246,2,748,0,'FF',9,0.00,'',0,16,0,'',1,'','Avg:','','',2,44),(4288,'',49,246,2,748,0,'FF',9,0.00,'',0,16,0,'',3,'','Max:','','on',2,45),(4289,'',50,246,2,749,0,'FF',1,0.00,'',0,0,0,'',1,'','RTT Max:','','',2,46),(4290,'',51,246,2,749,0,'FF',9,0.00,'',0,16,0,'',4,'','Last:','','',2,47),(4291,'',52,246,2,749,0,'FF',9,0.00,'',0,16,0,'',2,'','Min:','','',2,48),(4292,'',53,246,2,749,0,'FF',9,0.00,'',0,16,0,'',1,'','Avg:','','',2,49),(4293,'',54,246,2,749,0,'FF',9,0.00,'',0,16,0,'',3,'','Max:','','on',2,50),(4294,'',55,246,2,750,0,'FF',1,0.00,'',0,0,0,'',1,'','Std Dev:','','',2,51),(4295,'',56,246,2,750,0,'FF',9,0.00,'',0,16,0,'',4,'','Last:','','',2,52),(4296,'',57,246,2,750,0,'FF',9,0.00,'',0,16,0,'',2,'','Min:','','',2,53),(4297,'',58,246,2,750,0,'FF',9,0.00,'',0,16,0,'',1,'','Avg:','','',2,54),(4298,'',59,246,2,750,0,'FF',9,0.00,'',0,16,0,'',3,'','Max:','','on',2,55),(4299,'',76,247,4,752,21,'FF',4,1.00,'',0,2,0,'',1,'','Inbound','','',2,1),(4300,'',77,247,4,752,0,'FF',9,1.00,'',0,2,0,'',4,'','Current:','','',2,2),(4301,'',78,247,4,752,0,'FF',9,1.00,'',0,2,0,'',1,'','Average:','','',2,3),(4302,'',79,247,4,752,0,'FF',9,1.00,'',0,2,0,'',3,'','Maximum:','','on',2,4),(4303,'',80,247,4,753,9,'FF',4,1.00,'',0,2,0,'',1,'','Outbound','','',2,5),(4304,'',81,247,4,753,0,'FF',9,1.00,'',0,2,0,'',4,'','Current:','','',2,6),(4305,'',82,247,4,753,0,'FF',9,1.00,'',0,2,0,'',1,'','Average:','','',2,7),(4306,'',83,247,4,753,0,'FF',9,1.00,'',0,2,0,'',3,'','Maximum:','','on',2,8),(4307,'',76,248,4,754,21,'FF',4,1.00,'',0,2,0,'',1,'','Inbound','','',2,1),(4308,'',77,248,4,754,0,'FF',9,1.00,'',0,2,0,'',4,'','Current:','','',2,2),(4309,'',78,248,4,754,0,'FF',9,1.00,'',0,2,0,'',1,'','Average:','','',2,3),(4310,'',79,248,4,754,0,'FF',9,1.00,'',0,2,0,'',3,'','Maximum:','','on',2,4),(4311,'',80,248,4,755,9,'FF',4,1.00,'',0,2,0,'',1,'','Outbound','','',2,5),(4312,'',81,248,4,755,0,'FF',9,1.00,'',0,2,0,'',4,'','Current:','','',2,6),(4313,'',82,248,4,755,0,'FF',9,1.00,'',0,2,0,'',1,'','Average:','','',2,7),(4314,'',83,248,4,755,0,'FF',9,1.00,'',0,2,0,'',3,'','Maximum:','','on',2,8),(4315,'',76,249,4,756,21,'FF',4,1.00,'',0,2,0,'',1,'','Inbound','','',2,1),(4316,'',77,249,4,756,0,'FF',9,1.00,'',0,2,0,'',4,'','Current:','','',2,2),(4317,'',78,249,4,756,0,'FF',9,1.00,'',0,2,0,'',1,'','Average:','','',2,3),(4318,'',79,249,4,756,0,'FF',9,1.00,'',0,2,0,'',3,'','Maximum:','','on',2,4),(4319,'',80,249,4,757,9,'FF',4,1.00,'',0,2,0,'',1,'','Outbound','','',2,5),(4320,'',81,249,4,757,0,'FF',9,1.00,'',0,2,0,'',4,'','Current:','','',2,6),(4321,'',82,249,4,757,0,'FF',9,1.00,'',0,2,0,'',1,'','Average:','','',2,7),(4322,'',83,249,4,757,0,'FF',9,1.00,'',0,2,0,'',3,'','Maximum:','','on',2,8),(4323,'',76,250,4,758,21,'FF',4,1.00,'',0,2,0,'',1,'','Inbound','','',2,1),(4324,'',77,250,4,758,0,'FF',9,1.00,'',0,2,0,'',4,'','Current:','','',2,2),(4325,'',78,250,4,758,0,'FF',9,1.00,'',0,2,0,'',1,'','Average:','','',2,3),(4326,'',79,250,4,758,0,'FF',9,1.00,'',0,2,0,'',3,'','Maximum:','','on',2,4),(4327,'',80,250,4,759,9,'FF',4,1.00,'',0,2,0,'',1,'','Outbound','','',2,5),(4328,'',81,250,4,759,0,'FF',9,1.00,'',0,2,0,'',4,'','Current:','','',2,6),(4329,'',82,250,4,759,0,'FF',9,1.00,'',0,2,0,'',1,'','Average:','','',2,7),(4330,'',83,250,4,759,0,'FF',9,1.00,'',0,2,0,'',3,'','Maximum:','','on',2,8),(4331,'',76,251,4,760,21,'FF',4,1.00,'',0,2,0,'',1,'','Inbound','','',2,1),(4332,'',77,251,4,760,0,'FF',9,1.00,'',0,2,0,'',4,'','Current:','','',2,2),(4333,'',78,251,4,760,0,'FF',9,1.00,'',0,2,0,'',1,'','Average:','','',2,3),(4334,'',79,251,4,760,0,'FF',9,1.00,'',0,2,0,'',3,'','Maximum:','','on',2,4),(4335,'',80,251,4,761,9,'FF',4,1.00,'',0,2,0,'',1,'','Outbound','','',2,5),(4336,'',81,251,4,761,0,'FF',9,1.00,'',0,2,0,'',4,'','Current:','','',2,6),(4337,'',82,251,4,761,0,'FF',9,1.00,'',0,2,0,'',1,'','Average:','','',2,7),(4338,'',83,251,4,761,0,'FF',9,1.00,'',0,2,0,'',3,'','Maximum:','','on',2,8),(4339,'',76,252,4,762,21,'FF',4,1.00,'',0,2,0,'',1,'','Inbound','','',2,1),(4340,'',77,252,4,762,0,'FF',9,1.00,'',0,2,0,'',4,'','Current:','','',2,2),(4341,'',78,252,4,762,0,'FF',9,1.00,'',0,2,0,'',1,'','Average:','','',2,3),(4342,'',79,252,4,762,0,'FF',9,1.00,'',0,2,0,'',3,'','Maximum:','','on',2,4),(4343,'',80,252,4,763,9,'FF',4,1.00,'',0,2,0,'',1,'','Outbound','','',2,5),(4344,'',81,252,4,763,0,'FF',9,1.00,'',0,2,0,'',4,'','Current:','','',2,6),(4345,'',82,252,4,763,0,'FF',9,1.00,'',0,2,0,'',1,'','Average:','','',2,7),(4346,'',83,252,4,763,0,'FF',9,1.00,'',0,2,0,'',3,'','Maximum:','','on',2,8),(4347,'',76,253,4,764,21,'FF',4,1.00,'',0,2,0,'',1,'','Inbound','','',2,1),(4348,'',77,253,4,764,0,'FF',9,1.00,'',0,2,0,'',4,'','Current:','','',2,2),(4349,'',78,253,4,764,0,'FF',9,1.00,'',0,2,0,'',1,'','Average:','','',2,3),(4350,'',79,253,4,764,0,'FF',9,1.00,'',0,2,0,'',3,'','Maximum:','','on',2,4),(4351,'',80,253,4,765,9,'FF',4,1.00,'',0,2,0,'',1,'','Outbound','','',2,5),(4352,'',81,253,4,765,0,'FF',9,1.00,'',0,2,0,'',4,'','Current:','','',2,6),(4353,'',82,253,4,765,0,'FF',9,1.00,'',0,2,0,'',1,'','Average:','','',2,7),(4354,'',83,253,4,765,0,'FF',9,1.00,'',0,2,0,'',3,'','Maximum:','','on',2,8),(4355,'',76,254,4,766,21,'FF',4,1.00,'',0,2,0,'',1,'','Inbound','','',2,1),(4356,'',77,254,4,766,0,'FF',9,1.00,'',0,2,0,'',4,'','Current:','','',2,2),(4357,'',78,254,4,766,0,'FF',9,1.00,'',0,2,0,'',1,'','Average:','','',2,3),(4358,'',79,254,4,766,0,'FF',9,1.00,'',0,2,0,'',3,'','Maximum:','','on',2,4),(4359,'',80,254,4,767,9,'FF',4,1.00,'',0,2,0,'',1,'','Outbound','','',2,5),(4360,'',81,254,4,767,0,'FF',9,1.00,'',0,2,0,'',4,'','Current:','','',2,6),(4361,'',82,254,4,767,0,'FF',9,1.00,'',0,2,0,'',1,'','Average:','','',2,7),(4362,'',83,254,4,767,0,'FF',9,1.00,'',0,2,0,'',3,'','Maximum:','','on',2,8),(4363,'',76,255,4,768,21,'FF',4,1.00,'',0,2,0,'',1,'','Inbound','','',2,1),(4364,'',77,255,4,768,0,'FF',9,1.00,'',0,2,0,'',4,'','Current:','','',2,2),(4365,'',78,255,4,768,0,'FF',9,1.00,'',0,2,0,'',1,'','Average:','','',2,3),(4366,'',79,255,4,768,0,'FF',9,1.00,'',0,2,0,'',3,'','Maximum:','','on',2,4),(4367,'',80,255,4,769,9,'FF',4,1.00,'',0,2,0,'',1,'','Outbound','','',2,5),(4368,'',81,255,4,769,0,'FF',9,1.00,'',0,2,0,'',4,'','Current:','','',2,6),(4369,'',82,255,4,769,0,'FF',9,1.00,'',0,2,0,'',1,'','Average:','','',2,7),(4370,'',83,255,4,769,0,'FF',9,1.00,'',0,2,0,'',3,'','Maximum:','','on',2,8),(4371,'',5,256,2,774,0,'FF',1,0.00,'',0,16,0,'',1,'','','','',2,1),(4372,'',6,256,2,771,0,'FF',1,0.00,'',0,16,0,'',1,'','','','',2,2),(4373,'',7,256,2,772,0,'FF',1,0.00,'',0,16,0,'',1,'','','','',2,3),(4374,'',8,256,2,770,0,'FF',1,0.00,'',0,0,0,'',1,'','','','',2,4),(4375,'',9,256,2,773,0,'FF',1,0.00,'',0,16,0,'',1,'','','','',2,5),(4376,'',10,256,2,774,2,'FF',7,0.00,'',0,16,0,'',1,'','','','',2,6),(4377,'',11,256,2,0,440,'FF',8,0.00,'',0,26,0,'',1,'','','','',2,7),(4378,'',12,256,2,0,441,'FF',8,0.00,'',0,24,0,'',1,'','','','',2,8),(4379,'',13,256,2,0,442,'FF',8,0.00,'',0,24,0,'',1,'','','','',2,9),(4380,'',14,256,2,0,442,'FF',8,0.00,'',0,24,0,'',1,'','','','',2,10),(4381,'',15,256,2,0,441,'FF',8,0.00,'',0,24,0,'',1,'','','','',2,11),(4382,'',16,256,2,0,440,'FF',8,0.00,'',0,25,0,'',1,'','','','',2,12),(4383,'',17,256,2,0,2,'FF',8,0.00,'',0,24,0,'',1,'','','','',2,13),(4384,'',18,256,2,0,2,'FF',8,0.00,'',0,24,0,'',1,'','','','',2,14),(4385,'',19,256,2,774,2,'FF',7,0.00,'',0,16,0,'',1,'','','','',2,15),(4386,'',20,256,2,0,0,'FF',1,0.00,'',0,0,0,'',1,'','Pkt Loss (color):','','',2,16),(4387,'',21,256,2,771,93,'FF',4,0.00,'',0,16,0,'',1,'','0%','','',2,17),(4388,'',22,256,2,0,80,'FF',4,0.00,'',0,17,0,'',1,'','01-02%','','',2,18),(4389,'',23,256,2,0,81,'FF',4,0.00,'',0,18,0,'',1,'','03-05%','','',2,19),(4390,'',24,256,2,0,74,'FF',4,0.00,'',0,19,0,'',1,'','06-10%','','',2,20),(4391,'',25,256,2,0,67,'FF',4,0.00,'',0,20,0,'',1,'','11-15%','','',2,21),(4392,'',26,256,2,0,56,'FF',4,0.00,'',0,21,0,'',1,'','16-50%','','',2,22),(4393,'',27,256,2,0,11,'FF',4,0.00,'',0,22,0,'',1,'','51-95%','','',2,23),(4394,'',28,256,2,0,48,'FF',4,0.00,'',0,23,0,'',1,'','96-100%','','on',2,24),(4395,'',29,256,2,0,48,'FF',7,0.00,'',0,27,0,'',1,'','','','',2,25),(4396,'',30,256,2,0,0,'FF',1,0.00,'',0,0,0,'',1,'','Pkt Loss:','','',2,26),(4397,'',31,256,2,770,0,'FF',9,0.00,'',0,0,0,'',4,'','Last:','','',5,27),(4398,'',32,256,2,770,0,'FF',9,0.00,'',0,0,0,'',2,'','Min:','','',5,28),(4399,'',33,256,2,770,0,'FF',9,0.00,'',0,0,0,'',1,'','Avg:','','',5,29),(4400,'',34,256,2,770,0,'FF',9,0.00,'',0,0,0,'',3,'','Max:','','on',5,30),(4401,'',35,256,2,0,0,'FF',1,0.00,'',0,0,0,'',1,'','RTT (color):','','',2,31),(4402,'',36,256,2,773,442,'FF',2,0.00,'',0,0,0,'',1,'','(rttavg +- 1*sdev)','0','',2,32),(4403,'',37,256,2,773,441,'FF',2,0.00,'',0,0,0,'',1,'','(rttavg +- 2*sdev)','0','',2,33),(4404,'',38,256,2,773,440,'FF',2,0.00,'',0,0,0,'',1,'','(rttavg +- 3*sdev)','0','on',2,34),(4405,'',39,256,2,773,2,'FF',2,0.00,'',0,0,0,'',1,'','','0','',2,35),(4406,'',40,256,2,0,0,'FF',1,0.00,'',0,0,0,'',1,'','RTT Min:','','',2,36),(4407,'',41,256,2,774,0,'FF',9,0.00,'',0,16,0,'',4,'','Last:','','',2,37),(4408,'',42,256,2,774,0,'FF',9,0.00,'',0,16,0,'',2,'','Min:','','',2,38),(4409,'',43,256,2,774,0,'FF',9,0.00,'',0,16,0,'',1,'','Avg:','','',2,39),(4410,'',44,256,2,774,0,'FF',9,0.00,'',0,16,0,'',3,'','Max:','','on',2,40),(4411,'',45,256,2,771,0,'FF',1,0.00,'',0,0,0,'',1,'','RTT Avg:','','',2,41),(4412,'',46,256,2,771,0,'FF',9,0.00,'',0,16,0,'',4,'','Last:','','',2,42),(4413,'',47,256,2,771,0,'FF',9,0.00,'',0,16,0,'',2,'','Min:','','',2,43),(4414,'',48,256,2,771,0,'FF',9,0.00,'',0,16,0,'',1,'','Avg:','','',2,44),(4415,'',49,256,2,771,0,'FF',9,0.00,'',0,16,0,'',3,'','Max:','','on',2,45),(4416,'',50,256,2,772,0,'FF',1,0.00,'',0,0,0,'',1,'','RTT Max:','','',2,46),(4417,'',51,256,2,772,0,'FF',9,0.00,'',0,16,0,'',4,'','Last:','','',2,47),(4418,'',52,256,2,772,0,'FF',9,0.00,'',0,16,0,'',2,'','Min:','','',2,48),(4419,'',53,256,2,772,0,'FF',9,0.00,'',0,16,0,'',1,'','Avg:','','',2,49),(4420,'',54,256,2,772,0,'FF',9,0.00,'',0,16,0,'',3,'','Max:','','on',2,50),(4421,'',55,256,2,773,0,'FF',1,0.00,'',0,0,0,'',1,'','Std Dev:','','',2,51),(4422,'',56,256,2,773,0,'FF',9,0.00,'',0,16,0,'',4,'','Last:','','',2,52),(4423,'',57,256,2,773,0,'FF',9,0.00,'',0,16,0,'',2,'','Min:','','',2,53),(4424,'',58,256,2,773,0,'FF',9,0.00,'',0,16,0,'',1,'','Avg:','','',2,54),(4425,'',59,256,2,773,0,'FF',9,0.00,'',0,16,0,'',3,'','Max:','','on',2,55),(4426,'',84,257,5,775,45,'FF',7,0.00,'',0,14,0,'',1,'','Used Real','','',2,1),(4427,'',85,257,5,775,0,'FF',9,0.00,'',0,14,0,'',4,'','Current:','','',2,2),(4428,'',86,257,5,775,0,'FF',9,0.00,'',0,14,0,'',1,'','Avg:','','',2,3),(4429,'',87,257,5,775,0,'FF',9,0.00,'',0,14,0,'',2,'','Min:','','',2,4),(4430,'',88,257,5,775,0,'FF',9,0.00,'',0,14,0,'',3,'','Max:','','on',2,5),(4431,'',89,257,5,778,8,'FF',8,0.00,'',0,14,0,'',1,'','Buffers','','',2,6),(4432,'',90,257,5,778,0,'FF',9,0.00,'',0,14,0,'',4,'','Current:','','',2,7),(4433,'',91,257,5,778,0,'FF',9,0.00,'',0,14,0,'',1,'','Avg:','','',2,8),(4434,'',92,257,5,778,0,'FF',9,0.00,'',0,14,0,'',2,'','Min:','','',2,9),(4435,'',93,257,5,778,0,'FF',9,0.00,'',0,14,0,'',3,'','Max:','','on',2,10),(4436,'',94,257,5,777,30,'FF',8,0.00,'',0,14,0,'',1,'','Cache','','',2,11),(4437,'',95,257,5,777,0,'FF',9,0.00,'',0,14,0,'',4,'','Current:','','',2,12),(4438,'',96,257,5,777,0,'FF',9,0.00,'',0,14,0,'',1,'','Avg:','','',2,13),(4439,'',97,257,5,777,0,'FF',9,0.00,'',0,14,0,'',2,'','Min:','','',2,14),(4440,'',98,257,5,777,0,'FF',9,0.00,'',0,14,0,'',3,'','Max:','','on',2,15),(4441,'',99,257,5,781,6,'FF',8,0.00,'',0,14,0,'',1,'','Unused Real','','',2,16),(4442,'',100,257,5,781,0,'FF',9,0.00,'',0,14,0,'',4,'','Current:','','',2,17),(4443,'',101,257,5,781,0,'FF',9,0.00,'',0,14,0,'',1,'','Avg:','','',2,18),(4444,'',102,257,5,781,0,'FF',9,0.00,'',0,14,0,'',2,'','Min:','','',2,19),(4445,'',103,257,5,781,0,'FF',9,0.00,'',0,14,0,'',3,'','Max:','','on',2,20),(4446,'',104,257,5,782,38,'FF',8,0.00,'',0,14,0,'',1,'','Used Swap','','',2,21),(4447,'',105,257,5,782,0,'FF',9,0.00,'',0,14,0,'',4,'','Current:','','',2,22),(4448,'',106,257,5,782,0,'FF',9,0.00,'',0,14,0,'',1,'','Avg:','','',2,23),(4449,'',107,257,5,782,0,'FF',9,0.00,'',0,14,0,'',2,'','Min:','','',2,24),(4450,'',108,257,5,782,0,'FF',9,0.00,'',0,14,0,'',3,'','Max:','','on',2,25),(4451,'',109,257,5,776,1,'FF',4,0.00,'',0,14,0,'',1,'','Total Real','','',2,26),(4452,'',110,257,5,776,0,'FF',9,0.00,'',0,14,0,'',4,'','Current:','','on',2,27),(4453,'',111,258,6,783,357,'FF',8,1.00,'',0,0,0,'',1,'','Used','','',2,2),(4454,'',112,258,6,783,0,'FF',9,1.00,'',0,0,0,'',4,'','Current:','','',2,3),(4455,'',113,258,6,783,0,'FF',9,1.00,'',0,0,0,'',1,'','Avg:','','',2,4),(4456,'',114,258,6,783,0,'FF',9,1.00,'',0,0,0,'',2,'','Min:','','',2,5),(4457,'',115,258,6,783,0,'FF',9,1.00,'',0,0,0,'',3,'','Max:','','on',2,6),(4458,'',116,258,6,783,146,'FF',8,1.00,'',0,29,0,'',1,'','Free','','',2,7),(4459,'',117,258,6,783,0,'FF',9,1.00,'',0,29,0,'',4,'','Current:','','',2,8),(4460,'',118,258,6,783,0,'FF',9,1.00,'',0,29,0,'',1,'','Avg:','','',2,9),(4461,'',119,258,6,783,0,'FF',9,1.00,'',0,29,0,'',2,'','Min:','','',2,10),(4462,'',120,258,6,783,0,'FF',9,1.00,'',0,29,0,'',3,'','Max:','','on',2,11),(4463,'',121,258,6,784,1,'FF',4,1.00,'',0,0,0,'',1,'','Total','','',2,12),(4464,'',122,258,6,784,0,'FF',9,1.00,'',0,0,0,'',4,'','Current:','','',2,13),(4465,'',123,258,6,784,0,'FF',9,1.00,'',0,0,0,'',1,'','Avg:','','',2,14),(4466,'',124,258,6,784,0,'FF',9,1.00,'',0,0,0,'',2,'','Min:','','',2,15),(4467,'',125,258,6,784,0,'FF',9,1.00,'',0,0,0,'',3,'','Max:','','on',2,16),(4468,'',126,258,6,783,0,'FF',9,1.00,'',0,28,0,'',4,'','Utilization','','',6,17),(4469,'',111,259,6,785,357,'FF',8,1.00,'',0,0,0,'',1,'','Used','','',2,2),(4470,'',112,259,6,785,0,'FF',9,1.00,'',0,0,0,'',4,'','Current:','','',2,3),(4471,'',113,259,6,785,0,'FF',9,1.00,'',0,0,0,'',1,'','Avg:','','',2,4),(4472,'',114,259,6,785,0,'FF',9,1.00,'',0,0,0,'',2,'','Min:','','',2,5),(4473,'',115,259,6,785,0,'FF',9,1.00,'',0,0,0,'',3,'','Max:','','on',2,6),(4474,'',116,259,6,785,146,'FF',8,1.00,'',0,29,0,'',1,'','Free','','',2,7),(4475,'',117,259,6,785,0,'FF',9,1.00,'',0,29,0,'',4,'','Current:','','',2,8),(4476,'',118,259,6,785,0,'FF',9,1.00,'',0,29,0,'',1,'','Avg:','','',2,9),(4477,'',119,259,6,785,0,'FF',9,1.00,'',0,29,0,'',2,'','Min:','','',2,10),(4478,'',120,259,6,785,0,'FF',9,1.00,'',0,29,0,'',3,'','Max:','','on',2,11),(4479,'',121,259,6,786,1,'FF',4,1.00,'',0,0,0,'',1,'','Total','','',2,12),(4480,'',122,259,6,786,0,'FF',9,1.00,'',0,0,0,'',4,'','Current:','','',2,13),(4481,'',123,259,6,786,0,'FF',9,1.00,'',0,0,0,'',1,'','Avg:','','',2,14),(4482,'',124,259,6,786,0,'FF',9,1.00,'',0,0,0,'',2,'','Min:','','',2,15),(4483,'',125,259,6,786,0,'FF',9,1.00,'',0,0,0,'',3,'','Max:','','on',2,16),(4484,'',126,259,6,785,0,'FF',9,1.00,'',0,28,0,'',4,'','Utilization','','',6,17),(4485,'',111,260,6,787,357,'FF',8,1.00,'',0,0,0,'',1,'','Used','','',2,2),(4486,'',112,260,6,787,0,'FF',9,1.00,'',0,0,0,'',4,'','Current:','','',2,3),(4487,'',113,260,6,787,0,'FF',9,1.00,'',0,0,0,'',1,'','Avg:','','',2,4),(4488,'',114,260,6,787,0,'FF',9,1.00,'',0,0,0,'',2,'','Min:','','',2,5),(4489,'',115,260,6,787,0,'FF',9,1.00,'',0,0,0,'',3,'','Max:','','on',2,6),(4490,'',116,260,6,787,146,'FF',8,1.00,'',0,29,0,'',1,'','Free','','',2,7),(4491,'',117,260,6,787,0,'FF',9,1.00,'',0,29,0,'',4,'','Current:','','',2,8),(4492,'',118,260,6,787,0,'FF',9,1.00,'',0,29,0,'',1,'','Avg:','','',2,9),(4493,'',119,260,6,787,0,'FF',9,1.00,'',0,29,0,'',2,'','Min:','','',2,10),(4494,'',120,260,6,787,0,'FF',9,1.00,'',0,29,0,'',3,'','Max:','','on',2,11),(4495,'',121,260,6,788,1,'FF',4,1.00,'',0,0,0,'',1,'','Total','','',2,12),(4496,'',122,260,6,788,0,'FF',9,1.00,'',0,0,0,'',4,'','Current:','','',2,13),(4497,'',123,260,6,788,0,'FF',9,1.00,'',0,0,0,'',1,'','Avg:','','',2,14),(4498,'',124,260,6,788,0,'FF',9,1.00,'',0,0,0,'',2,'','Min:','','',2,15),(4499,'',125,260,6,788,0,'FF',9,1.00,'',0,0,0,'',3,'','Max:','','on',2,16),(4500,'',126,260,6,787,0,'FF',9,1.00,'',0,28,0,'',4,'','Utilization','','',6,17),(4501,'',111,261,6,789,357,'FF',8,1.00,'',0,0,0,'',1,'','Used','','',2,2),(4502,'',112,261,6,789,0,'FF',9,1.00,'',0,0,0,'',4,'','Current:','','',2,3),(4503,'',113,261,6,789,0,'FF',9,1.00,'',0,0,0,'',1,'','Avg:','','',2,4),(4504,'',114,261,6,789,0,'FF',9,1.00,'',0,0,0,'',2,'','Min:','','',2,5),(4505,'',115,261,6,789,0,'FF',9,1.00,'',0,0,0,'',3,'','Max:','','on',2,6),(4506,'',116,261,6,789,146,'FF',8,1.00,'',0,29,0,'',1,'','Free','','',2,7),(4507,'',117,261,6,789,0,'FF',9,1.00,'',0,29,0,'',4,'','Current:','','',2,8),(4508,'',118,261,6,789,0,'FF',9,1.00,'',0,29,0,'',1,'','Avg:','','',2,9),(4509,'',119,261,6,789,0,'FF',9,1.00,'',0,29,0,'',2,'','Min:','','',2,10),(4510,'',120,261,6,789,0,'FF',9,1.00,'',0,29,0,'',3,'','Max:','','on',2,11),(4511,'',121,261,6,790,1,'FF',4,1.00,'',0,0,0,'',1,'','Total','','',2,12),(4512,'',122,261,6,790,0,'FF',9,1.00,'',0,0,0,'',4,'','Current:','','',2,13),(4513,'',123,261,6,790,0,'FF',9,1.00,'',0,0,0,'',1,'','Avg:','','',2,14),(4514,'',124,261,6,790,0,'FF',9,1.00,'',0,0,0,'',2,'','Min:','','',2,15),(4515,'',125,261,6,790,0,'FF',9,1.00,'',0,0,0,'',3,'','Max:','','on',2,16),(4516,'',126,261,6,789,0,'FF',9,1.00,'',0,28,0,'',4,'','Utilization','','',6,17),(4517,'',111,262,6,791,357,'FF',8,1.00,'',0,0,0,'',1,'','Used','','',2,2),(4518,'',112,262,6,791,0,'FF',9,1.00,'',0,0,0,'',4,'','Current:','','',2,3),(4519,'',113,262,6,791,0,'FF',9,1.00,'',0,0,0,'',1,'','Avg:','','',2,4),(4520,'',114,262,6,791,0,'FF',9,1.00,'',0,0,0,'',2,'','Min:','','',2,5),(4521,'',115,262,6,791,0,'FF',9,1.00,'',0,0,0,'',3,'','Max:','','on',2,6),(4522,'',116,262,6,791,146,'FF',8,1.00,'',0,29,0,'',1,'','Free','','',2,7),(4523,'',117,262,6,791,0,'FF',9,1.00,'',0,29,0,'',4,'','Current:','','',2,8),(4524,'',118,262,6,791,0,'FF',9,1.00,'',0,29,0,'',1,'','Avg:','','',2,9),(4525,'',119,262,6,791,0,'FF',9,1.00,'',0,29,0,'',2,'','Min:','','',2,10),(4526,'',120,262,6,791,0,'FF',9,1.00,'',0,29,0,'',3,'','Max:','','on',2,11),(4527,'',121,262,6,792,1,'FF',4,1.00,'',0,0,0,'',1,'','Total','','',2,12),(4528,'',122,262,6,792,0,'FF',9,1.00,'',0,0,0,'',4,'','Current:','','',2,13),(4529,'',123,262,6,792,0,'FF',9,1.00,'',0,0,0,'',1,'','Avg:','','',2,14),(4530,'',124,262,6,792,0,'FF',9,1.00,'',0,0,0,'',2,'','Min:','','',2,15),(4531,'',125,262,6,792,0,'FF',9,1.00,'',0,0,0,'',3,'','Max:','','on',2,16),(4532,'',126,262,6,791,0,'FF',9,1.00,'',0,28,0,'',4,'','Utilization','','',6,17),(4533,'',111,263,6,793,357,'FF',8,1.00,'',0,0,0,'',1,'','Used','','',2,2),(4534,'',112,263,6,793,0,'FF',9,1.00,'',0,0,0,'',4,'','Current:','','',2,3),(4535,'',113,263,6,793,0,'FF',9,1.00,'',0,0,0,'',1,'','Avg:','','',2,4),(4536,'',114,263,6,793,0,'FF',9,1.00,'',0,0,0,'',2,'','Min:','','',2,5),(4537,'',115,263,6,793,0,'FF',9,1.00,'',0,0,0,'',3,'','Max:','','on',2,6),(4538,'',116,263,6,793,146,'FF',8,1.00,'',0,29,0,'',1,'','Free','','',2,7),(4539,'',117,263,6,793,0,'FF',9,1.00,'',0,29,0,'',4,'','Current:','','',2,8),(4540,'',118,263,6,793,0,'FF',9,1.00,'',0,29,0,'',1,'','Avg:','','',2,9),(4541,'',119,263,6,793,0,'FF',9,1.00,'',0,29,0,'',2,'','Min:','','',2,10),(4542,'',120,263,6,793,0,'FF',9,1.00,'',0,29,0,'',3,'','Max:','','on',2,11),(4543,'',121,263,6,794,1,'FF',4,1.00,'',0,0,0,'',1,'','Total','','',2,12),(4544,'',122,263,6,794,0,'FF',9,1.00,'',0,0,0,'',4,'','Current:','','',2,13),(4545,'',123,263,6,794,0,'FF',9,1.00,'',0,0,0,'',1,'','Avg:','','',2,14),(4546,'',124,263,6,794,0,'FF',9,1.00,'',0,0,0,'',2,'','Min:','','',2,15),(4547,'',125,263,6,794,0,'FF',9,1.00,'',0,0,0,'',3,'','Max:','','on',2,16),(4548,'',126,263,6,793,0,'FF',9,1.00,'',0,28,0,'',4,'','Utilization','','',6,17),(4549,'',111,264,6,795,357,'FF',8,1.00,'',0,0,0,'',1,'','Used','','',2,2),(4550,'',112,264,6,795,0,'FF',9,1.00,'',0,0,0,'',4,'','Current:','','',2,3),(4551,'',113,264,6,795,0,'FF',9,1.00,'',0,0,0,'',1,'','Avg:','','',2,4),(4552,'',114,264,6,795,0,'FF',9,1.00,'',0,0,0,'',2,'','Min:','','',2,5),(4553,'',115,264,6,795,0,'FF',9,1.00,'',0,0,0,'',3,'','Max:','','on',2,6),(4554,'',116,264,6,795,146,'FF',8,1.00,'',0,29,0,'',1,'','Free','','',2,7),(4555,'',117,264,6,795,0,'FF',9,1.00,'',0,29,0,'',4,'','Current:','','',2,8),(4556,'',118,264,6,795,0,'FF',9,1.00,'',0,29,0,'',1,'','Avg:','','',2,9),(4557,'',119,264,6,795,0,'FF',9,1.00,'',0,29,0,'',2,'','Min:','','',2,10),(4558,'',120,264,6,795,0,'FF',9,1.00,'',0,29,0,'',3,'','Max:','','on',2,11),(4559,'',121,264,6,796,1,'FF',4,1.00,'',0,0,0,'',1,'','Total','','',2,12),(4560,'',122,264,6,796,0,'FF',9,1.00,'',0,0,0,'',4,'','Current:','','',2,13),(4561,'',123,264,6,796,0,'FF',9,1.00,'',0,0,0,'',1,'','Avg:','','',2,14),(4562,'',124,264,6,796,0,'FF',9,1.00,'',0,0,0,'',2,'','Min:','','',2,15),(4563,'',125,264,6,796,0,'FF',9,1.00,'',0,0,0,'',3,'','Max:','','on',2,16),(4564,'',126,264,6,795,0,'FF',9,1.00,'',0,28,0,'',4,'','Utilization','','',6,17),(4565,'',111,265,6,797,357,'FF',8,1.00,'',0,0,0,'',1,'','Used','','',2,2),(4566,'',112,265,6,797,0,'FF',9,1.00,'',0,0,0,'',4,'','Current:','','',2,3),(4567,'',113,265,6,797,0,'FF',9,1.00,'',0,0,0,'',1,'','Avg:','','',2,4),(4568,'',114,265,6,797,0,'FF',9,1.00,'',0,0,0,'',2,'','Min:','','',2,5),(4569,'',115,265,6,797,0,'FF',9,1.00,'',0,0,0,'',3,'','Max:','','on',2,6),(4570,'',116,265,6,797,146,'FF',8,1.00,'',0,29,0,'',1,'','Free','','',2,7),(4571,'',117,265,6,797,0,'FF',9,1.00,'',0,29,0,'',4,'','Current:','','',2,8),(4572,'',118,265,6,797,0,'FF',9,1.00,'',0,29,0,'',1,'','Avg:','','',2,9),(4573,'',119,265,6,797,0,'FF',9,1.00,'',0,29,0,'',2,'','Min:','','',2,10),(4574,'',120,265,6,797,0,'FF',9,1.00,'',0,29,0,'',3,'','Max:','','on',2,11),(4575,'',121,265,6,798,1,'FF',4,1.00,'',0,0,0,'',1,'','Total','','',2,12),(4576,'',122,265,6,798,0,'FF',9,1.00,'',0,0,0,'',4,'','Current:','','',2,13),(4577,'',123,265,6,798,0,'FF',9,1.00,'',0,0,0,'',1,'','Avg:','','',2,14),(4578,'',124,265,6,798,0,'FF',9,1.00,'',0,0,0,'',2,'','Min:','','',2,15),(4579,'',125,265,6,798,0,'FF',9,1.00,'',0,0,0,'',3,'','Max:','','on',2,16),(4580,'',126,265,6,797,0,'FF',9,1.00,'',0,28,0,'',4,'','Utilization','','',6,17),(4581,'',111,266,6,799,357,'FF',8,1.00,'',0,0,0,'',1,'','Used','','',2,2),(4582,'',112,266,6,799,0,'FF',9,1.00,'',0,0,0,'',4,'','Current:','','',2,3),(4583,'',113,266,6,799,0,'FF',9,1.00,'',0,0,0,'',1,'','Avg:','','',2,4),(4584,'',114,266,6,799,0,'FF',9,1.00,'',0,0,0,'',2,'','Min:','','',2,5),(4585,'',115,266,6,799,0,'FF',9,1.00,'',0,0,0,'',3,'','Max:','','on',2,6),(4586,'',116,266,6,799,146,'FF',8,1.00,'',0,29,0,'',1,'','Free','','',2,7),(4587,'',117,266,6,799,0,'FF',9,1.00,'',0,29,0,'',4,'','Current:','','',2,8),(4588,'',118,266,6,799,0,'FF',9,1.00,'',0,29,0,'',1,'','Avg:','','',2,9),(4589,'',119,266,6,799,0,'FF',9,1.00,'',0,29,0,'',2,'','Min:','','',2,10),(4590,'',120,266,6,799,0,'FF',9,1.00,'',0,29,0,'',3,'','Max:','','on',2,11),(4591,'',121,266,6,800,1,'FF',4,1.00,'',0,0,0,'',1,'','Total','','',2,12),(4592,'',122,266,6,800,0,'FF',9,1.00,'',0,0,0,'',4,'','Current:','','',2,13),(4593,'',123,266,6,800,0,'FF',9,1.00,'',0,0,0,'',1,'','Avg:','','',2,14),(4594,'',124,266,6,800,0,'FF',9,1.00,'',0,0,0,'',2,'','Min:','','',2,15),(4595,'',125,266,6,800,0,'FF',9,1.00,'',0,0,0,'',3,'','Max:','','on',2,16),(4596,'',126,266,6,799,0,'FF',9,1.00,'',0,28,0,'',4,'','Utilization','','',6,17),(4597,'',111,267,6,801,357,'FF',8,1.00,'',0,0,0,'',1,'','Used','','',2,2),(4598,'',112,267,6,801,0,'FF',9,1.00,'',0,0,0,'',4,'','Current:','','',2,3),(4599,'',113,267,6,801,0,'FF',9,1.00,'',0,0,0,'',1,'','Avg:','','',2,4),(4600,'',114,267,6,801,0,'FF',9,1.00,'',0,0,0,'',2,'','Min:','','',2,5),(4601,'',115,267,6,801,0,'FF',9,1.00,'',0,0,0,'',3,'','Max:','','on',2,6),(4602,'',116,267,6,801,146,'FF',8,1.00,'',0,29,0,'',1,'','Free','','',2,7),(4603,'',117,267,6,801,0,'FF',9,1.00,'',0,29,0,'',4,'','Current:','','',2,8),(4604,'',118,267,6,801,0,'FF',9,1.00,'',0,29,0,'',1,'','Avg:','','',2,9),(4605,'',119,267,6,801,0,'FF',9,1.00,'',0,29,0,'',2,'','Min:','','',2,10),(4606,'',120,267,6,801,0,'FF',9,1.00,'',0,29,0,'',3,'','Max:','','on',2,11),(4607,'',121,267,6,802,1,'FF',4,1.00,'',0,0,0,'',1,'','Total','','',2,12),(4608,'',122,267,6,802,0,'FF',9,1.00,'',0,0,0,'',4,'','Current:','','',2,13),(4609,'',123,267,6,802,0,'FF',9,1.00,'',0,0,0,'',1,'','Avg:','','',2,14),(4610,'',124,267,6,802,0,'FF',9,1.00,'',0,0,0,'',2,'','Min:','','',2,15),(4611,'',125,267,6,802,0,'FF',9,1.00,'',0,0,0,'',3,'','Max:','','on',2,16),(4612,'',126,267,6,801,0,'FF',9,1.00,'',0,28,0,'',4,'','Utilization','','',6,17),(4613,'',111,268,6,803,357,'FF',8,1.00,'',0,0,0,'',1,'','Used','','',2,2),(4614,'',112,268,6,803,0,'FF',9,1.00,'',0,0,0,'',4,'','Current:','','',2,3),(4615,'',113,268,6,803,0,'FF',9,1.00,'',0,0,0,'',1,'','Avg:','','',2,4),(4616,'',114,268,6,803,0,'FF',9,1.00,'',0,0,0,'',2,'','Min:','','',2,5),(4617,'',115,268,6,803,0,'FF',9,1.00,'',0,0,0,'',3,'','Max:','','on',2,6),(4618,'',116,268,6,803,146,'FF',8,1.00,'',0,29,0,'',1,'','Free','','',2,7),(4619,'',117,268,6,803,0,'FF',9,1.00,'',0,29,0,'',4,'','Current:','','',2,8),(4620,'',118,268,6,803,0,'FF',9,1.00,'',0,29,0,'',1,'','Avg:','','',2,9),(4621,'',119,268,6,803,0,'FF',9,1.00,'',0,29,0,'',2,'','Min:','','',2,10),(4622,'',120,268,6,803,0,'FF',9,1.00,'',0,29,0,'',3,'','Max:','','on',2,11),(4623,'',121,268,6,804,1,'FF',4,1.00,'',0,0,0,'',1,'','Total','','',2,12),(4624,'',122,268,6,804,0,'FF',9,1.00,'',0,0,0,'',4,'','Current:','','',2,13),(4625,'',123,268,6,804,0,'FF',9,1.00,'',0,0,0,'',1,'','Avg:','','',2,14),(4626,'',124,268,6,804,0,'FF',9,1.00,'',0,0,0,'',2,'','Min:','','',2,15),(4627,'',125,268,6,804,0,'FF',9,1.00,'',0,0,0,'',3,'','Max:','','on',2,16),(4628,'',126,268,6,803,0,'FF',9,1.00,'',0,28,0,'',4,'','Utilization','','',6,17),(4629,'',111,269,6,805,357,'FF',8,1.00,'',0,0,0,'',1,'','Used','','',2,2),(4630,'',112,269,6,805,0,'FF',9,1.00,'',0,0,0,'',4,'','Current:','','',2,3),(4631,'',113,269,6,805,0,'FF',9,1.00,'',0,0,0,'',1,'','Avg:','','',2,4),(4632,'',114,269,6,805,0,'FF',9,1.00,'',0,0,0,'',2,'','Min:','','',2,5),(4633,'',115,269,6,805,0,'FF',9,1.00,'',0,0,0,'',3,'','Max:','','on',2,6),(4634,'',116,269,6,805,146,'FF',8,1.00,'',0,29,0,'',1,'','Free','','',2,7),(4635,'',117,269,6,805,0,'FF',9,1.00,'',0,29,0,'',4,'','Current:','','',2,8),(4636,'',118,269,6,805,0,'FF',9,1.00,'',0,29,0,'',1,'','Avg:','','',2,9),(4637,'',119,269,6,805,0,'FF',9,1.00,'',0,29,0,'',2,'','Min:','','',2,10),(4638,'',120,269,6,805,0,'FF',9,1.00,'',0,29,0,'',3,'','Max:','','on',2,11),(4639,'',121,269,6,806,1,'FF',4,1.00,'',0,0,0,'',1,'','Total','','',2,12),(4640,'',122,269,6,806,0,'FF',9,1.00,'',0,0,0,'',4,'','Current:','','',2,13),(4641,'',123,269,6,806,0,'FF',9,1.00,'',0,0,0,'',1,'','Avg:','','',2,14),(4642,'',124,269,6,806,0,'FF',9,1.00,'',0,0,0,'',2,'','Min:','','',2,15),(4643,'',125,269,6,806,0,'FF',9,1.00,'',0,0,0,'',3,'','Max:','','on',2,16),(4644,'',126,269,6,805,0,'FF',9,1.00,'',0,28,0,'',4,'','Utilization','','',6,17),(4645,'',111,270,6,807,357,'FF',8,1.00,'',0,0,0,'',1,'','Used','','',2,2),(4646,'',112,270,6,807,0,'FF',9,1.00,'',0,0,0,'',4,'','Current:','','',2,3),(4647,'',113,270,6,807,0,'FF',9,1.00,'',0,0,0,'',1,'','Avg:','','',2,4),(4648,'',114,270,6,807,0,'FF',9,1.00,'',0,0,0,'',2,'','Min:','','',2,5),(4649,'',115,270,6,807,0,'FF',9,1.00,'',0,0,0,'',3,'','Max:','','on',2,6),(4650,'',116,270,6,807,146,'FF',8,1.00,'',0,29,0,'',1,'','Free','','',2,7),(4651,'',117,270,6,807,0,'FF',9,1.00,'',0,29,0,'',4,'','Current:','','',2,8),(4652,'',118,270,6,807,0,'FF',9,1.00,'',0,29,0,'',1,'','Avg:','','',2,9),(4653,'',119,270,6,807,0,'FF',9,1.00,'',0,29,0,'',2,'','Min:','','',2,10),(4654,'',120,270,6,807,0,'FF',9,1.00,'',0,29,0,'',3,'','Max:','','on',2,11),(4655,'',121,270,6,808,1,'FF',4,1.00,'',0,0,0,'',1,'','Total','','',2,12),(4656,'',122,270,6,808,0,'FF',9,1.00,'',0,0,0,'',4,'','Current:','','',2,13),(4657,'',123,270,6,808,0,'FF',9,1.00,'',0,0,0,'',1,'','Avg:','','',2,14),(4658,'',124,270,6,808,0,'FF',9,1.00,'',0,0,0,'',2,'','Min:','','',2,15),(4659,'',125,270,6,808,0,'FF',9,1.00,'',0,0,0,'',3,'','Max:','','on',2,16),(4660,'',126,270,6,807,0,'FF',9,1.00,'',0,28,0,'',4,'','Utilization','','',6,17),(4661,'',127,271,7,809,9,'7F',7,0.00,'',0,0,0,'',1,'','CPU Utilization','','',2,1),(4662,'',128,271,7,809,0,'FF',9,0.00,'',0,0,0,'',4,'','Current:','','',3,2),(4663,'',129,271,7,809,0,'FF',9,0.00,'',0,0,0,'',1,'','Average:','','',3,3),(4664,'',130,271,7,809,0,'FF',9,0.00,'',0,0,0,'',3,'','Maximum:','','on',3,4),(4665,'',131,271,7,809,9,'FF',4,1.00,'',0,0,0,'',3,'','','','',2,5),(4666,'',127,272,7,810,9,'7F',7,0.00,'',0,0,0,'',1,'','CPU Utilization','','',2,1),(4667,'',128,272,7,810,0,'FF',9,0.00,'',0,0,0,'',4,'','Current:','','',3,2),(4668,'',129,272,7,810,0,'FF',9,0.00,'',0,0,0,'',1,'','Average:','','',3,3),(4669,'',130,272,7,810,0,'FF',9,0.00,'',0,0,0,'',3,'','Maximum:','','on',3,4),(4670,'',131,272,7,810,9,'FF',4,1.00,'',0,0,0,'',3,'','','','',2,5),(4671,'',127,273,7,811,9,'7F',7,0.00,'',0,0,0,'',1,'','CPU Utilization','','',2,1),(4672,'',128,273,7,811,0,'FF',9,0.00,'',0,0,0,'',4,'','Current:','','',3,2),(4673,'',129,273,7,811,0,'FF',9,0.00,'',0,0,0,'',1,'','Average:','','',3,3),(4674,'',130,273,7,811,0,'FF',9,0.00,'',0,0,0,'',3,'','Maximum:','','on',3,4),(4675,'',131,273,7,811,9,'FF',4,1.00,'',0,0,0,'',3,'','','','',2,5),(4676,'',127,274,7,812,9,'7F',7,0.00,'',0,0,0,'',1,'','CPU Utilization','','',2,1),(4677,'',128,274,7,812,0,'FF',9,0.00,'',0,0,0,'',4,'','Current:','','',3,2),(4678,'',129,274,7,812,0,'FF',9,0.00,'',0,0,0,'',1,'','Average:','','',3,3),(4679,'',130,274,7,812,0,'FF',9,0.00,'',0,0,0,'',3,'','Maximum:','','on',3,4),(4680,'',131,274,7,812,9,'FF',4,1.00,'',0,0,0,'',3,'','','','',2,5),(4681,'',127,275,7,813,9,'7F',7,0.00,'',0,0,0,'',1,'','CPU Utilization','','',2,1),(4682,'',128,275,7,813,0,'FF',9,0.00,'',0,0,0,'',4,'','Current:','','',3,2),(4683,'',129,275,7,813,0,'FF',9,0.00,'',0,0,0,'',1,'','Average:','','',3,3),(4684,'',130,275,7,813,0,'FF',9,0.00,'',0,0,0,'',3,'','Maximum:','','on',3,4),(4685,'',131,275,7,813,9,'FF',4,1.00,'',0,0,0,'',3,'','','','',2,5),(4686,'',76,276,4,814,21,'FF',4,1.00,'',0,2,0,'',1,'','Inbound','','',2,1),(4687,'',77,276,4,814,0,'FF',9,1.00,'',0,2,0,'',4,'','Current:','','',2,2),(4688,'',78,276,4,814,0,'FF',9,1.00,'',0,2,0,'',1,'','Average:','','',2,3),(4689,'',79,276,4,814,0,'FF',9,1.00,'',0,2,0,'',3,'','Maximum:','','on',2,4),(4690,'',80,276,4,815,9,'FF',4,1.00,'',0,2,0,'',1,'','Outbound','','',2,5),(4691,'',81,276,4,815,0,'FF',9,1.00,'',0,2,0,'',4,'','Current:','','',2,6),(4692,'',82,276,4,815,0,'FF',9,1.00,'',0,2,0,'',1,'','Average:','','',2,7),(4693,'',83,276,4,815,0,'FF',9,1.00,'',0,2,0,'',3,'','Maximum:','','on',2,8),(4694,'',5,277,2,820,0,'FF',1,0.00,'',0,16,0,'',1,'','','','',2,1),(4695,'',6,277,2,817,0,'FF',1,0.00,'',0,16,0,'',1,'','','','',2,2),(4696,'',7,277,2,818,0,'FF',1,0.00,'',0,16,0,'',1,'','','','',2,3),(4697,'',8,277,2,816,0,'FF',1,0.00,'',0,0,0,'',1,'','','','',2,4),(4698,'',9,277,2,819,0,'FF',1,0.00,'',0,16,0,'',1,'','','','',2,5),(4699,'',10,277,2,820,2,'FF',7,0.00,'',0,16,0,'',1,'','','','',2,6),(4700,'',11,277,2,0,440,'FF',8,0.00,'',0,26,0,'',1,'','','','',2,7),(4701,'',12,277,2,0,441,'FF',8,0.00,'',0,24,0,'',1,'','','','',2,8),(4702,'',13,277,2,0,442,'FF',8,0.00,'',0,24,0,'',1,'','','','',2,9),(4703,'',14,277,2,0,442,'FF',8,0.00,'',0,24,0,'',1,'','','','',2,10),(4704,'',15,277,2,0,441,'FF',8,0.00,'',0,24,0,'',1,'','','','',2,11),(4705,'',16,277,2,0,440,'FF',8,0.00,'',0,25,0,'',1,'','','','',2,12),(4706,'',17,277,2,0,2,'FF',8,0.00,'',0,24,0,'',1,'','','','',2,13),(4707,'',18,277,2,0,2,'FF',8,0.00,'',0,24,0,'',1,'','','','',2,14),(4708,'',19,277,2,820,2,'FF',7,0.00,'',0,16,0,'',1,'','','','',2,15),(4709,'',20,277,2,0,0,'FF',1,0.00,'',0,0,0,'',1,'','Pkt Loss (color):','','',2,16),(4710,'',21,277,2,817,93,'FF',4,0.00,'',0,16,0,'',1,'','0%','','',2,17),(4711,'',22,277,2,0,80,'FF',4,0.00,'',0,17,0,'',1,'','01-02%','','',2,18),(4712,'',23,277,2,0,81,'FF',4,0.00,'',0,18,0,'',1,'','03-05%','','',2,19),(4713,'',24,277,2,0,74,'FF',4,0.00,'',0,19,0,'',1,'','06-10%','','',2,20),(4714,'',25,277,2,0,67,'FF',4,0.00,'',0,20,0,'',1,'','11-15%','','',2,21),(4715,'',26,277,2,0,56,'FF',4,0.00,'',0,21,0,'',1,'','16-50%','','',2,22),(4716,'',27,277,2,0,11,'FF',4,0.00,'',0,22,0,'',1,'','51-95%','','',2,23),(4717,'',28,277,2,0,48,'FF',4,0.00,'',0,23,0,'',1,'','96-100%','','on',2,24),(4718,'',29,277,2,0,48,'FF',7,0.00,'',0,27,0,'',1,'','','','',2,25),(4719,'',30,277,2,0,0,'FF',1,0.00,'',0,0,0,'',1,'','Pkt Loss:','','',2,26),(4720,'',31,277,2,816,0,'FF',9,0.00,'',0,0,0,'',4,'','Last:','','',5,27),(4721,'',32,277,2,816,0,'FF',9,0.00,'',0,0,0,'',2,'','Min:','','',5,28),(4722,'',33,277,2,816,0,'FF',9,0.00,'',0,0,0,'',1,'','Avg:','','',5,29),(4723,'',34,277,2,816,0,'FF',9,0.00,'',0,0,0,'',3,'','Max:','','on',5,30),(4724,'',35,277,2,0,0,'FF',1,0.00,'',0,0,0,'',1,'','RTT (color):','','',2,31),(4725,'',36,277,2,819,442,'FF',2,0.00,'',0,0,0,'',1,'','(rttavg +- 1*sdev)','0','',2,32),(4726,'',37,277,2,819,441,'FF',2,0.00,'',0,0,0,'',1,'','(rttavg +- 2*sdev)','0','',2,33),(4727,'',38,277,2,819,440,'FF',2,0.00,'',0,0,0,'',1,'','(rttavg +- 3*sdev)','0','on',2,34),(4728,'',39,277,2,819,2,'FF',2,0.00,'',0,0,0,'',1,'','','0','',2,35),(4729,'',40,277,2,0,0,'FF',1,0.00,'',0,0,0,'',1,'','RTT Min:','','',2,36),(4730,'',41,277,2,820,0,'FF',9,0.00,'',0,16,0,'',4,'','Last:','','',2,37),(4731,'',42,277,2,820,0,'FF',9,0.00,'',0,16,0,'',2,'','Min:','','',2,38),(4732,'',43,277,2,820,0,'FF',9,0.00,'',0,16,0,'',1,'','Avg:','','',2,39),(4733,'',44,277,2,820,0,'FF',9,0.00,'',0,16,0,'',3,'','Max:','','on',2,40),(4734,'',45,277,2,817,0,'FF',1,0.00,'',0,0,0,'',1,'','RTT Avg:','','',2,41),(4735,'',46,277,2,817,0,'FF',9,0.00,'',0,16,0,'',4,'','Last:','','',2,42),(4736,'',47,277,2,817,0,'FF',9,0.00,'',0,16,0,'',2,'','Min:','','',2,43),(4737,'',48,277,2,817,0,'FF',9,0.00,'',0,16,0,'',1,'','Avg:','','',2,44),(4738,'',49,277,2,817,0,'FF',9,0.00,'',0,16,0,'',3,'','Max:','','on',2,45),(4739,'',50,277,2,818,0,'FF',1,0.00,'',0,0,0,'',1,'','RTT Max:','','',2,46),(4740,'',51,277,2,818,0,'FF',9,0.00,'',0,16,0,'',4,'','Last:','','',2,47),(4741,'',52,277,2,818,0,'FF',9,0.00,'',0,16,0,'',2,'','Min:','','',2,48),(4742,'',53,277,2,818,0,'FF',9,0.00,'',0,16,0,'',1,'','Avg:','','',2,49),(4743,'',54,277,2,818,0,'FF',9,0.00,'',0,16,0,'',3,'','Max:','','on',2,50),(4744,'',55,277,2,819,0,'FF',1,0.00,'',0,0,0,'',1,'','Std Dev:','','',2,51),(4745,'',56,277,2,819,0,'FF',9,0.00,'',0,16,0,'',4,'','Last:','','',2,52),(4746,'',57,277,2,819,0,'FF',9,0.00,'',0,16,0,'',2,'','Min:','','',2,53),(4747,'',58,277,2,819,0,'FF',9,0.00,'',0,16,0,'',1,'','Avg:','','',2,54),(4748,'',59,277,2,819,0,'FF',9,0.00,'',0,16,0,'',3,'','Max:','','on',2,55),(4749,'',76,278,4,821,21,'FF',4,1.00,'',0,2,0,'',1,'','Inbound','','',2,1),(4750,'',77,278,4,821,0,'FF',9,1.00,'',0,2,0,'',4,'','Current:','','',2,2),(4751,'',78,278,4,821,0,'FF',9,1.00,'',0,2,0,'',1,'','Average:','','',2,3),(4752,'',79,278,4,821,0,'FF',9,1.00,'',0,2,0,'',3,'','Maximum:','','on',2,4),(4753,'',80,278,4,822,9,'FF',4,1.00,'',0,2,0,'',1,'','Outbound','','',2,5),(4754,'',81,278,4,822,0,'FF',9,1.00,'',0,2,0,'',4,'','Current:','','',2,6),(4755,'',82,278,4,822,0,'FF',9,1.00,'',0,2,0,'',1,'','Average:','','',2,7),(4756,'',83,278,4,822,0,'FF',9,1.00,'',0,2,0,'',3,'','Maximum:','','on',2,8),(4757,'',76,279,4,823,21,'FF',4,1.00,'',0,2,0,'',1,'','Inbound','','',2,1),(4758,'',77,279,4,823,0,'FF',9,1.00,'',0,2,0,'',4,'','Current:','','',2,2),(4759,'',78,279,4,823,0,'FF',9,1.00,'',0,2,0,'',1,'','Average:','','',2,3),(4760,'',79,279,4,823,0,'FF',9,1.00,'',0,2,0,'',3,'','Maximum:','','on',2,4),(4761,'',80,279,4,824,9,'FF',4,1.00,'',0,2,0,'',1,'','Outbound','','',2,5),(4762,'',81,279,4,824,0,'FF',9,1.00,'',0,2,0,'',4,'','Current:','','',2,6),(4763,'',82,279,4,824,0,'FF',9,1.00,'',0,2,0,'',1,'','Average:','','',2,7),(4764,'',83,279,4,824,0,'FF',9,1.00,'',0,2,0,'',3,'','Maximum:','','on',2,8),(4765,'',76,280,4,825,21,'FF',4,1.00,'',0,2,0,'',1,'','Inbound','','',2,1),(4766,'',77,280,4,825,0,'FF',9,1.00,'',0,2,0,'',4,'','Current:','','',2,2),(4767,'',78,280,4,825,0,'FF',9,1.00,'',0,2,0,'',1,'','Average:','','',2,3),(4768,'',79,280,4,825,0,'FF',9,1.00,'',0,2,0,'',3,'','Maximum:','','on',2,4),(4769,'',80,280,4,826,9,'FF',4,1.00,'',0,2,0,'',1,'','Outbound','','',2,5),(4770,'',81,280,4,826,0,'FF',9,1.00,'',0,2,0,'',4,'','Current:','','',2,6),(4771,'',82,280,4,826,0,'FF',9,1.00,'',0,2,0,'',1,'','Average:','','',2,7),(4772,'',83,280,4,826,0,'FF',9,1.00,'',0,2,0,'',3,'','Maximum:','','on',2,8),(4773,'',76,281,4,827,21,'FF',4,1.00,'',0,2,0,'',1,'','Inbound','','',2,1),(4774,'',77,281,4,827,0,'FF',9,1.00,'',0,2,0,'',4,'','Current:','','',2,2),(4775,'',78,281,4,827,0,'FF',9,1.00,'',0,2,0,'',1,'','Average:','','',2,3),(4776,'',79,281,4,827,0,'FF',9,1.00,'',0,2,0,'',3,'','Maximum:','','on',2,4),(4777,'',80,281,4,828,9,'FF',4,1.00,'',0,2,0,'',1,'','Outbound','','',2,5),(4778,'',81,281,4,828,0,'FF',9,1.00,'',0,2,0,'',4,'','Current:','','',2,6),(4779,'',82,281,4,828,0,'FF',9,1.00,'',0,2,0,'',1,'','Average:','','',2,7),(4780,'',83,281,4,828,0,'FF',9,1.00,'',0,2,0,'',3,'','Maximum:','','on',2,8),(4781,'',76,282,4,829,21,'FF',4,1.00,'',0,2,0,'',1,'','Inbound','','',2,1),(4782,'',77,282,4,829,0,'FF',9,1.00,'',0,2,0,'',4,'','Current:','','',2,2),(4783,'',78,282,4,829,0,'FF',9,1.00,'',0,2,0,'',1,'','Average:','','',2,3),(4784,'',79,282,4,829,0,'FF',9,1.00,'',0,2,0,'',3,'','Maximum:','','on',2,4),(4785,'',80,282,4,830,9,'FF',4,1.00,'',0,2,0,'',1,'','Outbound','','',2,5),(4786,'',81,282,4,830,0,'FF',9,1.00,'',0,2,0,'',4,'','Current:','','',2,6),(4787,'',82,282,4,830,0,'FF',9,1.00,'',0,2,0,'',1,'','Average:','','',2,7),(4788,'',83,282,4,830,0,'FF',9,1.00,'',0,2,0,'',3,'','Maximum:','','on',2,8),(4789,'',76,283,4,831,21,'FF',4,1.00,'',0,2,0,'',1,'','Inbound','','',2,1),(4790,'',77,283,4,831,0,'FF',9,1.00,'',0,2,0,'',4,'','Current:','','',2,2),(4791,'',78,283,4,831,0,'FF',9,1.00,'',0,2,0,'',1,'','Average:','','',2,3),(4792,'',79,283,4,831,0,'FF',9,1.00,'',0,2,0,'',3,'','Maximum:','','on',2,4),(4793,'',80,283,4,832,9,'FF',4,1.00,'',0,2,0,'',1,'','Outbound','','',2,5),(4794,'',81,283,4,832,0,'FF',9,1.00,'',0,2,0,'',4,'','Current:','','',2,6),(4795,'',82,283,4,832,0,'FF',9,1.00,'',0,2,0,'',1,'','Average:','','',2,7),(4796,'',83,283,4,832,0,'FF',9,1.00,'',0,2,0,'',3,'','Maximum:','','on',2,8),(4797,'',76,284,4,833,21,'FF',4,1.00,'',0,2,0,'',1,'','Inbound','','',2,1),(4798,'',77,284,4,833,0,'FF',9,1.00,'',0,2,0,'',4,'','Current:','','',2,2),(4799,'',78,284,4,833,0,'FF',9,1.00,'',0,2,0,'',1,'','Average:','','',2,3),(4800,'',79,284,4,833,0,'FF',9,1.00,'',0,2,0,'',3,'','Maximum:','','on',2,4),(4801,'',80,284,4,834,9,'FF',4,1.00,'',0,2,0,'',1,'','Outbound','','',2,5),(4802,'',81,284,4,834,0,'FF',9,1.00,'',0,2,0,'',4,'','Current:','','',2,6),(4803,'',82,284,4,834,0,'FF',9,1.00,'',0,2,0,'',1,'','Average:','','',2,7),(4804,'',83,284,4,834,0,'FF',9,1.00,'',0,2,0,'',3,'','Maximum:','','on',2,8),(4805,'',76,285,4,835,21,'FF',4,1.00,'',0,2,0,'',1,'','Inbound','','',2,1),(4806,'',77,285,4,835,0,'FF',9,1.00,'',0,2,0,'',4,'','Current:','','',2,2),(4807,'',78,285,4,835,0,'FF',9,1.00,'',0,2,0,'',1,'','Average:','','',2,3),(4808,'',79,285,4,835,0,'FF',9,1.00,'',0,2,0,'',3,'','Maximum:','','on',2,4),(4809,'',80,285,4,836,9,'FF',4,1.00,'',0,2,0,'',1,'','Outbound','','',2,5),(4810,'',81,285,4,836,0,'FF',9,1.00,'',0,2,0,'',4,'','Current:','','',2,6),(4811,'',82,285,4,836,0,'FF',9,1.00,'',0,2,0,'',1,'','Average:','','',2,7),(4812,'',83,285,4,836,0,'FF',9,1.00,'',0,2,0,'',3,'','Maximum:','','on',2,8),(4813,'',76,286,4,837,21,'FF',4,1.00,'',0,2,0,'',1,'','Inbound','','',2,1),(4814,'',77,286,4,837,0,'FF',9,1.00,'',0,2,0,'',4,'','Current:','','',2,2),(4815,'',78,286,4,837,0,'FF',9,1.00,'',0,2,0,'',1,'','Average:','','',2,3),(4816,'',79,286,4,837,0,'FF',9,1.00,'',0,2,0,'',3,'','Maximum:','','on',2,4),(4817,'',80,286,4,838,9,'FF',4,1.00,'',0,2,0,'',1,'','Outbound','','',2,5),(4818,'',81,286,4,838,0,'FF',9,1.00,'',0,2,0,'',4,'','Current:','','',2,6),(4819,'',82,286,4,838,0,'FF',9,1.00,'',0,2,0,'',1,'','Average:','','',2,7),(4820,'',83,286,4,838,0,'FF',9,1.00,'',0,2,0,'',3,'','Maximum:','','on',2,8),(4821,'',76,287,4,839,21,'FF',4,1.00,'',0,2,0,'',1,'','Inbound','','',2,1),(4822,'',77,287,4,839,0,'FF',9,1.00,'',0,2,0,'',4,'','Current:','','',2,2),(4823,'',78,287,4,839,0,'FF',9,1.00,'',0,2,0,'',1,'','Average:','','',2,3),(4824,'',79,287,4,839,0,'FF',9,1.00,'',0,2,0,'',3,'','Maximum:','','on',2,4),(4825,'',80,287,4,840,9,'FF',4,1.00,'',0,2,0,'',1,'','Outbound','','',2,5),(4826,'',81,287,4,840,0,'FF',9,1.00,'',0,2,0,'',4,'','Current:','','',2,6),(4827,'',82,287,4,840,0,'FF',9,1.00,'',0,2,0,'',1,'','Average:','','',2,7),(4828,'',83,287,4,840,0,'FF',9,1.00,'',0,2,0,'',3,'','Maximum:','','on',2,8),(4829,'',76,288,4,841,21,'FF',4,1.00,'',0,2,0,'',1,'','Inbound','','',2,1),(4830,'',77,288,4,841,0,'FF',9,1.00,'',0,2,0,'',4,'','Current:','','',2,2),(4831,'',78,288,4,841,0,'FF',9,1.00,'',0,2,0,'',1,'','Average:','','',2,3),(4832,'',79,288,4,841,0,'FF',9,1.00,'',0,2,0,'',3,'','Maximum:','','on',2,4),(4833,'',80,288,4,842,9,'FF',4,1.00,'',0,2,0,'',1,'','Outbound','','',2,5),(4834,'',81,288,4,842,0,'FF',9,1.00,'',0,2,0,'',4,'','Current:','','',2,6),(4835,'',82,288,4,842,0,'FF',9,1.00,'',0,2,0,'',1,'','Average:','','',2,7),(4836,'',83,288,4,842,0,'FF',9,1.00,'',0,2,0,'',3,'','Maximum:','','on',2,8),(4837,'',76,289,4,843,21,'FF',4,1.00,'',0,2,0,'',1,'','Inbound','','',2,1),(4838,'',77,289,4,843,0,'FF',9,1.00,'',0,2,0,'',4,'','Current:','','',2,2),(4839,'',78,289,4,843,0,'FF',9,1.00,'',0,2,0,'',1,'','Average:','','',2,3),(4840,'',79,289,4,843,0,'FF',9,1.00,'',0,2,0,'',3,'','Maximum:','','on',2,4),(4841,'',80,289,4,844,9,'FF',4,1.00,'',0,2,0,'',1,'','Outbound','','',2,5),(4842,'',81,289,4,844,0,'FF',9,1.00,'',0,2,0,'',4,'','Current:','','',2,6),(4843,'',82,289,4,844,0,'FF',9,1.00,'',0,2,0,'',1,'','Average:','','',2,7),(4844,'',83,289,4,844,0,'FF',9,1.00,'',0,2,0,'',3,'','Maximum:','','on',2,8),(4845,'',76,290,4,845,21,'FF',4,1.00,'',0,2,0,'',1,'','Inbound','','',2,1),(4846,'',77,290,4,845,0,'FF',9,1.00,'',0,2,0,'',4,'','Current:','','',2,2),(4847,'',78,290,4,845,0,'FF',9,1.00,'',0,2,0,'',1,'','Average:','','',2,3),(4848,'',79,290,4,845,0,'FF',9,1.00,'',0,2,0,'',3,'','Maximum:','','on',2,4),(4849,'',80,290,4,846,9,'FF',4,1.00,'',0,2,0,'',1,'','Outbound','','',2,5),(4850,'',81,290,4,846,0,'FF',9,1.00,'',0,2,0,'',4,'','Current:','','',2,6),(4851,'',82,290,4,846,0,'FF',9,1.00,'',0,2,0,'',1,'','Average:','','',2,7),(4852,'',83,290,4,846,0,'FF',9,1.00,'',0,2,0,'',3,'','Maximum:','','on',2,8),(4853,'',76,291,4,847,21,'FF',4,1.00,'',0,2,0,'',1,'','Inbound','','',2,1),(4854,'',77,291,4,847,0,'FF',9,1.00,'',0,2,0,'',4,'','Current:','','',2,2),(4855,'',78,291,4,847,0,'FF',9,1.00,'',0,2,0,'',1,'','Average:','','',2,3),(4856,'',79,291,4,847,0,'FF',9,1.00,'',0,2,0,'',3,'','Maximum:','','on',2,4),(4857,'',80,291,4,848,9,'FF',4,1.00,'',0,2,0,'',1,'','Outbound','','',2,5),(4858,'',81,291,4,848,0,'FF',9,1.00,'',0,2,0,'',4,'','Current:','','',2,6),(4859,'',82,291,4,848,0,'FF',9,1.00,'',0,2,0,'',1,'','Average:','','',2,7),(4860,'',83,291,4,848,0,'FF',9,1.00,'',0,2,0,'',3,'','Maximum:','','on',2,8),(4861,'',76,292,4,849,21,'FF',4,1.00,'',0,2,0,'',1,'','Inbound','','',2,1),(4862,'',77,292,4,849,0,'FF',9,1.00,'',0,2,0,'',4,'','Current:','','',2,2),(4863,'',78,292,4,849,0,'FF',9,1.00,'',0,2,0,'',1,'','Average:','','',2,3),(4864,'',79,292,4,849,0,'FF',9,1.00,'',0,2,0,'',3,'','Maximum:','','on',2,4),(4865,'',80,292,4,850,9,'FF',4,1.00,'',0,2,0,'',1,'','Outbound','','',2,5),(4866,'',81,292,4,850,0,'FF',9,1.00,'',0,2,0,'',4,'','Current:','','',2,6),(4867,'',82,292,4,850,0,'FF',9,1.00,'',0,2,0,'',1,'','Average:','','',2,7),(4868,'',83,292,4,850,0,'FF',9,1.00,'',0,2,0,'',3,'','Maximum:','','on',2,8),(4869,'',76,293,4,851,21,'FF',4,1.00,'',0,2,0,'',1,'','Inbound','','',2,1),(4870,'',77,293,4,851,0,'FF',9,1.00,'',0,2,0,'',4,'','Current:','','',2,2),(4871,'',78,293,4,851,0,'FF',9,1.00,'',0,2,0,'',1,'','Average:','','',2,3),(4872,'',79,293,4,851,0,'FF',9,1.00,'',0,2,0,'',3,'','Maximum:','','on',2,4),(4873,'',80,293,4,852,9,'FF',4,1.00,'',0,2,0,'',1,'','Outbound','','',2,5),(4874,'',81,293,4,852,0,'FF',9,1.00,'',0,2,0,'',4,'','Current:','','',2,6),(4875,'',82,293,4,852,0,'FF',9,1.00,'',0,2,0,'',1,'','Average:','','',2,7),(4876,'',83,293,4,852,0,'FF',9,1.00,'',0,2,0,'',3,'','Maximum:','','on',2,8),(4877,'',76,294,4,853,21,'FF',4,1.00,'',0,2,0,'',1,'','Inbound','','',2,1),(4878,'',77,294,4,853,0,'FF',9,1.00,'',0,2,0,'',4,'','Current:','','',2,2),(4879,'',78,294,4,853,0,'FF',9,1.00,'',0,2,0,'',1,'','Average:','','',2,3),(4880,'',79,294,4,853,0,'FF',9,1.00,'',0,2,0,'',3,'','Maximum:','','on',2,4),(4881,'',80,294,4,854,9,'FF',4,1.00,'',0,2,0,'',1,'','Outbound','','',2,5),(4882,'',81,294,4,854,0,'FF',9,1.00,'',0,2,0,'',4,'','Current:','','',2,6),(4883,'',82,294,4,854,0,'FF',9,1.00,'',0,2,0,'',1,'','Average:','','',2,7),(4884,'',83,294,4,854,0,'FF',9,1.00,'',0,2,0,'',3,'','Maximum:','','on',2,8),(4885,'',1,295,1,855,9,'FF',7,0.00,'',0,0,0,'',1,'','CPU Usage','','',2,1),(4886,'',2,295,1,855,0,'FF',9,0.00,'',0,0,0,'',4,'','Current:','','',3,2),(4887,'',3,295,1,855,0,'FF',9,0.00,'',0,0,0,'',1,'','Average:','','',3,3),(4888,'',4,295,1,855,0,'FF',9,0.00,'',0,0,0,'',3,'','Maximum:','','on',3,4),(4889,'',5,296,2,860,0,'FF',1,0.00,'',0,16,0,'',1,'','','','',2,1),(4890,'',6,296,2,857,0,'FF',1,0.00,'',0,16,0,'',1,'','','','',2,2),(4891,'',7,296,2,858,0,'FF',1,0.00,'',0,16,0,'',1,'','','','',2,3),(4892,'',8,296,2,856,0,'FF',1,0.00,'',0,0,0,'',1,'','','','',2,4),(4893,'',9,296,2,859,0,'FF',1,0.00,'',0,16,0,'',1,'','','','',2,5),(4894,'',10,296,2,860,2,'FF',7,0.00,'',0,16,0,'',1,'','','','',2,6),(4895,'',11,296,2,0,440,'FF',8,0.00,'',0,26,0,'',1,'','','','',2,7),(4896,'',12,296,2,0,441,'FF',8,0.00,'',0,24,0,'',1,'','','','',2,8),(4897,'',13,296,2,0,442,'FF',8,0.00,'',0,24,0,'',1,'','','','',2,9),(4898,'',14,296,2,0,442,'FF',8,0.00,'',0,24,0,'',1,'','','','',2,10),(4899,'',15,296,2,0,441,'FF',8,0.00,'',0,24,0,'',1,'','','','',2,11),(4900,'',16,296,2,0,440,'FF',8,0.00,'',0,25,0,'',1,'','','','',2,12),(4901,'',17,296,2,0,2,'FF',8,0.00,'',0,24,0,'',1,'','','','',2,13),(4902,'',18,296,2,0,2,'FF',8,0.00,'',0,24,0,'',1,'','','','',2,14),(4903,'',19,296,2,860,2,'FF',7,0.00,'',0,16,0,'',1,'','','','',2,15),(4904,'',20,296,2,0,0,'FF',1,0.00,'',0,0,0,'',1,'','Pkt Loss (color):','','',2,16),(4905,'',21,296,2,857,93,'FF',4,0.00,'',0,16,0,'',1,'','0%','','',2,17),(4906,'',22,296,2,0,80,'FF',4,0.00,'',0,17,0,'',1,'','01-02%','','',2,18),(4907,'',23,296,2,0,81,'FF',4,0.00,'',0,18,0,'',1,'','03-05%','','',2,19),(4908,'',24,296,2,0,74,'FF',4,0.00,'',0,19,0,'',1,'','06-10%','','',2,20),(4909,'',25,296,2,0,67,'FF',4,0.00,'',0,20,0,'',1,'','11-15%','','',2,21),(4910,'',26,296,2,0,56,'FF',4,0.00,'',0,21,0,'',1,'','16-50%','','',2,22),(4911,'',27,296,2,0,11,'FF',4,0.00,'',0,22,0,'',1,'','51-95%','','',2,23),(4912,'',28,296,2,0,48,'FF',4,0.00,'',0,23,0,'',1,'','96-100%','','on',2,24),(4913,'',29,296,2,0,48,'FF',7,0.00,'',0,27,0,'',1,'','','','',2,25),(4914,'',30,296,2,0,0,'FF',1,0.00,'',0,0,0,'',1,'','Pkt Loss:','','',2,26),(4915,'',31,296,2,856,0,'FF',9,0.00,'',0,0,0,'',4,'','Last:','','',5,27),(4916,'',32,296,2,856,0,'FF',9,0.00,'',0,0,0,'',2,'','Min:','','',5,28),(4917,'',33,296,2,856,0,'FF',9,0.00,'',0,0,0,'',1,'','Avg:','','',5,29),(4918,'',34,296,2,856,0,'FF',9,0.00,'',0,0,0,'',3,'','Max:','','on',5,30),(4919,'',35,296,2,0,0,'FF',1,0.00,'',0,0,0,'',1,'','RTT (color):','','',2,31),(4920,'',36,296,2,859,442,'FF',2,0.00,'',0,0,0,'',1,'','(rttavg +- 1*sdev)','0','',2,32),(4921,'',37,296,2,859,441,'FF',2,0.00,'',0,0,0,'',1,'','(rttavg +- 2*sdev)','0','',2,33),(4922,'',38,296,2,859,440,'FF',2,0.00,'',0,0,0,'',1,'','(rttavg +- 3*sdev)','0','on',2,34),(4923,'',39,296,2,859,2,'FF',2,0.00,'',0,0,0,'',1,'','','0','',2,35),(4924,'',40,296,2,0,0,'FF',1,0.00,'',0,0,0,'',1,'','RTT Min:','','',2,36),(4925,'',41,296,2,860,0,'FF',9,0.00,'',0,16,0,'',4,'','Last:','','',2,37),(4926,'',42,296,2,860,0,'FF',9,0.00,'',0,16,0,'',2,'','Min:','','',2,38),(4927,'',43,296,2,860,0,'FF',9,0.00,'',0,16,0,'',1,'','Avg:','','',2,39),(4928,'',44,296,2,860,0,'FF',9,0.00,'',0,16,0,'',3,'','Max:','','on',2,40),(4929,'',45,296,2,857,0,'FF',1,0.00,'',0,0,0,'',1,'','RTT Avg:','','',2,41),(4930,'',46,296,2,857,0,'FF',9,0.00,'',0,16,0,'',4,'','Last:','','',2,42),(4931,'',47,296,2,857,0,'FF',9,0.00,'',0,16,0,'',2,'','Min:','','',2,43),(4932,'',48,296,2,857,0,'FF',9,0.00,'',0,16,0,'',1,'','Avg:','','',2,44),(4933,'',49,296,2,857,0,'FF',9,0.00,'',0,16,0,'',3,'','Max:','','on',2,45),(4934,'',50,296,2,858,0,'FF',1,0.00,'',0,0,0,'',1,'','RTT Max:','','',2,46),(4935,'',51,296,2,858,0,'FF',9,0.00,'',0,16,0,'',4,'','Last:','','',2,47),(4936,'',52,296,2,858,0,'FF',9,0.00,'',0,16,0,'',2,'','Min:','','',2,48),(4937,'',53,296,2,858,0,'FF',9,0.00,'',0,16,0,'',1,'','Avg:','','',2,49),(4938,'',54,296,2,858,0,'FF',9,0.00,'',0,16,0,'',3,'','Max:','','on',2,50),(4939,'',55,296,2,859,0,'FF',1,0.00,'',0,0,0,'',1,'','Std Dev:','','',2,51),(4940,'',56,296,2,859,0,'FF',9,0.00,'',0,16,0,'',4,'','Last:','','',2,52),(4941,'',57,296,2,859,0,'FF',9,0.00,'',0,16,0,'',2,'','Min:','','',2,53),(4942,'',58,296,2,859,0,'FF',9,0.00,'',0,16,0,'',1,'','Avg:','','',2,54),(4943,'',59,296,2,859,0,'FF',9,0.00,'',0,16,0,'',3,'','Max:','','on',2,55),(4944,'',76,297,4,861,21,'FF',4,1.00,'',0,2,0,'',1,'','Inbound','','',2,1),(4945,'',77,297,4,861,0,'FF',9,1.00,'',0,2,0,'',4,'','Current:','','',2,2),(4946,'',78,297,4,861,0,'FF',9,1.00,'',0,2,0,'',1,'','Average:','','',2,3),(4947,'',79,297,4,861,0,'FF',9,1.00,'',0,2,0,'',3,'','Maximum:','','on',2,4),(4948,'',80,297,4,862,9,'FF',4,1.00,'',0,2,0,'',1,'','Outbound','','',2,5),(4949,'',81,297,4,862,0,'FF',9,1.00,'',0,2,0,'',4,'','Current:','','',2,6),(4950,'',82,297,4,862,0,'FF',9,1.00,'',0,2,0,'',1,'','Average:','','',2,7),(4951,'',83,297,4,862,0,'FF',9,1.00,'',0,2,0,'',3,'','Maximum:','','on',2,8),(4952,'',76,298,4,863,21,'FF',4,1.00,'',0,2,0,'',1,'','Inbound','','',2,1),(4953,'',77,298,4,863,0,'FF',9,1.00,'',0,2,0,'',4,'','Current:','','',2,2),(4954,'',78,298,4,863,0,'FF',9,1.00,'',0,2,0,'',1,'','Average:','','',2,3),(4955,'',79,298,4,863,0,'FF',9,1.00,'',0,2,0,'',3,'','Maximum:','','on',2,4),(4956,'',80,298,4,864,9,'FF',4,1.00,'',0,2,0,'',1,'','Outbound','','',2,5),(4957,'',81,298,4,864,0,'FF',9,1.00,'',0,2,0,'',4,'','Current:','','',2,6),(4958,'',82,298,4,864,0,'FF',9,1.00,'',0,2,0,'',1,'','Average:','','',2,7),(4959,'',83,298,4,864,0,'FF',9,1.00,'',0,2,0,'',3,'','Maximum:','','on',2,8);
/*!40000 ALTER TABLE `graph_templates_item` ENABLE KEYS */;
UNLOCK TABLES;

--
-- Table structure for table `graph_tree`
--

DROP TABLE IF EXISTS `graph_tree`;
/*!40101 SET @saved_cs_client     = @@character_set_client */;
/*!40101 SET character_set_client = utf8 */;
CREATE TABLE `graph_tree` (
  `id` smallint(5) unsigned NOT NULL AUTO_INCREMENT,
  `enabled` char(2) COLLATE utf8mb4_unicode_ci DEFAULT 'on',
  `locked` tinyint(4) DEFAULT 0,
  `locked_date` timestamp NOT NULL DEFAULT '0000-00-00 00:00:00',
  `sort_type` tinyint(3) unsigned NOT NULL DEFAULT 1,
  `name` varchar(255) COLLATE utf8mb4_unicode_ci NOT NULL DEFAULT '',
  `sequence` int(10) unsigned DEFAULT 1,
  `user_id` int(10) unsigned DEFAULT 1,
  `last_modified` timestamp NOT NULL DEFAULT '0000-00-00 00:00:00',
  `modified_by` int(10) unsigned DEFAULT 1,
  PRIMARY KEY (`id`),
  KEY `sequence` (`sequence`),
  KEY `name` (`name`(171))
) ENGINE=InnoDB AUTO_INCREMENT=4 DEFAULT CHARSET=utf8mb4 COLLATE=utf8mb4_unicode_ci ROW_FORMAT=DYNAMIC;
/*!40101 SET character_set_client = @saved_cs_client */;

--
-- Dumping data for table `graph_tree`
--

LOCK TABLES `graph_tree` WRITE;
/*!40000 ALTER TABLE `graph_tree` DISABLE KEYS */;
INSERT INTO `graph_tree` VALUES (1,'on',0,'2020-02-25 16:06:25',1,'Device',10,1,'2020-02-25 16:06:48',1),(2,'on',0,'2020-02-02 00:25:49',1,'GraphTemplate',9,1,'2020-02-02 00:31:45',1),(3,'on',0,'2020-02-02 00:21:50',1,'Summary',8,1,'2020-02-02 00:21:58',1);
/*!40000 ALTER TABLE `graph_tree` ENABLE KEYS */;
UNLOCK TABLES;

--
-- Table structure for table `graph_tree_items`
--

DROP TABLE IF EXISTS `graph_tree_items`;
/*!40101 SET @saved_cs_client     = @@character_set_client */;
/*!40101 SET character_set_client = utf8 */;
CREATE TABLE `graph_tree_items` (
  `id` bigint(20) unsigned NOT NULL AUTO_INCREMENT,
  `parent` bigint(20) unsigned DEFAULT NULL,
  `position` int(10) unsigned DEFAULT NULL,
  `graph_tree_id` smallint(5) unsigned NOT NULL DEFAULT 0,
  `local_graph_id` mediumint(8) unsigned NOT NULL DEFAULT 0,
  `title` varchar(255) COLLATE utf8mb4_unicode_ci DEFAULT NULL,
  `host_id` mediumint(8) unsigned NOT NULL DEFAULT 0,
  `site_id` int(10) unsigned DEFAULT 0,
  `host_grouping_type` tinyint(3) unsigned NOT NULL DEFAULT 1,
  `sort_children_type` tinyint(3) unsigned NOT NULL DEFAULT 0,
  `graph_regex` varchar(60) COLLATE utf8mb4_unicode_ci DEFAULT '',
  `host_regex` varchar(60) COLLATE utf8mb4_unicode_ci DEFAULT '',
  PRIMARY KEY (`id`),
  KEY `graph_tree_id` (`graph_tree_id`),
  KEY `host_id` (`host_id`),
  KEY `site_id` (`site_id`),
  KEY `local_graph_id` (`local_graph_id`),
  KEY `parent_position` (`parent`,`position`)
) ENGINE=InnoDB AUTO_INCREMENT=110 DEFAULT CHARSET=utf8mb4 COLLATE=utf8mb4_unicode_ci ROW_FORMAT=DYNAMIC;
/*!40101 SET character_set_client = @saved_cs_client */;

--
-- Dumping data for table `graph_tree_items`
--

LOCK TABLES `graph_tree_items` WRITE;
/*!40000 ALTER TABLE `graph_tree_items` DISABLE KEYS */;
INSERT INTO `graph_tree_items` VALUES (2,0,2,1,0,'Network',0,0,1,1,'',''),(3,0,9,1,0,'Server',0,0,1,1,'',''),(4,2,1,1,0,'',1,0,1,1,'',''),(5,3,7,1,0,'',3,0,1,1,'',''),(14,2,2,1,0,'',4,0,1,1,'',''),(15,0,13,1,0,'',12,0,1,1,'',''),(18,2,4,1,0,'',15,0,1,1,'',''),(19,0,4,2,0,'CiscoCPU',0,0,1,1,'',''),(20,19,1,2,2,'',0,0,1,1,'',''),(21,19,2,2,38,'',0,0,1,1,'',''),(22,19,3,2,157,'',0,0,1,1,'',''),(23,0,1,2,0,'WAN Traffic',0,0,1,1,'',''),(26,23,7,2,160,'',0,0,1,1,'',''),(27,0,3,2,0,'ServerResource',0,0,1,1,'',''),(28,27,1,2,0,'Memory',0,0,1,1,'',''),(29,28,1,2,117,'',0,0,1,1,'',''),(34,28,8,2,151,'',0,0,1,1,'',''),(41,27,2,2,0,'CPU',0,0,1,1,'',''),(42,41,1,2,126,'',0,0,1,1,'',''),(44,41,8,2,36,'',0,0,1,1,'',''),(54,27,3,2,0,'Disk',0,0,1,1,'',''),(57,54,8,2,35,'',0,0,1,1,'',''),(66,0,2,2,0,'PingRTT',0,0,1,1,'',''),(67,66,4,2,115,'',0,0,1,1,'',''),(69,66,2,2,37,'',0,0,1,1,'',''),(71,66,1,2,1,'',0,0,1,1,'',''),(72,66,3,2,156,'',0,0,1,1,'',''),(75,66,10,2,27,'',0,0,1,1,'',''),(84,2,3,1,0,'',17,0,1,0,'',''),(85,0,6,3,193,'',0,0,1,0,'',''),(86,0,7,3,211,'',0,0,1,0,'',''),(87,0,3,3,188,'',0,0,1,0,'',''),(90,0,8,3,210,'',0,0,1,0,'',''),(94,0,5,3,189,'',0,0,1,0,'',''),(95,3,1,1,0,'',18,0,1,0,'',''),(98,23,1,2,188,'',0,0,1,0,'',''),(100,23,2,2,178,'',0,0,1,0,'',''),(101,23,3,2,165,'',0,0,1,0,'',''),(102,23,4,2,169,'',0,0,1,0,'',''),(103,23,5,2,193,'',0,0,1,0,'',''),(104,23,6,2,211,'',0,0,1,0,'',''),(105,28,2,2,217,'',0,0,1,0,'',''),(106,41,2,2,222,'',0,0,1,0,'',''),(107,54,1,2,213,'',0,0,1,0,'',''),(108,54,2,2,214,'',0,0,1,0,'',''),(109,3,2,1,0,'',21,0,1,0,'','');
/*!40000 ALTER TABLE `graph_tree_items` ENABLE KEYS */;
UNLOCK TABLES;

--
-- Table structure for table `host`
--

DROP TABLE IF EXISTS `host`;
/*!40101 SET @saved_cs_client     = @@character_set_client */;
/*!40101 SET character_set_client = utf8 */;
CREATE TABLE `host` (
  `id` mediumint(8) unsigned NOT NULL AUTO_INCREMENT,
  `poller_id` int(10) unsigned NOT NULL DEFAULT 1,
  `site_id` int(10) unsigned NOT NULL DEFAULT 1,
  `host_template_id` mediumint(8) unsigned NOT NULL DEFAULT 0,
  `description` varchar(150) COLLATE utf8mb4_unicode_ci NOT NULL DEFAULT '',
  `hostname` varchar(100) COLLATE utf8mb4_unicode_ci DEFAULT NULL,
  `location` varchar(40) COLLATE utf8mb4_unicode_ci DEFAULT NULL,
  `notes` mediumtext COLLATE utf8mb4_unicode_ci DEFAULT NULL,
  `external_id` varchar(40) COLLATE utf8mb4_unicode_ci DEFAULT NULL,
  `snmp_community` varchar(100) COLLATE utf8mb4_unicode_ci DEFAULT NULL,
  `snmp_version` tinyint(1) unsigned NOT NULL DEFAULT 1,
  `snmp_username` varchar(50) COLLATE utf8mb4_unicode_ci DEFAULT NULL,
  `snmp_password` varchar(50) COLLATE utf8mb4_unicode_ci DEFAULT NULL,
  `snmp_auth_protocol` char(6) COLLATE utf8mb4_unicode_ci DEFAULT '',
  `snmp_priv_passphrase` varchar(200) COLLATE utf8mb4_unicode_ci DEFAULT '',
  `snmp_priv_protocol` char(6) COLLATE utf8mb4_unicode_ci DEFAULT '',
  `snmp_context` varchar(64) COLLATE utf8mb4_unicode_ci DEFAULT '',
  `snmp_engine_id` varchar(64) COLLATE utf8mb4_unicode_ci DEFAULT '',
  `snmp_port` mediumint(5) unsigned NOT NULL DEFAULT 161,
  `snmp_timeout` mediumint(8) unsigned NOT NULL DEFAULT 500,
  `snmp_sysDescr` varchar(300) COLLATE utf8mb4_unicode_ci NOT NULL DEFAULT '',
  `snmp_sysObjectID` varchar(128) COLLATE utf8mb4_unicode_ci NOT NULL DEFAULT '',
  `snmp_sysUpTimeInstance` int(10) unsigned NOT NULL DEFAULT 0,
  `snmp_sysContact` varchar(300) COLLATE utf8mb4_unicode_ci NOT NULL DEFAULT '',
  `snmp_sysName` varchar(300) COLLATE utf8mb4_unicode_ci NOT NULL DEFAULT '',
  `snmp_sysLocation` varchar(300) COLLATE utf8mb4_unicode_ci NOT NULL DEFAULT '',
  `availability_method` smallint(5) unsigned NOT NULL DEFAULT 1,
  `ping_method` smallint(5) unsigned DEFAULT 0,
  `ping_port` int(12) unsigned DEFAULT 0,
  `ping_timeout` int(12) unsigned DEFAULT 500,
  `ping_retries` int(12) unsigned DEFAULT 2,
  `max_oids` int(12) unsigned DEFAULT 10,
  `device_threads` tinyint(2) unsigned NOT NULL DEFAULT 1,
  `deleted` char(3) COLLATE utf8mb4_unicode_ci NOT NULL DEFAULT '',
  `disabled` char(2) COLLATE utf8mb4_unicode_ci DEFAULT NULL,
  `status` tinyint(2) NOT NULL DEFAULT 0,
  `status_event_count` mediumint(8) unsigned NOT NULL DEFAULT 0,
  `status_fail_date` timestamp NOT NULL DEFAULT '0000-00-00 00:00:00',
  `status_rec_date` timestamp NOT NULL DEFAULT '0000-00-00 00:00:00',
  `status_last_error` varchar(255) COLLATE utf8mb4_unicode_ci DEFAULT '',
  `min_time` decimal(10,5) DEFAULT 9.99999,
  `max_time` decimal(10,5) DEFAULT 0.00000,
  `cur_time` decimal(10,5) DEFAULT 0.00000,
  `avg_time` decimal(10,5) DEFAULT 0.00000,
  `polling_time` double DEFAULT 0,
  `total_polls` int(12) unsigned DEFAULT 0,
  `failed_polls` int(12) unsigned DEFAULT 0,
  `availability` decimal(8,5) NOT NULL DEFAULT 100.00000,
  `last_updated` timestamp NOT NULL DEFAULT current_timestamp() ON UPDATE current_timestamp(),
  PRIMARY KEY (`id`),
  KEY `poller_id_disabled` (`poller_id`,`disabled`),
  KEY `site_id` (`site_id`),
  KEY `external_id` (`external_id`),
  KEY `disabled` (`disabled`),
  KEY `status` (`status`),
  KEY `hostname` (`hostname`),
  KEY `poller_id_last_updated` (`poller_id`,`last_updated`),
  KEY `site_id_location` (`site_id`,`location`)
) ENGINE=InnoDB AUTO_INCREMENT=24 DEFAULT CHARSET=utf8mb4 COLLATE=utf8mb4_unicode_ci ROW_FORMAT=DYNAMIC;
/*!40101 SET character_set_client = @saved_cs_client */;

--
-- Dumping data for table `host`
--

LOCK TABLES `host` WRITE;
/*!40000 ALTER TABLE `host` DISABLE KEYS */;
INSERT INTO `host` VALUES (1,1,0,1,'Rdc01','10.254.0.1','','','','rocomm',2,'','','','','','','',161,500,'\\\"Cisco IOS Software, C800M Software (C800M-UNIVERSALK9-M), Version 15.5(3)M5, RELEASE SOFTWARE (fc1)\r\nTechnical Support: http://www.cisco.com/techsupport\r\nCopyright (c) 1986-2017 by Cisco Systems, Inc.\r\nCompiled Wed 25-Jan-17 08:39 by prod_rel_team\\\"','iso.3.6.1.4.1.9.1.2229',78658682,'\\\"\\\"','\\\"Rdc01.prosper2.net\\\"','\\\"\\\"',2,1,23,400,1,10,1,'','',3,0,'2020-03-20 02:10:00','0000-00-00 00:00:00','Device did not respond to SNMP',0.79989,1037.97197,1.50418,2.01545,2.112,80429,13,99.98380,'2020-03-29 01:30:07'),(3,1,0,3,'VMinfraserv05(cacti)','10.254.10.105',NULL,'','','rocomm',2,'','','','','','','',161,500,'\\\"Linux VMinfraserv05.prosper2.net 3.10.0-1062.12.1.el7.x86_64 #1 SMP Tue Feb 4 23:02:59 UTC 2020 x86_64\\\"','iso.3.6.1.4.1.8072.3.2.10',67264787,'\\\"Root <root@localhost> (configure /etc/snmp/snmp.local.conf)\\\"','\\\"VMinfraserv05.prosper2.net\\\"','\\\"Unknown (edit /etc/snmp/snmpd.conf)\\\"',2,1,23,400,1,10,1,'','',3,0,'2020-02-17 09:31:00','0000-00-00 00:00:00','Device did not respond to SNMP',0.14400,1354.22993,0.48304,0.60448,2.131,80429,3,99.99630,'2020-03-29 01:30:13'),(4,1,0,1,'Rhq01','10.1.0.1','','','','rocomm',2,'','','','','','','',161,500,'\\\"Cisco IOS Software, C800M Software (C800M-UNIVERSALK9-M), Version 15.5(3)M5, RELEASE SOFTWARE (fc1)\r\nTechnical Support: http://www.cisco.com/techsupport\r\nCopyright (c) 1986-2017 by Cisco Systems, Inc.\r\nCompiled Wed 25-Jan-17 08:39 by prod_rel_team\\\"','iso.3.6.1.4.1.9.1.2229',201855046,'\\\"\\\"','\\\"Rhq01.prosper2.net\\\"','\\\"\\\"',2,1,23,400,1,10,1,'','',1,2747,'2020-03-19 06:10:00','2020-03-19 07:00:00','Device did not respond to SNMP',8.38518,1759.61781,62.95204,30.93865,2.306,80426,34835,56.68690,'2020-03-29 01:30:07'),(12,1,0,2,'esxi01','10.254.110.193',NULL,'','','rocomm',2,'','','','','','','',161,500,'\\\"VMware ESXi 6.7.0 build-14320388 VMware, Inc. x86_64\\\"','iso.3.6.1.4.1.6876.4.1',68947500,'\\\"\\\"','\\\"esxi01.prosper2.net\\\"','\\\"\\\"',2,1,23,400,1,10,1,'','',3,0,'2020-02-17 09:31:00','2020-01-17 00:40:00','Device did not respond to SNMP',0.77796,1990.75818,1.50800,10.40416,3.753,80416,33950,57.78200,'2020-03-29 01:30:11'),(15,1,0,1,'Rbranch01','10.101.0.1',NULL,'','','rocomm',2,'','','','','','','',161,500,'\\\"Cisco IOS Software, C890 Software (C890-UNIVERSALK9-M), Version 15.6(3)M, RELEASE SOFTWARE (fc1)\r\nTechnical Support: http://www.cisco.com/techsupport\r\nCopyright (c) 1986-2016 by Cisco Systems, Inc.\r\nCompiled Thu 28-Jul-16 05:30 by prod_rel_team\\\"','iso.3.6.1.4.1.9.1.858',172164,'\\\"\\\"','\\\"Rbranch01\\\"','\\\"\\\"',2,1,23,400,1,10,1,'','on',0,5278,'2020-01-14 15:30:00','2019-08-14 23:45:00','Device did not respond to SNMP',9.19986,1979.87700,10.34307,70.50312,5.092,64439,43186,32.98160,'2020-02-02 00:24:11'),(17,1,0,2,'FWdc01','10.254.254.252','','','','rocomm',2,'','','','','','','',161,500,'\\\"Palo Alto Networks PA-200 series firewall\\\"','iso.3.6.1.4.1.25461.2.3.12',78639547,'\\\"Not Set\\\"','\\\"FWdc01\\\"','\\\"Unknown\\\"',2,1,23,400,1,10,1,'','',3,0,'2020-03-21 10:55:00','2020-03-20 08:05:00','Device did not respond to SNMP',0.76413,527.61507,1.70183,3.34882,2.714,17231,11,99.93620,'2020-03-29 01:30:04'),(18,1,0,4,'VMwinserv11','10.254.10.241','','','','rocomm',2,'','','','','','','',161,500,'\\\"Hardware: Intel64 Family 6 Model 42 Stepping 7 AT/AT COMPATIBLE - Software: Windows Version 6.3 (Build 17763 Multiprocessor Free)\\\"','iso.3.6.1.4.1.311.1.1.3.1.3',68106111,'\\\"\\\"','\\\"VMwinserv11.prosper2.net\\\"','\\\"\\\"',2,1,23,400,1,10,1,'','',3,0,'2020-02-24 09:00:00','0000-00-00 00:00:00','Device did not respond to SNMP',0.67902,410.90107,0.86117,1.39848,0.697,15789,1,99.99370,'2020-03-29 01:30:05'),(19,1,0,1,'L2dc01-inside01','10.254.254.1','','','','rocomm',2,'','','','','','','',161,500,'\\\"Cisco IOS Software, C2960 Software (C2960-LANBASE-M), Version 12.2(53)SE2, RELEASE SOFTWARE (fc3)\r\nTechnical Support: http://www.cisco.com/techsupport\r\nCopyright (c) 1986-2010 by Cisco Systems, Inc.\r\nCompiled Wed 21-Apr-10 05:52 by prod_rel_team\\\"','iso.3.6.1.4.1.9.1.798',1104080,'\\\"\\\"','\\\"L2dc01-inside01.prosper2.net\\\"','\\\"\\\"',2,1,23,400,1,10,1,'','',1,2525,'2020-03-20 02:10:00','0000-00-00 00:00:00','Device did not respond to SNMP',2.12598,365.56411,3.02720,3.25344,3.752,13925,2528,81.84560,'2020-03-29 01:30:13'),(20,1,0,1,'L2dc01-outside01','10.254.254.2','','','','rocomm',2,'','','','','','','',161,500,'\\\"Cisco IOS Software, C2960 Software (C2960-LANBASE-M), Version 12.2(53)SE2, RELEASE SOFTWARE (fc3)\r\nTechnical Support: http://www.cisco.com/techsupport\r\nCopyright (c) 1986-2010 by Cisco Systems, Inc.\r\nCompiled Wed 21-Apr-10 05:52 by prod_rel_team\\\"','iso.3.6.1.4.1.9.1.798',381850382,'\\\"\\\"','\\\"L2dc01-outside01\\\"','\\\"\\\"',2,1,23,400,1,10,1,'','',1,2655,'2020-03-19 14:45:00','0000-00-00 00:00:00','Device did not respond to SNMP',2.29692,70.29414,2.89392,3.19770,2.111,13924,2655,80.93220,'2020-03-29 01:30:09'),(21,1,0,3,'vmnetserv01','10.254.10.251','','','','rocomm',2,'','','','','','','',161,500,'\\\"Linux vmnetserv01.prosper2.net 4.18.0-147.5.1.el8_1.x86_64 #1 SMP Wed Feb 5 02:00:39 UTC 2020 x86_64\\\"','iso.3.6.1.4.1.8072.3.2.10',68914571,'\\\"root@localhost\\\"','\\\"vmnetserv01.prosper2.net\\\"','\\\"Unknown\\\"',2,1,23,400,1,10,1,'','',3,0,'2020-02-25 03:20:00','2020-02-25 16:05:00','Device did not respond to SNMP',0.33498,366.94503,0.41199,0.96340,1.107,13902,1882,86.46240,'2020-03-29 01:30:05'),(22,1,0,2,'mc01','10.254.10.206','','','','rocomm',2,'','','','','','','',161,500,'\\\"ArubaOS (MODEL: Aruba3200), Version 6.4.4.12 (58581)\\\"','iso.3.6.1.4.1.14823.1.1.13',186000900,'\\\"\\\"','\\\"MCdc01.MC3200\\\"','\\\"\\\"',2,1,23,400,1,10,1,'','',1,2656,'2020-03-19 14:40:00','2020-02-29 02:05:00','Device did not respond to SNMP',1.42217,33.39314,1.78289,1.89141,2.012,13764,8142,40.84570,'2020-03-29 01:30:03'),(23,1,0,1,'VMwlc01','10.254.10.201','','','','rocomm',2,'','','','','','','',161,500,'\\\"Cisco Controller\\\"','iso.3.6.1.4.1.9.1.1631',9316632,'\\\"\\\"','\\\"VMwlc01\\\"','\\\"\\\"',2,1,23,400,1,10,1,'','',1,2247,'2020-03-21 01:20:00','2020-02-27 02:35:00','Device did not respond to SNMP',0.44489,35.44688,0.69380,1.73884,2.035,13164,2252,82.89270,'2020-03-29 01:30:04');
/*!40000 ALTER TABLE `host` ENABLE KEYS */;
UNLOCK TABLES;

--
-- Table structure for table `host_graph`
--

DROP TABLE IF EXISTS `host_graph`;
/*!40101 SET @saved_cs_client     = @@character_set_client */;
/*!40101 SET character_set_client = utf8 */;
CREATE TABLE `host_graph` (
  `host_id` mediumint(8) unsigned NOT NULL DEFAULT 0,
  `graph_template_id` mediumint(8) unsigned NOT NULL DEFAULT 0,
  PRIMARY KEY (`host_id`,`graph_template_id`)
) ENGINE=InnoDB DEFAULT CHARSET=utf8mb4 COLLATE=utf8mb4_unicode_ci ROW_FORMAT=DYNAMIC;
/*!40101 SET character_set_client = @saved_cs_client */;

--
-- Dumping data for table `host_graph`
--

LOCK TABLES `host_graph` WRITE;
/*!40000 ALTER TABLE `host_graph` DISABLE KEYS */;
INSERT INTO `host_graph` VALUES (1,1),(1,2),(3,2),(3,5),(4,1),(4,2),(12,2),(12,5),(15,1),(15,2),(17,2),(18,2),(19,1),(19,2),(20,1),(20,2),(21,2),(21,5),(22,2),(23,1),(23,2);
/*!40000 ALTER TABLE `host_graph` ENABLE KEYS */;
UNLOCK TABLES;

--
-- Table structure for table `host_snmp_cache`
--

DROP TABLE IF EXISTS `host_snmp_cache`;
/*!40101 SET @saved_cs_client     = @@character_set_client */;
/*!40101 SET character_set_client = utf8 */;
CREATE TABLE `host_snmp_cache` (
  `host_id` mediumint(8) unsigned NOT NULL DEFAULT 0,
  `snmp_query_id` mediumint(8) unsigned NOT NULL DEFAULT 0,
  `field_name` varchar(50) COLLATE utf8mb4_unicode_ci NOT NULL DEFAULT '',
  `field_value` varchar(512) COLLATE utf8mb4_unicode_ci DEFAULT NULL,
  `snmp_index` varchar(255) COLLATE utf8mb4_unicode_ci NOT NULL DEFAULT '',
  `oid` mediumtext COLLATE utf8mb4_unicode_ci NOT NULL,
  `present` tinyint(4) NOT NULL DEFAULT 1,
  `last_updated` timestamp NOT NULL DEFAULT current_timestamp() ON UPDATE current_timestamp(),
  PRIMARY KEY (`host_id`,`snmp_query_id`,`field_name`,`snmp_index`),
  KEY `host_id` (`host_id`,`field_name`),
  KEY `field_name` (`field_name`),
  KEY `snmp_query_id` (`snmp_query_id`),
  KEY `last_updated` (`last_updated`),
  KEY `present` (`present`),
  KEY `snmp_index` (`snmp_index`),
  KEY `field_value` (`field_value`)
) ENGINE=InnoDB DEFAULT CHARSET=utf8mb4 COLLATE=utf8mb4_unicode_ci ROW_FORMAT=DYNAMIC;
/*!40101 SET character_set_client = @saved_cs_client */;

--
-- Dumping data for table `host_snmp_cache`
--

LOCK TABLES `host_snmp_cache` WRITE;
/*!40000 ALTER TABLE `host_snmp_cache` DISABLE KEYS */;
INSERT INTO `host_snmp_cache` VALUES (1,1,'ifAdminStatus','Down','1','.1.3.6.1.2.1.2.2.1.7.1',1,'2020-03-19 23:26:38'),(1,1,'ifAdminStatus','Up','10','.1.3.6.1.2.1.2.2.1.7.10',1,'2020-03-19 23:26:38'),(1,1,'ifAdminStatus','Up','12','.1.3.6.1.2.1.2.2.1.7.12',1,'2020-03-19 23:26:38'),(1,1,'ifAdminStatus','Down','2','.1.3.6.1.2.1.2.2.1.7.2',1,'2020-03-19 23:26:38'),(1,1,'ifAdminStatus','Up','20','.1.3.6.1.2.1.2.2.1.7.20',1,'2020-03-19 23:26:38'),(1,1,'ifAdminStatus','Up','3','.1.3.6.1.2.1.2.2.1.7.3',1,'2020-03-19 23:26:38'),(1,1,'ifAdminStatus','Up','37','.1.3.6.1.2.1.2.2.1.7.37',1,'2020-03-19 23:26:38'),(1,1,'ifAdminStatus','Up','39','.1.3.6.1.2.1.2.2.1.7.39',1,'2020-03-19 23:26:38'),(1,1,'ifAdminStatus','Up','4','.1.3.6.1.2.1.2.2.1.7.4',1,'2020-03-19 23:26:38'),(1,1,'ifAdminStatus','Up','40','.1.3.6.1.2.1.2.2.1.7.40',1,'2020-03-19 23:26:38'),(1,1,'ifAdminStatus','Up','41','.1.3.6.1.2.1.2.2.1.7.41',1,'2020-03-19 23:26:38'),(1,1,'ifAdminStatus','Up','44','.1.3.6.1.2.1.2.2.1.7.44',1,'2020-03-19 23:26:38'),(1,1,'ifAdminStatus','Up','5','.1.3.6.1.2.1.2.2.1.7.5',1,'2020-03-19 23:26:38'),(1,1,'ifAdminStatus','Up','6','.1.3.6.1.2.1.2.2.1.7.6',1,'2020-03-19 23:26:38'),(1,1,'ifAdminStatus','Up','7','.1.3.6.1.2.1.2.2.1.7.7',1,'2020-03-19 23:26:38'),(1,1,'ifAdminStatus','Down','8','.1.3.6.1.2.1.2.2.1.7.8',1,'2020-03-19 23:26:38'),(1,1,'ifAlias','','1','.1.3.6.1.2.1.31.1.1.1.18.1',1,'2020-03-19 23:26:38'),(1,1,'ifAlias','### DC_Server ###','10','.1.3.6.1.2.1.31.1.1.1.18.10',1,'2020-03-19 23:26:38'),(1,1,'ifAlias','### loopback ###','12','.1.3.6.1.2.1.31.1.1.1.18.12',1,'2020-03-19 23:26:38'),(1,1,'ifAlias','','2','.1.3.6.1.2.1.31.1.1.1.18.2',1,'2020-03-19 23:26:38'),(1,1,'ifAlias','### DC_HyperVisor ###','20','.1.3.6.1.2.1.31.1.1.1.18.20',1,'2020-03-19 23:26:38'),(1,1,'ifAlias','### ESXi_management ###','3','.1.3.6.1.2.1.31.1.1.1.18.3',1,'2020-03-19 23:26:38'),(1,1,'ifAlias','### DC_NW_Management ###','37','.1.3.6.1.2.1.31.1.1.1.18.37',1,'2020-03-19 23:26:38'),(1,1,'ifAlias','### DC_3F_Management ###','39','.1.3.6.1.2.1.31.1.1.1.18.39',1,'2020-03-19 23:26:38'),(1,1,'ifAlias','### ESXi ###','4','.1.3.6.1.2.1.31.1.1.1.18.4',1,'2020-03-19 23:26:38'),(1,1,'ifAlias','### DC_3F_Wireless ###','40','.1.3.6.1.2.1.31.1.1.1.18.40',1,'2020-03-19 23:26:38'),(1,1,'ifAlias','### to FWdc01 routing interface ###','41','.1.3.6.1.2.1.31.1.1.1.18.41',1,'2020-03-19 23:26:38'),(1,1,'ifAlias','### DC_3F_Wired ###','44','.1.3.6.1.2.1.31.1.1.1.18.44',1,'2020-03-19 23:26:38'),(1,1,'ifAlias','### FWdc01.trust.PA200 ###','5','.1.3.6.1.2.1.31.1.1.1.18.5',1,'2020-03-19 23:26:38'),(1,1,'ifAlias','### L2dc-inside01 ###','6','.1.3.6.1.2.1.31.1.1.1.18.6',1,'2020-03-19 23:26:38'),(1,1,'ifAlias','','7','.1.3.6.1.2.1.31.1.1.1.18.7',1,'2020-03-19 23:26:38'),(1,1,'ifAlias','','8','.1.3.6.1.2.1.31.1.1.1.18.8',1,'2020-03-19 23:26:38'),(1,1,'ifDescr','GigabitEthernet0/4','1','.1.3.6.1.2.1.2.2.1.2.1',1,'2020-03-19 23:26:38'),(1,1,'ifDescr','Vlan10','10','.1.3.6.1.2.1.2.2.1.2.10',1,'2020-03-19 23:26:38'),(1,1,'ifDescr','Loopback0','12','.1.3.6.1.2.1.2.2.1.2.12',1,'2020-03-19 23:26:38'),(1,1,'ifDescr','GigabitEthernet0/5','2','.1.3.6.1.2.1.2.2.1.2.2',1,'2020-03-19 23:26:38'),(1,1,'ifDescr','Vlan110','20','.1.3.6.1.2.1.2.2.1.2.20',1,'2020-03-19 23:26:38'),(1,1,'ifDescr','GigabitEthernet0/0','3','.1.3.6.1.2.1.2.2.1.2.3',1,'2020-03-19 23:26:38'),(1,1,'ifDescr','Vlan254','37','.1.3.6.1.2.1.2.2.1.2.37',1,'2020-03-19 23:26:38'),(1,1,'ifDescr','Vlan230','39','.1.3.6.1.2.1.2.2.1.2.39',1,'2020-03-19 23:26:38'),(1,1,'ifDescr','GigabitEthernet0/1','4','.1.3.6.1.2.1.2.2.1.2.4',1,'2020-03-19 23:26:38'),(1,1,'ifDescr','Vlan239','40','.1.3.6.1.2.1.2.2.1.2.40',1,'2020-03-19 23:26:38'),(1,1,'ifDescr','Vlan252','41','.1.3.6.1.2.1.2.2.1.2.41',1,'2020-03-19 23:26:38'),(1,1,'ifDescr','Vlan232','44','.1.3.6.1.2.1.2.2.1.2.44',1,'2020-03-19 23:26:38'),(1,1,'ifDescr','GigabitEthernet0/2','5','.1.3.6.1.2.1.2.2.1.2.5',1,'2020-03-19 23:26:38'),(1,1,'ifDescr','GigabitEthernet0/3','6','.1.3.6.1.2.1.2.2.1.2.6',1,'2020-03-19 23:26:38'),(1,1,'ifDescr','Null0','7','.1.3.6.1.2.1.2.2.1.2.7',1,'2020-03-19 23:26:38'),(1,1,'ifDescr','Vlan1','8','.1.3.6.1.2.1.2.2.1.2.8',1,'2020-03-19 23:26:38'),(1,1,'ifHighSpeed','1000','1','.1.3.6.1.2.1.31.1.1.1.15.1',1,'2020-03-19 23:26:38'),(1,1,'ifHighSpeed','1000','10','.1.3.6.1.2.1.31.1.1.1.15.10',1,'2020-03-19 23:26:38'),(1,1,'ifHighSpeed','8000','12','.1.3.6.1.2.1.31.1.1.1.15.12',1,'2020-03-19 23:26:38'),(1,1,'ifHighSpeed','1000','2','.1.3.6.1.2.1.31.1.1.1.15.2',1,'2020-03-19 23:26:38'),(1,1,'ifHighSpeed','1000','20','.1.3.6.1.2.1.31.1.1.1.15.20',1,'2020-03-19 23:26:38'),(1,1,'ifHighSpeed','1000','3','.1.3.6.1.2.1.31.1.1.1.15.3',1,'2020-03-19 23:26:38'),(1,1,'ifHighSpeed','1000','37','.1.3.6.1.2.1.31.1.1.1.15.37',1,'2020-03-19 23:26:38'),(1,1,'ifHighSpeed','1000','39','.1.3.6.1.2.1.31.1.1.1.15.39',1,'2020-03-19 23:26:38'),(1,1,'ifHighSpeed','1000','4','.1.3.6.1.2.1.31.1.1.1.15.4',1,'2020-03-19 23:26:38'),(1,1,'ifHighSpeed','1000','40','.1.3.6.1.2.1.31.1.1.1.15.40',1,'2020-03-19 23:26:38'),(1,1,'ifHighSpeed','1000','41','.1.3.6.1.2.1.31.1.1.1.15.41',1,'2020-03-19 23:26:38'),(1,1,'ifHighSpeed','1000','44','.1.3.6.1.2.1.31.1.1.1.15.44',1,'2020-03-19 23:26:38'),(1,1,'ifHighSpeed','1000','5','.1.3.6.1.2.1.31.1.1.1.15.5',1,'2020-03-19 23:26:38'),(1,1,'ifHighSpeed','1000','6','.1.3.6.1.2.1.31.1.1.1.15.6',1,'2020-03-19 23:26:38'),(1,1,'ifHighSpeed','10000','7','.1.3.6.1.2.1.31.1.1.1.15.7',1,'2020-03-19 23:26:38'),(1,1,'ifHighSpeed','1000','8','.1.3.6.1.2.1.31.1.1.1.15.8',1,'2020-03-19 23:26:38'),(1,1,'ifHwAddr','cc:16:7e:54:e0:53','1','.1.3.6.1.2.1.2.2.1.6.1',1,'2020-03-19 23:26:38'),(1,1,'ifHwAddr','cc:16:7e:54:e0:40','10','.1.3.6.1.2.1.2.2.1.6.10',1,'2020-03-19 23:26:38'),(1,1,'ifHwAddr','','12','.1.3.6.1.2.1.2.2.1.6.12',1,'2020-03-19 23:26:38'),(1,1,'ifHwAddr','cc:16:7e:54:e0:52','2','.1.3.6.1.2.1.2.2.1.6.2',1,'2020-03-19 23:26:38'),(1,1,'ifHwAddr','cc:16:7e:54:e0:40','20','.1.3.6.1.2.1.2.2.1.6.20',1,'2020-03-19 23:26:38'),(1,1,'ifHwAddr','cc:16:7e:54:e0:40','3','.1.3.6.1.2.1.2.2.1.6.3',1,'2020-03-19 23:26:38'),(1,1,'ifHwAddr','cc:16:7e:54:e0:40','37','.1.3.6.1.2.1.2.2.1.6.37',1,'2020-03-19 23:26:38'),(1,1,'ifHwAddr','cc:16:7e:54:e0:40','39','.1.3.6.1.2.1.2.2.1.6.39',1,'2020-03-19 23:26:38'),(1,1,'ifHwAddr','cc:16:7e:54:e0:41','4','.1.3.6.1.2.1.2.2.1.6.4',1,'2020-03-19 23:26:38'),(1,1,'ifHwAddr','cc:16:7e:54:e0:40','40','.1.3.6.1.2.1.2.2.1.6.40',1,'2020-03-19 23:26:38'),(1,1,'ifHwAddr','cc:16:7e:54:e0:40','41','.1.3.6.1.2.1.2.2.1.6.41',1,'2020-03-19 23:26:38'),(1,1,'ifHwAddr','cc:16:7e:54:e0:40','44','.1.3.6.1.2.1.2.2.1.6.44',1,'2020-03-19 23:26:38'),(1,1,'ifHwAddr','cc:16:7e:54:e0:42','5','.1.3.6.1.2.1.2.2.1.6.5',1,'2020-03-19 23:26:38'),(1,1,'ifHwAddr','cc:16:7e:54:e0:43','6','.1.3.6.1.2.1.2.2.1.6.6',1,'2020-03-19 23:26:38'),(1,1,'ifHwAddr','','7','.1.3.6.1.2.1.2.2.1.6.7',1,'2020-03-19 23:26:38'),(1,1,'ifHwAddr','cc:16:7e:54:e0:40','8','.1.3.6.1.2.1.2.2.1.6.8',1,'2020-03-19 23:26:38'),(1,1,'ifIndex','1','1','.1.3.6.1.2.1.2.2.1.1.1',1,'2020-03-19 23:26:38'),(1,1,'ifIndex','10','10','.1.3.6.1.2.1.2.2.1.1.10',1,'2020-03-19 23:26:38'),(1,1,'ifIndex','12','12','.1.3.6.1.2.1.2.2.1.1.12',1,'2020-03-19 23:26:38'),(1,1,'ifIndex','2','2','.1.3.6.1.2.1.2.2.1.1.2',1,'2020-03-19 23:26:38'),(1,1,'ifIndex','20','20','.1.3.6.1.2.1.2.2.1.1.20',1,'2020-03-19 23:26:38'),(1,1,'ifIndex','3','3','.1.3.6.1.2.1.2.2.1.1.3',1,'2020-03-19 23:26:38'),(1,1,'ifIndex','37','37','.1.3.6.1.2.1.2.2.1.1.37',1,'2020-03-19 23:26:38'),(1,1,'ifIndex','39','39','.1.3.6.1.2.1.2.2.1.1.39',1,'2020-03-19 23:26:38'),(1,1,'ifIndex','4','4','.1.3.6.1.2.1.2.2.1.1.4',1,'2020-03-19 23:26:38'),(1,1,'ifIndex','40','40','.1.3.6.1.2.1.2.2.1.1.40',1,'2020-03-19 23:26:38'),(1,1,'ifIndex','41','41','.1.3.6.1.2.1.2.2.1.1.41',1,'2020-03-19 23:26:38'),(1,1,'ifIndex','44','44','.1.3.6.1.2.1.2.2.1.1.44',1,'2020-03-19 23:26:38'),(1,1,'ifIndex','5','5','.1.3.6.1.2.1.2.2.1.1.5',1,'2020-03-19 23:26:38'),(1,1,'ifIndex','6','6','.1.3.6.1.2.1.2.2.1.1.6',1,'2020-03-19 23:26:38'),(1,1,'ifIndex','7','7','.1.3.6.1.2.1.2.2.1.1.7',1,'2020-03-19 23:26:38'),(1,1,'ifIndex','8','8','.1.3.6.1.2.1.2.2.1.1.8',1,'2020-03-19 23:26:38'),(1,1,'ifIP','10.254.10.254','10','.1.3.6.1.2.1.4.20.1.2.10.254.10.254',1,'2020-03-19 23:26:38'),(1,1,'ifIP','10.254.0.1','12','.1.3.6.1.2.1.4.20.1.2.10.254.0.1',1,'2020-03-19 23:26:38'),(1,1,'ifIP','10.254.110.254','20','.1.3.6.1.2.1.4.20.1.2.10.254.110.254',1,'2020-03-19 23:26:38'),(1,1,'ifIP','10.254.254.254','37','.1.3.6.1.2.1.4.20.1.2.10.254.254.254',1,'2020-03-19 23:26:38'),(1,1,'ifIP','10.254.230.254','39','.1.3.6.1.2.1.4.20.1.2.10.254.230.254',1,'2020-03-19 23:26:38'),(1,1,'ifIP','10.254.239.254','40','.1.3.6.1.2.1.4.20.1.2.10.254.239.254',1,'2020-03-19 23:26:38'),(1,1,'ifIP','10.254.252.254','41','.1.3.6.1.2.1.4.20.1.2.10.254.252.254',1,'2020-03-19 23:26:38'),(1,1,'ifIP','10.254.232.254','44','.1.3.6.1.2.1.4.20.1.2.10.254.232.254',1,'2020-03-19 23:26:38'),(1,1,'ifName','Gi0/4','1','.1.3.6.1.2.1.31.1.1.1.1.1',1,'2020-03-19 23:26:38'),(1,1,'ifName','Vl10','10','.1.3.6.1.2.1.31.1.1.1.1.10',1,'2020-03-19 23:26:38'),(1,1,'ifName','Lo0','12','.1.3.6.1.2.1.31.1.1.1.1.12',1,'2020-03-19 23:26:38'),(1,1,'ifName','Gi0/5','2','.1.3.6.1.2.1.31.1.1.1.1.2',1,'2020-03-19 23:26:38'),(1,1,'ifName','Vl110','20','.1.3.6.1.2.1.31.1.1.1.1.20',1,'2020-03-19 23:26:38'),(1,1,'ifName','Gi0/0','3','.1.3.6.1.2.1.31.1.1.1.1.3',1,'2020-03-19 23:26:38'),(1,1,'ifName','Vl254','37','.1.3.6.1.2.1.31.1.1.1.1.37',1,'2020-03-19 23:26:38'),(1,1,'ifName','Vl230','39','.1.3.6.1.2.1.31.1.1.1.1.39',1,'2020-03-19 23:26:38'),(1,1,'ifName','Gi0/1','4','.1.3.6.1.2.1.31.1.1.1.1.4',1,'2020-03-19 23:26:38'),(1,1,'ifName','Vl239','40','.1.3.6.1.2.1.31.1.1.1.1.40',1,'2020-03-19 23:26:38'),(1,1,'ifName','Vl252','41','.1.3.6.1.2.1.31.1.1.1.1.41',1,'2020-03-19 23:26:38'),(1,1,'ifName','Vl232','44','.1.3.6.1.2.1.31.1.1.1.1.44',1,'2020-03-19 23:26:38'),(1,1,'ifName','Gi0/2','5','.1.3.6.1.2.1.31.1.1.1.1.5',1,'2020-03-19 23:26:38'),(1,1,'ifName','Gi0/3','6','.1.3.6.1.2.1.31.1.1.1.1.6',1,'2020-03-19 23:26:38'),(1,1,'ifName','Nu0','7','.1.3.6.1.2.1.31.1.1.1.1.7',1,'2020-03-19 23:26:38'),(1,1,'ifName','Vl1','8','.1.3.6.1.2.1.31.1.1.1.1.8',1,'2020-03-19 23:26:38'),(1,1,'ifOperStatus','Down','1','.1.3.6.1.2.1.2.2.1.8.1',1,'2020-03-19 23:26:38'),(1,1,'ifOperStatus','Up','10','.1.3.6.1.2.1.2.2.1.8.10',1,'2020-03-19 23:26:38'),(1,1,'ifOperStatus','Up','12','.1.3.6.1.2.1.2.2.1.8.12',1,'2020-03-19 23:26:38'),(1,1,'ifOperStatus','Down','2','.1.3.6.1.2.1.2.2.1.8.2',1,'2020-03-19 23:26:38'),(1,1,'ifOperStatus','Up','20','.1.3.6.1.2.1.2.2.1.8.20',1,'2020-03-19 23:26:38'),(1,1,'ifOperStatus','Up','3','.1.3.6.1.2.1.2.2.1.8.3',1,'2020-03-19 23:26:38'),(1,1,'ifOperStatus','Up','37','.1.3.6.1.2.1.2.2.1.8.37',1,'2020-03-19 23:26:38'),(1,1,'ifOperStatus','Down','39','.1.3.6.1.2.1.2.2.1.8.39',1,'2020-03-19 23:26:38'),(1,1,'ifOperStatus','Up','4','.1.3.6.1.2.1.2.2.1.8.4',1,'2020-03-19 23:26:38'),(1,1,'ifOperStatus','Down','40','.1.3.6.1.2.1.2.2.1.8.40',1,'2020-03-19 23:26:38'),(1,1,'ifOperStatus','Up','41','.1.3.6.1.2.1.2.2.1.8.41',1,'2020-03-19 23:26:38'),(1,1,'ifOperStatus','Down','44','.1.3.6.1.2.1.2.2.1.8.44',1,'2020-03-19 23:26:38'),(1,1,'ifOperStatus','Up','5','.1.3.6.1.2.1.2.2.1.8.5',1,'2020-03-19 23:26:38'),(1,1,'ifOperStatus','Up','6','.1.3.6.1.2.1.2.2.1.8.6',1,'2020-03-19 23:26:38'),(1,1,'ifOperStatus','Up','7','.1.3.6.1.2.1.2.2.1.8.7',1,'2020-03-19 23:26:38'),(1,1,'ifOperStatus','Down','8','.1.3.6.1.2.1.2.2.1.8.8',1,'2020-03-19 23:26:38'),(1,1,'ifSpeed','1000000000','1','.1.3.6.1.2.1.2.2.1.5.1',1,'2020-03-19 23:26:38'),(1,1,'ifSpeed','1000000000','10','.1.3.6.1.2.1.2.2.1.5.10',1,'2020-03-19 23:26:38'),(1,1,'ifSpeed','4294967295','12','.1.3.6.1.2.1.2.2.1.5.12',1,'2020-03-19 23:26:38'),(1,1,'ifSpeed','1000000000','2','.1.3.6.1.2.1.2.2.1.5.2',1,'2020-03-19 23:26:38'),(1,1,'ifSpeed','1000000000','20','.1.3.6.1.2.1.2.2.1.5.20',1,'2020-03-19 23:26:38'),(1,1,'ifSpeed','1000000000','3','.1.3.6.1.2.1.2.2.1.5.3',1,'2020-03-19 23:26:38'),(1,1,'ifSpeed','1000000000','37','.1.3.6.1.2.1.2.2.1.5.37',1,'2020-03-19 23:26:38'),(1,1,'ifSpeed','1000000000','39','.1.3.6.1.2.1.2.2.1.5.39',1,'2020-03-19 23:26:38'),(1,1,'ifSpeed','1000000000','4','.1.3.6.1.2.1.2.2.1.5.4',1,'2020-03-19 23:26:38'),(1,1,'ifSpeed','1000000000','40','.1.3.6.1.2.1.2.2.1.5.40',1,'2020-03-19 23:26:38'),(1,1,'ifSpeed','1000000000','41','.1.3.6.1.2.1.2.2.1.5.41',1,'2020-03-19 23:26:38'),(1,1,'ifSpeed','1000000000','44','.1.3.6.1.2.1.2.2.1.5.44',1,'2020-03-19 23:26:38'),(1,1,'ifSpeed','1000000000','5','.1.3.6.1.2.1.2.2.1.5.5',1,'2020-03-19 23:26:38'),(1,1,'ifSpeed','1000000000','6','.1.3.6.1.2.1.2.2.1.5.6',1,'2020-03-19 23:26:38'),(1,1,'ifSpeed','4294967295','7','.1.3.6.1.2.1.2.2.1.5.7',1,'2020-03-19 23:26:38'),(1,1,'ifSpeed','1000000000','8','.1.3.6.1.2.1.2.2.1.5.8',1,'2020-03-19 23:26:38'),(1,1,'ifType','ethernetCsmacd','1','.1.3.6.1.2.1.2.2.1.3.1',1,'2020-03-19 23:26:38'),(1,1,'ifType','propVirtual','10','.1.3.6.1.2.1.2.2.1.3.10',1,'2020-03-19 23:26:38'),(1,1,'ifType','softwareLoopback','12','.1.3.6.1.2.1.2.2.1.3.12',1,'2020-03-19 23:26:38'),(1,1,'ifType','ethernetCsmacd','2','.1.3.6.1.2.1.2.2.1.3.2',1,'2020-03-19 23:26:38'),(1,1,'ifType','propVirtual','20','.1.3.6.1.2.1.2.2.1.3.20',1,'2020-03-19 23:26:38'),(1,1,'ifType','ethernetCsmacd','3','.1.3.6.1.2.1.2.2.1.3.3',1,'2020-03-19 23:26:38'),(1,1,'ifType','propVirtual','37','.1.3.6.1.2.1.2.2.1.3.37',1,'2020-03-19 23:26:38'),(1,1,'ifType','propVirtual','39','.1.3.6.1.2.1.2.2.1.3.39',1,'2020-03-19 23:26:38'),(1,1,'ifType','ethernetCsmacd','4','.1.3.6.1.2.1.2.2.1.3.4',1,'2020-03-19 23:26:38'),(1,1,'ifType','propVirtual','40','.1.3.6.1.2.1.2.2.1.3.40',1,'2020-03-19 23:26:38'),(1,1,'ifType','propVirtual','41','.1.3.6.1.2.1.2.2.1.3.41',1,'2020-03-19 23:26:38'),(1,1,'ifType','propVirtual','44','.1.3.6.1.2.1.2.2.1.3.44',1,'2020-03-19 23:26:38'),(1,1,'ifType','ethernetCsmacd','5','.1.3.6.1.2.1.2.2.1.3.5',1,'2020-03-19 23:26:38'),(1,1,'ifType','ethernetCsmacd','6','.1.3.6.1.2.1.2.2.1.3.6',1,'2020-03-19 23:26:38'),(1,1,'ifType','other','7','.1.3.6.1.2.1.2.2.1.3.7',1,'2020-03-19 23:26:38'),(1,1,'ifType','propVirtual','8','.1.3.6.1.2.1.2.2.1.3.8',1,'2020-03-19 23:26:38'),(3,1,'ifAdminStatus','Up','1','.1.3.6.1.2.1.2.2.1.7.1',1,'2020-03-21 06:40:31'),(3,1,'ifAdminStatus','Up','2','.1.3.6.1.2.1.2.2.1.7.2',1,'2020-03-21 06:40:31'),(3,1,'ifAlias','','1','.1.3.6.1.2.1.31.1.1.1.18.1',1,'2020-03-21 06:40:31'),(3,1,'ifAlias','','2','.1.3.6.1.2.1.31.1.1.1.18.2',1,'2020-03-21 06:40:31'),(3,1,'ifDescr','lo','1','.1.3.6.1.2.1.2.2.1.2.1',1,'2020-03-21 06:40:31'),(3,1,'ifDescr','ens192','2','.1.3.6.1.2.1.2.2.1.2.2',1,'2020-03-21 06:40:31'),(3,1,'ifHighSpeed','10','1','.1.3.6.1.2.1.31.1.1.1.15.1',1,'2020-03-21 06:40:31'),(3,1,'ifHighSpeed','10000','2','.1.3.6.1.2.1.31.1.1.1.15.2',1,'2020-03-21 06:40:31'),(3,1,'ifHwAddr','','1','.1.3.6.1.2.1.2.2.1.6.1',1,'2020-03-21 06:40:31'),(3,1,'ifHwAddr','0:c:29:c1:80:cf','2','.1.3.6.1.2.1.2.2.1.6.2',1,'2020-03-21 06:40:31'),(3,1,'ifIndex','1','1','.1.3.6.1.2.1.2.2.1.1.1',1,'2020-03-21 06:40:31'),(3,1,'ifIndex','2','2','.1.3.6.1.2.1.2.2.1.1.2',1,'2020-03-21 06:40:31'),(3,1,'ifIP','127.0.0.1','1','.1.3.6.1.2.1.4.20.1.2.127.0.0.1',1,'2020-03-21 06:40:31'),(3,1,'ifIP','10.254.10.105','2','.1.3.6.1.2.1.4.20.1.2.10.254.10.105',1,'2020-03-21 06:40:31'),(3,1,'ifName','lo','1','.1.3.6.1.2.1.31.1.1.1.1.1',1,'2020-03-21 06:40:31'),(3,1,'ifName','ens192','2','.1.3.6.1.2.1.31.1.1.1.1.2',1,'2020-03-21 06:40:31'),(3,1,'ifOperStatus','Up','1','.1.3.6.1.2.1.2.2.1.8.1',1,'2020-03-21 06:40:31'),(3,1,'ifOperStatus','Up','2','.1.3.6.1.2.1.2.2.1.8.2',1,'2020-03-21 06:40:31'),(3,1,'ifSpeed','10000000','1','.1.3.6.1.2.1.2.2.1.5.1',1,'2020-03-21 06:40:31'),(3,1,'ifSpeed','4294967295','2','.1.3.6.1.2.1.2.2.1.5.2',1,'2020-03-21 06:40:31'),(3,1,'ifType','softwareLoopback','1','.1.3.6.1.2.1.2.2.1.3.1',1,'2020-03-21 06:40:31'),(3,1,'ifType','ethernetCsmacd','2','.1.3.6.1.2.1.2.2.1.3.2',1,'2020-03-21 06:40:31'),(3,2,'hrStorageAllocationUnits','1024','1','',1,'2020-03-21 06:40:32'),(3,2,'hrStorageAllocationUnits','1024','10','',1,'2020-03-21 06:40:32'),(3,2,'hrStorageAllocationUnits','1024','3','',1,'2020-03-21 06:40:32'),(3,2,'hrStorageAllocationUnits','4096','31','',1,'2020-03-21 06:40:32'),(3,2,'hrStorageAllocationUnits','4096','36','',1,'2020-03-21 06:40:32'),(3,2,'hrStorageAllocationUnits','4096','38','',1,'2020-03-21 06:40:32'),(3,2,'hrStorageAllocationUnits','4096','39','',1,'2020-03-21 06:40:32'),(3,2,'hrStorageAllocationUnits','4096','57','',1,'2020-03-21 06:40:32'),(3,2,'hrStorageAllocationUnits','4096','58','',1,'2020-03-21 06:40:32'),(3,2,'hrStorageAllocationUnits','1024','6','',1,'2020-03-21 06:40:32'),(3,2,'hrStorageAllocationUnits','1024','7','',1,'2020-03-21 06:40:32'),(3,2,'hrStorageAllocationUnits','1024','8','',1,'2020-03-21 06:40:32'),(3,2,'hrStorageDescr','Physical memory','1','',1,'2020-03-21 06:40:32'),(3,2,'hrStorageDescr','Swap space','10','',1,'2020-03-21 06:40:32'),(3,2,'hrStorageDescr','Virtual memory','3','',1,'2020-03-21 06:40:32'),(3,2,'hrStorageDescr','/','31','',1,'2020-03-21 06:40:32'),(3,2,'hrStorageDescr','/dev/shm','36','',1,'2020-03-21 06:40:32'),(3,2,'hrStorageDescr','/run','38','',1,'2020-03-21 06:40:32'),(3,2,'hrStorageDescr','/sys/fs/cgroup','39','',1,'2020-03-21 06:40:32'),(3,2,'hrStorageDescr','/boot','57','',1,'2020-03-21 06:40:32'),(3,2,'hrStorageDescr','/run/user/48','58','',1,'2020-03-21 06:40:32'),(3,2,'hrStorageDescr','Memory buffers','6','',1,'2020-03-21 06:40:32'),(3,2,'hrStorageDescr','Cached memory','7','',1,'2020-03-21 06:40:32'),(3,2,'hrStorageDescr','Shared memory','8','',1,'2020-03-21 06:40:32'),(3,2,'hrStorageIndex','1','1','',1,'2020-03-21 06:40:32'),(3,2,'hrStorageIndex','10','10','',1,'2020-03-21 06:40:32'),(3,2,'hrStorageIndex','3','3','',1,'2020-03-21 06:40:32'),(3,2,'hrStorageIndex','31','31','',1,'2020-03-21 06:40:32'),(3,2,'hrStorageIndex','36','36','',1,'2020-03-21 06:40:32'),(3,2,'hrStorageIndex','38','38','',1,'2020-03-21 06:40:32'),(3,2,'hrStorageIndex','39','39','',1,'2020-03-21 06:40:32'),(3,2,'hrStorageIndex','57','57','',1,'2020-03-21 06:40:32'),(3,2,'hrStorageIndex','58','58','',1,'2020-03-21 06:40:32'),(3,2,'hrStorageIndex','6','6','',1,'2020-03-21 06:40:32'),(3,2,'hrStorageIndex','7','7','',1,'2020-03-21 06:40:32'),(3,2,'hrStorageIndex','8','8','',1,'2020-03-21 06:40:32'),(3,3,'hrProcessorFrwID','0','0','',1,'2020-03-21 06:40:33'),(3,3,'hrProcessorFrwID','Total','4000','',1,'2020-03-21 06:40:33'),(4,1,'ifAdminStatus','Up','1','.1.3.6.1.2.1.2.2.1.7.1',1,'2020-02-29 02:07:45'),(4,1,'ifAdminStatus','Up','11','.1.3.6.1.2.1.2.2.1.7.11',1,'2020-02-29 02:07:45'),(4,1,'ifAdminStatus','Up','2','.1.3.6.1.2.1.2.2.1.7.2',1,'2020-02-29 02:07:45'),(4,1,'ifAdminStatus','Up','28','.1.3.6.1.2.1.2.2.1.7.28',1,'2020-02-29 02:07:45'),(4,1,'ifAdminStatus','Up','29','.1.3.6.1.2.1.2.2.1.7.29',1,'2020-02-29 02:07:45'),(4,1,'ifAdminStatus','Up','3','.1.3.6.1.2.1.2.2.1.7.3',1,'2020-02-29 02:07:45'),(4,1,'ifAdminStatus','Up','37','.1.3.6.1.2.1.2.2.1.7.37',1,'2020-02-29 02:07:45'),(4,1,'ifAdminStatus','Up','38','.1.3.6.1.2.1.2.2.1.7.38',1,'2020-02-29 02:07:45'),(4,1,'ifAdminStatus','Up','39','.1.3.6.1.2.1.2.2.1.7.39',1,'2020-02-29 02:07:45'),(4,1,'ifAdminStatus','Down','4','.1.3.6.1.2.1.2.2.1.7.4',1,'2020-02-29 02:07:45'),(4,1,'ifAdminStatus','Up','40','.1.3.6.1.2.1.2.2.1.7.40',1,'2020-02-29 02:07:45'),(4,1,'ifAdminStatus','Up','41','.1.3.6.1.2.1.2.2.1.7.41',1,'2020-02-29 02:07:45'),(4,1,'ifAdminStatus','Up','43','.1.3.6.1.2.1.2.2.1.7.43',1,'2020-02-29 02:07:45'),(4,1,'ifAdminStatus','Up','44','.1.3.6.1.2.1.2.2.1.7.44',1,'2020-02-29 02:07:45'),(4,1,'ifAdminStatus','Up','48','.1.3.6.1.2.1.2.2.1.7.48',1,'2020-02-29 02:07:45'),(4,1,'ifAdminStatus','Down','5','.1.3.6.1.2.1.2.2.1.7.5',1,'2020-02-29 02:07:45'),(4,1,'ifAdminStatus','Up','6','.1.3.6.1.2.1.2.2.1.7.6',1,'2020-02-29 02:07:45'),(4,1,'ifAdminStatus','Up','7','.1.3.6.1.2.1.2.2.1.7.7',1,'2020-02-29 02:07:45'),(4,1,'ifAdminStatus','Down','8','.1.3.6.1.2.1.2.2.1.7.8',1,'2020-02-29 02:07:45'),(4,1,'ifAdminStatus','Up','9','.1.3.6.1.2.1.2.2.1.7.9',1,'2020-02-29 02:07:45'),(4,1,'ifAlias','','1','.1.3.6.1.2.1.31.1.1.1.18.1',1,'2020-02-29 02:07:45'),(4,1,'ifAlias','','11','.1.3.6.1.2.1.31.1.1.1.18.11',1,'2020-02-29 02:07:45'),(4,1,'ifAlias','','2','.1.3.6.1.2.1.31.1.1.1.18.2',1,'2020-02-29 02:07:45'),(4,1,'ifAlias','### to DC VPN ###','28','.1.3.6.1.2.1.31.1.1.1.18.28',1,'2020-02-29 02:07:45'),(4,1,'ifAlias','### HQ_1F_WiredDevice ###','29','.1.3.6.1.2.1.31.1.1.1.18.29',1,'2020-02-29 02:07:45'),(4,1,'ifAlias','### L2hq01-01Fp01 ###','3','.1.3.6.1.2.1.31.1.1.1.18.3',1,'2020-02-29 02:07:45'),(4,1,'ifAlias','### HQ_Local_Server ###','37','.1.3.6.1.2.1.31.1.1.1.18.37',1,'2020-02-29 02:07:45'),(4,1,'ifAlias','### HQ_1F_Management ###','38','.1.3.6.1.2.1.31.1.1.1.18.38',1,'2020-02-29 02:07:45'),(4,1,'ifAlias','### HQ_1F_WirelessDevice ###','39','.1.3.6.1.2.1.31.1.1.1.18.39',1,'2020-02-29 02:07:45'),(4,1,'ifAlias','','4','.1.3.6.1.2.1.31.1.1.1.18.4',1,'2020-02-29 02:07:45'),(4,1,'ifAlias','### HQ_2F_Management ###','40','.1.3.6.1.2.1.31.1.1.1.18.40',1,'2020-02-29 02:07:45'),(4,1,'ifAlias','### HQ_2F_WiredDevice ###','41','.1.3.6.1.2.1.31.1.1.1.18.41',1,'2020-02-29 02:07:45'),(4,1,'ifAlias','### HQ_2F_WirelessDevice ###','43','.1.3.6.1.2.1.31.1.1.1.18.43',1,'2020-02-29 02:07:45'),(4,1,'ifAlias','### HQ_Network_Management ###','44','.1.3.6.1.2.1.31.1.1.1.18.44',1,'2020-02-29 02:07:45'),(4,1,'ifAlias','','48','.1.3.6.1.2.1.31.1.1.1.18.48',1,'2020-02-29 02:07:45'),(4,1,'ifAlias','','5','.1.3.6.1.2.1.31.1.1.1.18.5',1,'2020-02-29 02:07:45'),(4,1,'ifAlias','### CHECK PORT ###','6','.1.3.6.1.2.1.31.1.1.1.18.6',1,'2020-02-29 02:07:45'),(4,1,'ifAlias','','7','.1.3.6.1.2.1.31.1.1.1.18.7',1,'2020-02-29 02:07:45'),(4,1,'ifAlias','','8','.1.3.6.1.2.1.31.1.1.1.18.8',1,'2020-02-29 02:07:45'),(4,1,'ifAlias','','9','.1.3.6.1.2.1.31.1.1.1.18.9',1,'2020-02-29 02:07:45'),(4,1,'ifDescr','GigabitEthernet0/4','1','.1.3.6.1.2.1.2.2.1.2.1',1,'2020-02-29 02:07:45'),(4,1,'ifDescr','NVI0','11','.1.3.6.1.2.1.2.2.1.2.11',1,'2020-02-29 02:07:45'),(4,1,'ifDescr','GigabitEthernet0/5','2','.1.3.6.1.2.1.2.2.1.2.2',1,'2020-02-29 02:07:45'),(4,1,'ifDescr','Tunnel200','28','.1.3.6.1.2.1.2.2.1.2.28',1,'2020-02-29 02:07:45'),(4,1,'ifDescr','Vlan2012','29','.1.3.6.1.2.1.2.2.1.2.29',1,'2020-02-29 02:07:45'),(4,1,'ifDescr','GigabitEthernet0/0','3','.1.3.6.1.2.1.2.2.1.2.3',1,'2020-02-29 02:07:45'),(4,1,'ifDescr','Vlan2001','37','.1.3.6.1.2.1.2.2.1.2.37',1,'2020-02-29 02:07:45'),(4,1,'ifDescr','Vlan2010','38','.1.3.6.1.2.1.2.2.1.2.38',1,'2020-02-29 02:07:45'),(4,1,'ifDescr','Vlan2019','39','.1.3.6.1.2.1.2.2.1.2.39',1,'2020-02-29 02:07:45'),(4,1,'ifDescr','GigabitEthernet0/1','4','.1.3.6.1.2.1.2.2.1.2.4',1,'2020-02-29 02:07:45'),(4,1,'ifDescr','Vlan2020','40','.1.3.6.1.2.1.2.2.1.2.40',1,'2020-02-29 02:07:45'),(4,1,'ifDescr','Vlan2022','41','.1.3.6.1.2.1.2.2.1.2.41',1,'2020-02-29 02:07:45'),(4,1,'ifDescr','Vlan2029','43','.1.3.6.1.2.1.2.2.1.2.43',1,'2020-02-29 02:07:45'),(4,1,'ifDescr','Vlan2254','44','.1.3.6.1.2.1.2.2.1.2.44',1,'2020-02-29 02:07:45'),(4,1,'ifDescr','Vlan999','48','.1.3.6.1.2.1.2.2.1.2.48',1,'2020-02-29 02:07:45'),(4,1,'ifDescr','GigabitEthernet0/2','5','.1.3.6.1.2.1.2.2.1.2.5',1,'2020-02-29 02:07:45'),(4,1,'ifDescr','GigabitEthernet0/3','6','.1.3.6.1.2.1.2.2.1.2.6',1,'2020-02-29 02:07:45'),(4,1,'ifDescr','Null0','7','.1.3.6.1.2.1.2.2.1.2.7',1,'2020-02-29 02:07:45'),(4,1,'ifDescr','Vlan1','8','.1.3.6.1.2.1.2.2.1.2.8',1,'2020-02-29 02:07:45'),(4,1,'ifDescr','Loopback0','9','.1.3.6.1.2.1.2.2.1.2.9',1,'2020-02-29 02:07:45'),(4,1,'ifHighSpeed','1000','1','.1.3.6.1.2.1.31.1.1.1.15.1',1,'2020-02-29 02:07:45'),(4,1,'ifHighSpeed','0','11','.1.3.6.1.2.1.31.1.1.1.15.11',1,'2020-02-29 02:07:45'),(4,1,'ifHighSpeed','1000','2','.1.3.6.1.2.1.31.1.1.1.15.2',1,'2020-02-29 02:07:45'),(4,1,'ifHighSpeed','0','28','.1.3.6.1.2.1.31.1.1.1.15.28',1,'2020-02-29 02:07:45'),(4,1,'ifHighSpeed','1000','29','.1.3.6.1.2.1.31.1.1.1.15.29',1,'2020-02-29 02:07:45'),(4,1,'ifHighSpeed','1000','3','.1.3.6.1.2.1.31.1.1.1.15.3',1,'2020-02-29 02:07:45'),(4,1,'ifHighSpeed','1000','37','.1.3.6.1.2.1.31.1.1.1.15.37',1,'2020-02-29 02:07:45'),(4,1,'ifHighSpeed','1000','38','.1.3.6.1.2.1.31.1.1.1.15.38',1,'2020-02-29 02:07:45'),(4,1,'ifHighSpeed','1000','39','.1.3.6.1.2.1.31.1.1.1.15.39',1,'2020-02-29 02:07:45'),(4,1,'ifHighSpeed','1000','4','.1.3.6.1.2.1.31.1.1.1.15.4',1,'2020-02-29 02:07:45'),(4,1,'ifHighSpeed','1000','40','.1.3.6.1.2.1.31.1.1.1.15.40',1,'2020-02-29 02:07:45'),(4,1,'ifHighSpeed','1000','41','.1.3.6.1.2.1.31.1.1.1.15.41',1,'2020-02-29 02:07:45'),(4,1,'ifHighSpeed','1000','43','.1.3.6.1.2.1.31.1.1.1.15.43',1,'2020-02-29 02:07:45'),(4,1,'ifHighSpeed','1000','44','.1.3.6.1.2.1.31.1.1.1.15.44',1,'2020-02-29 02:07:45'),(4,1,'ifHighSpeed','1000','48','.1.3.6.1.2.1.31.1.1.1.15.48',1,'2020-02-29 02:07:45'),(4,1,'ifHighSpeed','1000','5','.1.3.6.1.2.1.31.1.1.1.15.5',1,'2020-02-29 02:07:45'),(4,1,'ifHighSpeed','1000','6','.1.3.6.1.2.1.31.1.1.1.15.6',1,'2020-02-29 02:07:45'),(4,1,'ifHighSpeed','10000','7','.1.3.6.1.2.1.31.1.1.1.15.7',1,'2020-02-29 02:07:45'),(4,1,'ifHighSpeed','1000','8','.1.3.6.1.2.1.31.1.1.1.15.8',1,'2020-02-29 02:07:45'),(4,1,'ifHighSpeed','8000','9','.1.3.6.1.2.1.31.1.1.1.15.9',1,'2020-02-29 02:07:45'),(4,1,'ifHwAddr','70:db:98:e8:75:33','1','.1.3.6.1.2.1.2.2.1.6.1',1,'2020-02-29 02:07:45'),(4,1,'ifHwAddr','','11','.1.3.6.1.2.1.2.2.1.6.11',1,'2020-02-29 02:07:45'),(4,1,'ifHwAddr','70:db:98:e8:75:32','2','.1.3.6.1.2.1.2.2.1.6.2',1,'2020-02-29 02:07:45'),(4,1,'ifHwAddr','','28','.1.3.6.1.2.1.2.2.1.6.28',1,'2020-02-29 02:07:45'),(4,1,'ifHwAddr','70:db:98:e8:75:20','29','.1.3.6.1.2.1.2.2.1.6.29',1,'2020-02-29 02:07:45'),(4,1,'ifHwAddr','70:db:98:e8:75:20','3','.1.3.6.1.2.1.2.2.1.6.3',1,'2020-02-29 02:07:45'),(4,1,'ifHwAddr','70:db:98:e8:75:20','37','.1.3.6.1.2.1.2.2.1.6.37',1,'2020-02-29 02:07:45'),(4,1,'ifHwAddr','70:db:98:e8:75:20','38','.1.3.6.1.2.1.2.2.1.6.38',1,'2020-02-29 02:07:45'),(4,1,'ifHwAddr','70:db:98:e8:75:20','39','.1.3.6.1.2.1.2.2.1.6.39',1,'2020-02-29 02:07:45'),(4,1,'ifHwAddr','70:db:98:e8:75:21','4','.1.3.6.1.2.1.2.2.1.6.4',1,'2020-02-29 02:07:45'),(4,1,'ifHwAddr','70:db:98:e8:75:20','40','.1.3.6.1.2.1.2.2.1.6.40',1,'2020-02-29 02:07:45'),(4,1,'ifHwAddr','70:db:98:e8:75:20','41','.1.3.6.1.2.1.2.2.1.6.41',1,'2020-02-29 02:07:45'),(4,1,'ifHwAddr','70:db:98:e8:75:20','43','.1.3.6.1.2.1.2.2.1.6.43',1,'2020-02-29 02:07:45'),(4,1,'ifHwAddr','70:db:98:e8:75:20','44','.1.3.6.1.2.1.2.2.1.6.44',1,'2020-02-29 02:07:45'),(4,1,'ifHwAddr','70:db:98:e8:75:20','48','.1.3.6.1.2.1.2.2.1.6.48',1,'2020-02-29 02:07:45'),(4,1,'ifHwAddr','70:db:98:e8:75:22','5','.1.3.6.1.2.1.2.2.1.6.5',1,'2020-02-29 02:07:45'),(4,1,'ifHwAddr','70:db:98:e8:75:23','6','.1.3.6.1.2.1.2.2.1.6.6',1,'2020-02-29 02:07:45'),(4,1,'ifHwAddr','','7','.1.3.6.1.2.1.2.2.1.6.7',1,'2020-02-29 02:07:45'),(4,1,'ifHwAddr','70:db:98:e8:75:20','8','.1.3.6.1.2.1.2.2.1.6.8',1,'2020-02-29 02:07:45'),(4,1,'ifHwAddr','','9','.1.3.6.1.2.1.2.2.1.6.9',1,'2020-02-29 02:07:45'),(4,1,'ifIndex','1','1','.1.3.6.1.2.1.2.2.1.1.1',1,'2020-02-29 02:07:45'),(4,1,'ifIndex','11','11','.1.3.6.1.2.1.2.2.1.1.11',1,'2020-02-29 02:07:45'),(4,1,'ifIndex','2','2','.1.3.6.1.2.1.2.2.1.1.2',1,'2020-02-29 02:07:45'),(4,1,'ifIndex','28','28','.1.3.6.1.2.1.2.2.1.1.28',1,'2020-02-29 02:07:45'),(4,1,'ifIndex','29','29','.1.3.6.1.2.1.2.2.1.1.29',1,'2020-02-29 02:07:45'),(4,1,'ifIndex','3','3','.1.3.6.1.2.1.2.2.1.1.3',1,'2020-02-29 02:07:45'),(4,1,'ifIndex','37','37','.1.3.6.1.2.1.2.2.1.1.37',1,'2020-02-29 02:07:45'),(4,1,'ifIndex','38','38','.1.3.6.1.2.1.2.2.1.1.38',1,'2020-02-29 02:07:45'),(4,1,'ifIndex','39','39','.1.3.6.1.2.1.2.2.1.1.39',1,'2020-02-29 02:07:45'),(4,1,'ifIndex','4','4','.1.3.6.1.2.1.2.2.1.1.4',1,'2020-02-29 02:07:45'),(4,1,'ifIndex','40','40','.1.3.6.1.2.1.2.2.1.1.40',1,'2020-02-29 02:07:45'),(4,1,'ifIndex','41','41','.1.3.6.1.2.1.2.2.1.1.41',1,'2020-02-29 02:07:45'),(4,1,'ifIndex','43','43','.1.3.6.1.2.1.2.2.1.1.43',1,'2020-02-29 02:07:45'),(4,1,'ifIndex','44','44','.1.3.6.1.2.1.2.2.1.1.44',1,'2020-02-29 02:07:45'),(4,1,'ifIndex','48','48','.1.3.6.1.2.1.2.2.1.1.48',1,'2020-02-29 02:07:45'),(4,1,'ifIndex','5','5','.1.3.6.1.2.1.2.2.1.1.5',1,'2020-02-29 02:07:45'),(4,1,'ifIndex','6','6','.1.3.6.1.2.1.2.2.1.1.6',1,'2020-02-29 02:07:45'),(4,1,'ifIndex','7','7','.1.3.6.1.2.1.2.2.1.1.7',1,'2020-02-29 02:07:45'),(4,1,'ifIndex','8','8','.1.3.6.1.2.1.2.2.1.1.8',1,'2020-02-29 02:07:45'),(4,1,'ifIndex','9','9','.1.3.6.1.2.1.2.2.1.1.9',1,'2020-02-29 02:07:45'),(4,1,'ifIP','10.1.12.1','29','.1.3.6.1.2.1.4.20.1.2.10.1.12.1',1,'2020-02-29 02:07:45'),(4,1,'ifIP','10.1.1.1','37','.1.3.6.1.2.1.4.20.1.2.10.1.1.1',1,'2020-02-29 02:07:45'),(4,1,'ifIP','10.1.10.1','38','.1.3.6.1.2.1.4.20.1.2.10.1.10.1',1,'2020-02-29 02:07:45'),(4,1,'ifIP','10.1.19.1','39','.1.3.6.1.2.1.4.20.1.2.10.1.19.1',1,'2020-02-29 02:07:45'),(4,1,'ifIP','10.1.20.1','40','.1.3.6.1.2.1.4.20.1.2.10.1.20.1',1,'2020-02-29 02:07:45'),(4,1,'ifIP','10.1.22.1','41','.1.3.6.1.2.1.4.20.1.2.10.1.22.1',1,'2020-02-29 02:07:45'),(4,1,'ifIP','10.1.29.1','43','.1.3.6.1.2.1.4.20.1.2.10.1.29.1',1,'2020-02-29 02:07:45'),(4,1,'ifIP','10.1.254.254','44','.1.3.6.1.2.1.4.20.1.2.10.1.254.254',1,'2020-02-29 02:07:45'),(4,1,'ifIP','10.13.138.35','48','.1.3.6.1.2.1.4.20.1.2.10.13.138.35',1,'2020-02-29 02:07:45'),(4,1,'ifIP','10.1.0.1','9','.1.3.6.1.2.1.4.20.1.2.10.1.0.1',1,'2020-02-29 02:07:45'),(4,1,'ifName','Gi0/4','1','.1.3.6.1.2.1.31.1.1.1.1.1',1,'2020-02-29 02:07:45'),(4,1,'ifName','NV0','11','.1.3.6.1.2.1.31.1.1.1.1.11',1,'2020-02-29 02:07:45'),(4,1,'ifName','Gi0/5','2','.1.3.6.1.2.1.31.1.1.1.1.2',1,'2020-02-29 02:07:45'),(4,1,'ifName','Tu200','28','.1.3.6.1.2.1.31.1.1.1.1.28',1,'2020-02-29 02:07:45'),(4,1,'ifName','Vl2012','29','.1.3.6.1.2.1.31.1.1.1.1.29',1,'2020-02-29 02:07:45'),(4,1,'ifName','Gi0/0','3','.1.3.6.1.2.1.31.1.1.1.1.3',1,'2020-02-29 02:07:45'),(4,1,'ifName','Vl2001','37','.1.3.6.1.2.1.31.1.1.1.1.37',1,'2020-02-29 02:07:45'),(4,1,'ifName','Vl2010','38','.1.3.6.1.2.1.31.1.1.1.1.38',1,'2020-02-29 02:07:45'),(4,1,'ifName','Vl2019','39','.1.3.6.1.2.1.31.1.1.1.1.39',1,'2020-02-29 02:07:45'),(4,1,'ifName','Gi0/1','4','.1.3.6.1.2.1.31.1.1.1.1.4',1,'2020-02-29 02:07:45'),(4,1,'ifName','Vl2020','40','.1.3.6.1.2.1.31.1.1.1.1.40',1,'2020-02-29 02:07:45'),(4,1,'ifName','Vl2022','41','.1.3.6.1.2.1.31.1.1.1.1.41',1,'2020-02-29 02:07:45'),(4,1,'ifName','Vl2029','43','.1.3.6.1.2.1.31.1.1.1.1.43',1,'2020-02-29 02:07:45'),(4,1,'ifName','Vl2254','44','.1.3.6.1.2.1.31.1.1.1.1.44',1,'2020-02-29 02:07:45'),(4,1,'ifName','Vl999','48','.1.3.6.1.2.1.31.1.1.1.1.48',1,'2020-02-29 02:07:45'),(4,1,'ifName','Gi0/2','5','.1.3.6.1.2.1.31.1.1.1.1.5',1,'2020-02-29 02:07:45'),(4,1,'ifName','Gi0/3','6','.1.3.6.1.2.1.31.1.1.1.1.6',1,'2020-02-29 02:07:45'),(4,1,'ifName','Nu0','7','.1.3.6.1.2.1.31.1.1.1.1.7',1,'2020-02-29 02:07:45'),(4,1,'ifName','Vl1','8','.1.3.6.1.2.1.31.1.1.1.1.8',1,'2020-02-29 02:07:45'),(4,1,'ifName','Lo0','9','.1.3.6.1.2.1.31.1.1.1.1.9',1,'2020-02-29 02:07:45'),(4,1,'ifOperStatus','Down','1','.1.3.6.1.2.1.2.2.1.8.1',1,'2020-02-29 02:07:45'),(4,1,'ifOperStatus','Up','11','.1.3.6.1.2.1.2.2.1.8.11',1,'2020-02-29 02:07:45'),(4,1,'ifOperStatus','Down','2','.1.3.6.1.2.1.2.2.1.8.2',1,'2020-02-29 02:07:45'),(4,1,'ifOperStatus','Up','28','.1.3.6.1.2.1.2.2.1.8.28',1,'2020-02-29 02:07:45'),(4,1,'ifOperStatus','Down','29','.1.3.6.1.2.1.2.2.1.8.29',1,'2020-02-29 02:07:45'),(4,1,'ifOperStatus','Up','3','.1.3.6.1.2.1.2.2.1.8.3',1,'2020-02-29 02:07:45'),(4,1,'ifOperStatus','Down','37','.1.3.6.1.2.1.2.2.1.8.37',1,'2020-02-29 02:07:45'),(4,1,'ifOperStatus','Up','38','.1.3.6.1.2.1.2.2.1.8.38',1,'2020-02-29 02:07:45'),(4,1,'ifOperStatus','Up','39','.1.3.6.1.2.1.2.2.1.8.39',1,'2020-02-29 02:07:45'),(4,1,'ifOperStatus','Down','4','.1.3.6.1.2.1.2.2.1.8.4',1,'2020-02-29 02:07:45'),(4,1,'ifOperStatus','Up','40','.1.3.6.1.2.1.2.2.1.8.40',1,'2020-02-29 02:07:45'),(4,1,'ifOperStatus','Down','41','.1.3.6.1.2.1.2.2.1.8.41',1,'2020-02-29 02:07:45'),(4,1,'ifOperStatus','Up','43','.1.3.6.1.2.1.2.2.1.8.43',1,'2020-02-29 02:07:45'),(4,1,'ifOperStatus','Up','44','.1.3.6.1.2.1.2.2.1.8.44',1,'2020-02-29 02:07:45'),(4,1,'ifOperStatus','Up','48','.1.3.6.1.2.1.2.2.1.8.48',1,'2020-02-29 02:07:45'),(4,1,'ifOperStatus','Down','5','.1.3.6.1.2.1.2.2.1.8.5',1,'2020-02-29 02:07:45'),(4,1,'ifOperStatus','Down','6','.1.3.6.1.2.1.2.2.1.8.6',1,'2020-02-29 02:07:45'),(4,1,'ifOperStatus','Up','7','.1.3.6.1.2.1.2.2.1.8.7',1,'2020-02-29 02:07:45'),(4,1,'ifOperStatus','Down','8','.1.3.6.1.2.1.2.2.1.8.8',1,'2020-02-29 02:07:45'),(4,1,'ifOperStatus','Up','9','.1.3.6.1.2.1.2.2.1.8.9',1,'2020-02-29 02:07:45'),(4,1,'ifSpeed','1000000000','1','.1.3.6.1.2.1.2.2.1.5.1',1,'2020-02-29 02:07:45'),(4,1,'ifSpeed','56000','11','.1.3.6.1.2.1.2.2.1.5.11',1,'2020-02-29 02:07:45'),(4,1,'ifSpeed','1000000000','2','.1.3.6.1.2.1.2.2.1.5.2',1,'2020-02-29 02:07:45'),(4,1,'ifSpeed','100000','28','.1.3.6.1.2.1.2.2.1.5.28',1,'2020-02-29 02:07:45'),(4,1,'ifSpeed','1000000000','29','.1.3.6.1.2.1.2.2.1.5.29',1,'2020-02-29 02:07:45'),(4,1,'ifSpeed','1000000000','3','.1.3.6.1.2.1.2.2.1.5.3',1,'2020-02-29 02:07:45'),(4,1,'ifSpeed','1000000000','37','.1.3.6.1.2.1.2.2.1.5.37',1,'2020-02-29 02:07:45'),(4,1,'ifSpeed','1000000000','38','.1.3.6.1.2.1.2.2.1.5.38',1,'2020-02-29 02:07:45'),(4,1,'ifSpeed','1000000000','39','.1.3.6.1.2.1.2.2.1.5.39',1,'2020-02-29 02:07:45'),(4,1,'ifSpeed','1000000000','4','.1.3.6.1.2.1.2.2.1.5.4',1,'2020-02-29 02:07:45'),(4,1,'ifSpeed','1000000000','40','.1.3.6.1.2.1.2.2.1.5.40',1,'2020-02-29 02:07:45'),(4,1,'ifSpeed','1000000000','41','.1.3.6.1.2.1.2.2.1.5.41',1,'2020-02-29 02:07:45'),(4,1,'ifSpeed','1000000000','43','.1.3.6.1.2.1.2.2.1.5.43',1,'2020-02-29 02:07:45'),(4,1,'ifSpeed','1000000000','44','.1.3.6.1.2.1.2.2.1.5.44',1,'2020-02-29 02:07:45'),(4,1,'ifSpeed','1000000000','48','.1.3.6.1.2.1.2.2.1.5.48',1,'2020-02-29 02:07:45'),(4,1,'ifSpeed','1000000000','5','.1.3.6.1.2.1.2.2.1.5.5',1,'2020-02-29 02:07:45'),(4,1,'ifSpeed','1000000000','6','.1.3.6.1.2.1.2.2.1.5.6',1,'2020-02-29 02:07:45'),(4,1,'ifSpeed','4294967295','7','.1.3.6.1.2.1.2.2.1.5.7',1,'2020-02-29 02:07:45'),(4,1,'ifSpeed','1000000000','8','.1.3.6.1.2.1.2.2.1.5.8',1,'2020-02-29 02:07:45'),(4,1,'ifSpeed','4294967295','9','.1.3.6.1.2.1.2.2.1.5.9',1,'2020-02-29 02:07:45'),(4,1,'ifType','ethernetCsmacd','1','.1.3.6.1.2.1.2.2.1.3.1',1,'2020-02-29 02:07:45'),(4,1,'ifType','other','11','.1.3.6.1.2.1.2.2.1.3.11',1,'2020-02-29 02:07:45'),(4,1,'ifType','ethernetCsmacd','2','.1.3.6.1.2.1.2.2.1.3.2',1,'2020-02-29 02:07:45'),(4,1,'ifType','tunnel','28','.1.3.6.1.2.1.2.2.1.3.28',1,'2020-02-29 02:07:45'),(4,1,'ifType','propVirtual','29','.1.3.6.1.2.1.2.2.1.3.29',1,'2020-02-29 02:07:45'),(4,1,'ifType','ethernetCsmacd','3','.1.3.6.1.2.1.2.2.1.3.3',1,'2020-02-29 02:07:45'),(4,1,'ifType','propVirtual','37','.1.3.6.1.2.1.2.2.1.3.37',1,'2020-02-29 02:07:45'),(4,1,'ifType','propVirtual','38','.1.3.6.1.2.1.2.2.1.3.38',1,'2020-02-29 02:07:45'),(4,1,'ifType','propVirtual','39','.1.3.6.1.2.1.2.2.1.3.39',1,'2020-02-29 02:07:45'),(4,1,'ifType','ethernetCsmacd','4','.1.3.6.1.2.1.2.2.1.3.4',1,'2020-02-29 02:07:45'),(4,1,'ifType','propVirtual','40','.1.3.6.1.2.1.2.2.1.3.40',1,'2020-02-29 02:07:45'),(4,1,'ifType','propVirtual','41','.1.3.6.1.2.1.2.2.1.3.41',1,'2020-02-29 02:07:45'),(4,1,'ifType','propVirtual','43','.1.3.6.1.2.1.2.2.1.3.43',1,'2020-02-29 02:07:45'),(4,1,'ifType','propVirtual','44','.1.3.6.1.2.1.2.2.1.3.44',1,'2020-02-29 02:07:45'),(4,1,'ifType','propVirtual','48','.1.3.6.1.2.1.2.2.1.3.48',1,'2020-02-29 02:07:45'),(4,1,'ifType','ethernetCsmacd','5','.1.3.6.1.2.1.2.2.1.3.5',1,'2020-02-29 02:07:45'),(4,1,'ifType','ethernetCsmacd','6','.1.3.6.1.2.1.2.2.1.3.6',1,'2020-02-29 02:07:45'),(4,1,'ifType','other','7','.1.3.6.1.2.1.2.2.1.3.7',1,'2020-02-29 02:07:45'),(4,1,'ifType','propVirtual','8','.1.3.6.1.2.1.2.2.1.3.8',1,'2020-02-29 02:07:45'),(4,1,'ifType','softwareLoopback','9','.1.3.6.1.2.1.2.2.1.3.9',1,'2020-02-29 02:07:45'),(12,1,'ifAdminStatus','Up','1','.1.3.6.1.2.1.2.2.1.7.1',1,'2020-03-21 06:40:24'),(12,1,'ifAdminStatus','Up','2','.1.3.6.1.2.1.2.2.1.7.2',1,'2020-03-21 06:40:24'),(12,1,'ifAdminStatus','Up','3','.1.3.6.1.2.1.2.2.1.7.3',1,'2020-03-21 06:40:24'),(12,1,'ifAdminStatus','Up','4','.1.3.6.1.2.1.2.2.1.7.4',1,'2020-03-21 06:40:24'),(12,1,'ifAdminStatus','Up','5','.1.3.6.1.2.1.2.2.1.7.5',1,'2020-03-21 06:40:24'),(12,1,'ifAdminStatus','Up','6','.1.3.6.1.2.1.2.2.1.7.6',1,'2020-03-21 06:40:24'),(12,1,'ifAdminStatus','Up','7','.1.3.6.1.2.1.2.2.1.7.7',1,'2020-03-21 06:40:24'),(12,1,'ifAdminStatus','Up','8','.1.3.6.1.2.1.2.2.1.7.8',1,'2020-03-21 06:40:24'),(12,1,'ifAdminStatus','Up','9','.1.3.6.1.2.1.2.2.1.7.9',1,'2020-03-21 06:40:24'),(12,1,'ifAlias','05:04.0','1','.1.3.6.1.2.1.31.1.1.1.18.1',1,'2020-03-21 06:40:24'),(12,1,'ifAlias','05:04.1','2','.1.3.6.1.2.1.31.1.1.1.18.2',1,'2020-03-21 06:40:24'),(12,1,'ifAlias','07:04.0','3','.1.3.6.1.2.1.31.1.1.1.18.3',1,'2020-03-21 06:40:24'),(12,1,'ifAlias','07:04.1','4','.1.3.6.1.2.1.31.1.1.1.18.4',1,'2020-03-21 06:40:24'),(12,1,'ifAlias','00:25.0','5','.1.3.6.1.2.1.31.1.1.1.18.5',1,'2020-03-21 06:40:24'),(12,1,'ifAlias','08:00.0','6','.1.3.6.1.2.1.31.1.1.1.18.6',1,'2020-03-21 06:40:24'),(12,1,'ifAlias','vSwitch0','7','.1.3.6.1.2.1.31.1.1.1.18.7',1,'2020-03-21 06:40:24'),(12,1,'ifAlias','vSwitchData','8','.1.3.6.1.2.1.31.1.1.1.18.8',1,'2020-03-21 06:40:24'),(12,1,'ifAlias','vmk0-vSwitch0','9','.1.3.6.1.2.1.31.1.1.1.18.9',1,'2020-03-21 06:40:24'),(12,1,'ifDescr','Device vmnic2 at 05:04.0 tg3','1','.1.3.6.1.2.1.2.2.1.2.1',1,'2020-03-21 06:40:24'),(12,1,'ifDescr','Device vmnic3 at 05:04.1 tg3','2','.1.3.6.1.2.1.2.2.1.2.2',1,'2020-03-21 06:40:24'),(12,1,'ifDescr','Device vmnic4 at 07:04.0 tg3','3','.1.3.6.1.2.1.2.2.1.2.3',1,'2020-03-21 06:40:24'),(12,1,'ifDescr','Device vmnic5 at 07:04.1 tg3','4','.1.3.6.1.2.1.2.2.1.2.4',1,'2020-03-21 06:40:24'),(12,1,'ifDescr','Device vmnic0 at 00:25.0 ne1000','5','.1.3.6.1.2.1.2.2.1.2.5',1,'2020-03-21 06:40:24'),(12,1,'ifDescr','Device vmnic1 at 08:00.0 ne1000','6','.1.3.6.1.2.1.2.2.1.2.6',1,'2020-03-21 06:40:24'),(12,1,'ifDescr','Traditional Virtual VMware switch: vSwitch0','7','.1.3.6.1.2.1.2.2.1.2.7',1,'2020-03-21 06:40:24'),(12,1,'ifDescr','Traditional Virtual VMware switch: vSwitchData','8','.1.3.6.1.2.1.2.2.1.2.8',1,'2020-03-21 06:40:24'),(12,1,'ifDescr','Virtual interface: vmk0 on vswitch vSwitch0 portgroup: Management Network','9','.1.3.6.1.2.1.2.2.1.2.9',1,'2020-03-21 06:40:24'),(12,1,'ifHighSpeed','0','1','.1.3.6.1.2.1.31.1.1.1.15.1',1,'2020-03-21 06:40:24'),(12,1,'ifHighSpeed','0','2','.1.3.6.1.2.1.31.1.1.1.15.2',1,'2020-03-21 06:40:24'),(12,1,'ifHighSpeed','0','3','.1.3.6.1.2.1.31.1.1.1.15.3',1,'2020-03-21 06:40:24'),(12,1,'ifHighSpeed','0','4','.1.3.6.1.2.1.31.1.1.1.15.4',1,'2020-03-21 06:40:24'),(12,1,'ifHighSpeed','100','5','.1.3.6.1.2.1.31.1.1.1.15.5',1,'2020-03-21 06:40:24'),(12,1,'ifHighSpeed','1000','6','.1.3.6.1.2.1.31.1.1.1.15.6',1,'2020-03-21 06:40:24'),(12,1,'ifHighSpeed','0','7','.1.3.6.1.2.1.31.1.1.1.15.7',1,'2020-03-21 06:40:24'),(12,1,'ifHighSpeed','0','8','.1.3.6.1.2.1.31.1.1.1.15.8',1,'2020-03-21 06:40:24'),(12,1,'ifHighSpeed','0','9','.1.3.6.1.2.1.31.1.1.1.15.9',1,'2020-03-21 06:40:24'),(12,1,'ifHwAddr','0:0:77:b5:90:dc','1','.1.3.6.1.2.1.2.2.1.6.1',1,'2020-03-21 06:40:24'),(12,1,'ifHwAddr','0:0:77:b5:90:dd','2','.1.3.6.1.2.1.2.2.1.6.2',1,'2020-03-21 06:40:24'),(12,1,'ifHwAddr','0:0:77:b5:90:de','3','.1.3.6.1.2.1.2.2.1.6.3',1,'2020-03-21 06:40:24'),(12,1,'ifHwAddr','0:0:77:b5:90:df','4','.1.3.6.1.2.1.2.2.1.6.4',1,'2020-03-21 06:40:24'),(12,1,'ifHwAddr','90:1b:e:2d:ce:68','5','.1.3.6.1.2.1.2.2.1.6.5',1,'2020-03-21 06:40:24'),(12,1,'ifHwAddr','90:1b:e:30:16:53','6','.1.3.6.1.2.1.2.2.1.6.6',1,'2020-03-21 06:40:24'),(12,1,'ifHwAddr','90:1b:e:2d:ce:68','7','.1.3.6.1.2.1.2.2.1.6.7',1,'2020-03-21 06:40:24'),(12,1,'ifHwAddr','90:1b:e:30:16:53','8','.1.3.6.1.2.1.2.2.1.6.8',1,'2020-03-21 06:40:24'),(12,1,'ifHwAddr','90:1b:e:2d:ce:68','9','.1.3.6.1.2.1.2.2.1.6.9',1,'2020-03-21 06:40:24'),(12,1,'ifIndex','1','1','.1.3.6.1.2.1.2.2.1.1.1',1,'2020-03-21 06:40:24'),(12,1,'ifIndex','2','2','.1.3.6.1.2.1.2.2.1.1.2',1,'2020-03-21 06:40:24'),(12,1,'ifIndex','3','3','.1.3.6.1.2.1.2.2.1.1.3',1,'2020-03-21 06:40:24'),(12,1,'ifIndex','4','4','.1.3.6.1.2.1.2.2.1.1.4',1,'2020-03-21 06:40:24'),(12,1,'ifIndex','5','5','.1.3.6.1.2.1.2.2.1.1.5',1,'2020-03-21 06:40:24'),(12,1,'ifIndex','6','6','.1.3.6.1.2.1.2.2.1.1.6',1,'2020-03-21 06:40:24'),(12,1,'ifIndex','7','7','.1.3.6.1.2.1.2.2.1.1.7',1,'2020-03-21 06:40:24'),(12,1,'ifIndex','8','8','.1.3.6.1.2.1.2.2.1.1.8',1,'2020-03-21 06:40:24'),(12,1,'ifIndex','9','9','.1.3.6.1.2.1.2.2.1.1.9',1,'2020-03-21 06:40:24'),(12,1,'ifName','vmnic2','1','.1.3.6.1.2.1.31.1.1.1.1.1',1,'2020-03-21 06:40:24'),(12,1,'ifName','vmnic3','2','.1.3.6.1.2.1.31.1.1.1.1.2',1,'2020-03-21 06:40:24'),(12,1,'ifName','vmnic4','3','.1.3.6.1.2.1.31.1.1.1.1.3',1,'2020-03-21 06:40:24'),(12,1,'ifName','vmnic5','4','.1.3.6.1.2.1.31.1.1.1.1.4',1,'2020-03-21 06:40:24'),(12,1,'ifName','vmnic0','5','.1.3.6.1.2.1.31.1.1.1.1.5',1,'2020-03-21 06:40:24'),(12,1,'ifName','vmnic1','6','.1.3.6.1.2.1.31.1.1.1.1.6',1,'2020-03-21 06:40:24'),(12,1,'ifName','vSwitch0','7','.1.3.6.1.2.1.31.1.1.1.1.7',1,'2020-03-21 06:40:24'),(12,1,'ifName','vSwitchData','8','.1.3.6.1.2.1.31.1.1.1.1.8',1,'2020-03-21 06:40:24'),(12,1,'ifName','vmk0','9','.1.3.6.1.2.1.31.1.1.1.1.9',1,'2020-03-21 06:40:24'),(12,1,'ifOperStatus','Down','1','.1.3.6.1.2.1.2.2.1.8.1',1,'2020-03-21 06:40:24'),(12,1,'ifOperStatus','Down','2','.1.3.6.1.2.1.2.2.1.8.2',1,'2020-03-21 06:40:24'),(12,1,'ifOperStatus','Down','3','.1.3.6.1.2.1.2.2.1.8.3',1,'2020-03-21 06:40:24'),(12,1,'ifOperStatus','Down','4','.1.3.6.1.2.1.2.2.1.8.4',1,'2020-03-21 06:40:24'),(12,1,'ifOperStatus','Up','5','.1.3.6.1.2.1.2.2.1.8.5',1,'2020-03-21 06:40:24'),(12,1,'ifOperStatus','Up','6','.1.3.6.1.2.1.2.2.1.8.6',1,'2020-03-21 06:40:24'),(12,1,'ifOperStatus','Up','7','.1.3.6.1.2.1.2.2.1.8.7',1,'2020-03-21 06:40:24'),(12,1,'ifOperStatus','Up','8','.1.3.6.1.2.1.2.2.1.8.8',1,'2020-03-21 06:40:24'),(12,1,'ifOperStatus','Up','9','.1.3.6.1.2.1.2.2.1.8.9',1,'2020-03-21 06:40:24'),(12,1,'ifSpeed','0','1','.1.3.6.1.2.1.2.2.1.5.1',1,'2020-03-21 06:40:24'),(12,1,'ifSpeed','0','2','.1.3.6.1.2.1.2.2.1.5.2',1,'2020-03-21 06:40:24'),(12,1,'ifSpeed','0','3','.1.3.6.1.2.1.2.2.1.5.3',1,'2020-03-21 06:40:24'),(12,1,'ifSpeed','0','4','.1.3.6.1.2.1.2.2.1.5.4',1,'2020-03-21 06:40:24'),(12,1,'ifSpeed','100000000','5','.1.3.6.1.2.1.2.2.1.5.5',1,'2020-03-21 06:40:24'),(12,1,'ifSpeed','1000000000','6','.1.3.6.1.2.1.2.2.1.5.6',1,'2020-03-21 06:40:24'),(12,1,'ifSpeed','0','7','.1.3.6.1.2.1.2.2.1.5.7',1,'2020-03-21 06:40:24'),(12,1,'ifSpeed','0','8','.1.3.6.1.2.1.2.2.1.5.8',1,'2020-03-21 06:40:24'),(12,1,'ifSpeed','0','9','.1.3.6.1.2.1.2.2.1.5.9',1,'2020-03-21 06:40:24'),(12,1,'ifType','ethernetCsmacd','1','.1.3.6.1.2.1.2.2.1.3.1',1,'2020-03-21 06:40:24'),(12,1,'ifType','ethernetCsmacd','2','.1.3.6.1.2.1.2.2.1.3.2',1,'2020-03-21 06:40:24'),(12,1,'ifType','ethernetCsmacd','3','.1.3.6.1.2.1.2.2.1.3.3',1,'2020-03-21 06:40:24'),(12,1,'ifType','ethernetCsmacd','4','.1.3.6.1.2.1.2.2.1.3.4',1,'2020-03-21 06:40:24'),(12,1,'ifType','ethernetCsmacd','5','.1.3.6.1.2.1.2.2.1.3.5',1,'2020-03-21 06:40:24'),(12,1,'ifType','ethernetCsmacd','6','.1.3.6.1.2.1.2.2.1.3.6',1,'2020-03-21 06:40:24'),(12,1,'ifType','propMultiplexor','7','.1.3.6.1.2.1.2.2.1.3.7',1,'2020-03-21 06:40:24'),(12,1,'ifType','propMultiplexor','8','.1.3.6.1.2.1.2.2.1.3.8',1,'2020-03-21 06:40:24'),(12,1,'ifType','vmwareVirtualNic','9','.1.3.6.1.2.1.2.2.1.3.9',1,'2020-03-21 06:40:24'),(12,2,'hrStorageAllocationUnits','4096','1','',1,'2020-03-21 06:40:27'),(12,2,'hrStorageAllocationUnits','4096','2','',1,'2020-03-21 06:40:27'),(12,2,'hrStorageAllocationUnits','8192','3','',1,'2020-03-21 06:40:27'),(12,2,'hrStorageAllocationUnits','1048576','4','',1,'2020-03-21 06:40:27'),(12,2,'hrStorageAllocationUnits','1024','5','',1,'2020-03-21 06:40:27'),(12,2,'hrStorageDescr','/vmfs/volumes/74d44de3-badab4a7-4ea4-c38aabcedd47','1','',1,'2020-03-21 06:40:27'),(12,2,'hrStorageDescr','/vmfs/volumes/d6898cea-deace11e-3ef6-8232f41fae8e','2','',1,'2020-03-21 06:40:27'),(12,2,'hrStorageDescr','/vmfs/volumes/5e1e4c55-b17bae26-c5a6-000077b590dc','3','',1,'2020-03-21 06:40:27'),(12,2,'hrStorageDescr','/vmfs/volumes/5adb3f0e-3610b08a-4dcb-901b0e2dce68','4','',1,'2020-03-21 06:40:27'),(12,2,'hrStorageDescr','Real Memory','5','',1,'2020-03-21 06:40:27'),(12,2,'hrStorageIndex','1','1','',1,'2020-03-21 06:40:27'),(12,2,'hrStorageIndex','2','2','',1,'2020-03-21 06:40:27'),(12,2,'hrStorageIndex','3','3','',1,'2020-03-21 06:40:27'),(12,2,'hrStorageIndex','4','4','',1,'2020-03-21 06:40:27'),(12,2,'hrStorageIndex','5','5','',1,'2020-03-21 06:40:27'),(12,3,'hrProcessorFrwID','0','0','',1,'2020-03-21 06:40:27'),(12,3,'hrProcessorFrwID','1','1','',1,'2020-03-21 06:40:27'),(12,3,'hrProcessorFrwID','2','2','',1,'2020-03-21 06:40:27'),(12,3,'hrProcessorFrwID','3','3','',1,'2020-03-21 06:40:27'),(12,3,'hrProcessorFrwID','4','4','',1,'2020-03-21 06:40:27'),(12,3,'hrProcessorFrwID','Total','4000','',1,'2020-03-21 06:40:27'),(12,3,'hrProcessorFrwID','5','5','',1,'2020-03-21 06:40:27'),(12,3,'hrProcessorFrwID','6','6','',1,'2020-03-21 06:40:27'),(12,3,'hrProcessorFrwID','7','7','',1,'2020-03-21 06:40:27'),(15,1,'ifAlias','','1','.1.3.6.1.2.1.31.1.1.1.18.1',1,'2019-08-14 23:45:10'),(15,1,'ifAlias','','10','.1.3.6.1.2.1.31.1.1.1.18.10',1,'2019-08-14 23:45:10'),(15,1,'ifAlias','### work port for ipv4 ###','11','.1.3.6.1.2.1.31.1.1.1.18.11',1,'2019-08-14 23:45:10'),(15,1,'ifAlias','','12','.1.3.6.1.2.1.31.1.1.1.18.12',1,'2019-08-14 23:45:10'),(15,1,'ifAlias','*** Internet ***','13','.1.3.6.1.2.1.31.1.1.1.18.13',1,'2019-08-14 23:45:10'),(15,1,'ifAlias','','14','.1.3.6.1.2.1.31.1.1.1.18.14',1,'2019-08-14 23:45:10'),(15,1,'ifAlias','','15','.1.3.6.1.2.1.31.1.1.1.18.15',1,'2019-08-14 23:45:10'),(15,1,'ifAlias','','16','.1.3.6.1.2.1.31.1.1.1.18.16',1,'2019-08-14 23:45:10'),(15,1,'ifAlias','','17','.1.3.6.1.2.1.31.1.1.1.18.17',1,'2019-08-14 23:45:10'),(15,1,'ifAlias','','18','.1.3.6.1.2.1.31.1.1.1.18.18',1,'2019-08-14 23:45:10'),(15,1,'ifAlias','','19','.1.3.6.1.2.1.31.1.1.1.18.19',1,'2019-08-14 23:45:10'),(15,1,'ifAlias','','2','.1.3.6.1.2.1.31.1.1.1.18.2',1,'2019-08-14 23:45:10'),(15,1,'ifAlias','','20','.1.3.6.1.2.1.31.1.1.1.18.20',1,'2019-08-14 23:45:10'),(15,1,'ifAlias','### loopback ###','21','.1.3.6.1.2.1.31.1.1.1.18.21',1,'2019-08-14 23:45:10'),(15,1,'ifAlias','','3','.1.3.6.1.2.1.31.1.1.1.18.3',1,'2019-08-14 23:45:10'),(15,1,'ifAlias','','4','.1.3.6.1.2.1.31.1.1.1.18.4',1,'2019-08-14 23:45:10'),(15,1,'ifAlias','### to DC VPN ###','43','.1.3.6.1.2.1.31.1.1.1.18.43',1,'2019-08-14 23:45:10'),(15,1,'ifAlias','### BO_2F_Management ###','44','.1.3.6.1.2.1.31.1.1.1.18.44',1,'2019-08-14 23:45:10'),(15,1,'ifAlias','### BO_2F_WiredDevice ###','45','.1.3.6.1.2.1.31.1.1.1.18.45',1,'2019-08-14 23:45:10'),(15,1,'ifAlias','','46','.1.3.6.1.2.1.31.1.1.1.18.46',1,'2019-08-14 23:45:10'),(15,1,'ifAlias','### BO_2F_WirelessDevice ###','47','.1.3.6.1.2.1.31.1.1.1.18.47',1,'2019-08-14 23:45:10'),(15,1,'ifAlias','### IPSec ipv6 ###','48','.1.3.6.1.2.1.31.1.1.1.18.48',1,'2019-08-14 23:45:10'),(15,1,'ifAlias','','49','.1.3.6.1.2.1.31.1.1.1.18.49',1,'2019-08-14 23:45:10'),(15,1,'ifAlias','','5','.1.3.6.1.2.1.31.1.1.1.18.5',1,'2019-08-14 23:45:10'),(15,1,'ifAlias','','51','.1.3.6.1.2.1.31.1.1.1.18.51',1,'2019-08-14 23:45:10'),(15,1,'ifAlias','','6','.1.3.6.1.2.1.31.1.1.1.18.6',1,'2019-08-14 23:45:10'),(15,1,'ifAlias','','7','.1.3.6.1.2.1.31.1.1.1.18.7',1,'2019-08-14 23:45:10'),(15,1,'ifAlias','','8','.1.3.6.1.2.1.31.1.1.1.18.8',1,'2019-08-14 23:45:10'),(15,1,'ifAlias','','9','.1.3.6.1.2.1.31.1.1.1.18.9',1,'2019-08-14 23:45:10'),(15,1,'ifDescr','BRI0','1','.1.3.6.1.2.1.2.2.1.2.1',1,'2019-08-14 23:45:10'),(15,1,'ifDescr','FastEthernet6','10','.1.3.6.1.2.1.2.2.1.2.10',1,'2019-08-14 23:45:10'),(15,1,'ifDescr','FastEthernet7','11','.1.3.6.1.2.1.2.2.1.2.11',1,'2019-08-14 23:45:10'),(15,1,'ifDescr','FastEthernet8','12','.1.3.6.1.2.1.2.2.1.2.12',1,'2019-08-14 23:45:10'),(15,1,'ifDescr','GigabitEthernet0','13','.1.3.6.1.2.1.2.2.1.2.13',1,'2019-08-14 23:45:10'),(15,1,'ifDescr','VoIP-Null0','14','.1.3.6.1.2.1.2.2.1.2.14',1,'2019-08-14 23:45:10'),(15,1,'ifDescr','Null0','15','.1.3.6.1.2.1.2.2.1.2.15',1,'2019-08-14 23:45:10'),(15,1,'ifDescr','Vlan1','16','.1.3.6.1.2.1.2.2.1.2.16',1,'2019-08-14 23:45:10'),(15,1,'ifDescr','BRI0-Physical','17','.1.3.6.1.2.1.2.2.1.2.17',1,'2019-08-14 23:45:10'),(15,1,'ifDescr','BRI0-Signaling','18','.1.3.6.1.2.1.2.2.1.2.18',1,'2019-08-14 23:45:10'),(15,1,'ifDescr','BRI0:1-Bearer Channel','19','.1.3.6.1.2.1.2.2.1.2.19',1,'2019-08-14 23:45:10'),(15,1,'ifDescr','BRI0:1','2','.1.3.6.1.2.1.2.2.1.2.2',1,'2019-08-14 23:45:10'),(15,1,'ifDescr','BRI0:2-Bearer Channel','20','.1.3.6.1.2.1.2.2.1.2.20',1,'2019-08-14 23:45:10'),(15,1,'ifDescr','Loopback0','21','.1.3.6.1.2.1.2.2.1.2.21',1,'2019-08-14 23:45:10'),(15,1,'ifDescr','BRI0:2','3','.1.3.6.1.2.1.2.2.1.2.3',1,'2019-08-14 23:45:10'),(15,1,'ifDescr','FastEthernet0','4','.1.3.6.1.2.1.2.2.1.2.4',1,'2019-08-14 23:45:10'),(15,1,'ifDescr','Tunnel210','43','.1.3.6.1.2.1.2.2.1.2.43',1,'2019-08-14 23:45:10'),(15,1,'ifDescr','Vlan3020','44','.1.3.6.1.2.1.2.2.1.2.44',1,'2019-08-14 23:45:10'),(15,1,'ifDescr','Vlan3022','45','.1.3.6.1.2.1.2.2.1.2.45',1,'2019-08-14 23:45:10'),(15,1,'ifDescr','Vlan3026','46','.1.3.6.1.2.1.2.2.1.2.46',1,'2019-08-14 23:45:10'),(15,1,'ifDescr','Vlan3029','47','.1.3.6.1.2.1.2.2.1.2.47',1,'2019-08-14 23:45:10'),(15,1,'ifDescr','Tunnel216','48','.1.3.6.1.2.1.2.2.1.2.48',1,'2019-08-14 23:45:10'),(15,1,'ifDescr','GMPLS0','49','.1.3.6.1.2.1.2.2.1.2.49',1,'2019-08-14 23:45:10'),(15,1,'ifDescr','FastEthernet1','5','.1.3.6.1.2.1.2.2.1.2.5',1,'2019-08-14 23:45:10'),(15,1,'ifDescr','Tunnel2160','51','.1.3.6.1.2.1.2.2.1.2.51',1,'2019-08-14 23:45:10'),(15,1,'ifDescr','FastEthernet2','6','.1.3.6.1.2.1.2.2.1.2.6',1,'2019-08-14 23:45:10'),(15,1,'ifDescr','FastEthernet3','7','.1.3.6.1.2.1.2.2.1.2.7',1,'2019-08-14 23:45:10'),(15,1,'ifDescr','FastEthernet4','8','.1.3.6.1.2.1.2.2.1.2.8',1,'2019-08-14 23:45:10'),(15,1,'ifDescr','FastEthernet5','9','.1.3.6.1.2.1.2.2.1.2.9',1,'2019-08-14 23:45:10'),(15,1,'ifHighSpeed','0','1','.1.3.6.1.2.1.31.1.1.1.15.1',1,'2019-08-14 23:45:10'),(15,1,'ifHighSpeed','100','10','.1.3.6.1.2.1.31.1.1.1.15.10',1,'2019-08-14 23:45:10'),(15,1,'ifHighSpeed','100','11','.1.3.6.1.2.1.31.1.1.1.15.11',1,'2019-08-14 23:45:10'),(15,1,'ifHighSpeed','100','12','.1.3.6.1.2.1.31.1.1.1.15.12',1,'2019-08-14 23:45:10'),(15,1,'ifHighSpeed','100','13','.1.3.6.1.2.1.31.1.1.1.15.13',1,'2019-08-14 23:45:10'),(15,1,'ifHighSpeed','10000','14','.1.3.6.1.2.1.31.1.1.1.15.14',1,'2019-08-14 23:45:10'),(15,1,'ifHighSpeed','10000','15','.1.3.6.1.2.1.31.1.1.1.15.15',1,'2019-08-14 23:45:10'),(15,1,'ifHighSpeed','100','16','.1.3.6.1.2.1.31.1.1.1.15.16',1,'2019-08-14 23:45:10'),(15,1,'ifHighSpeed','0','17','.1.3.6.1.2.1.31.1.1.1.15.17',1,'2019-08-14 23:45:10'),(15,1,'ifHighSpeed','0','18','.1.3.6.1.2.1.31.1.1.1.15.18',1,'2019-08-14 23:45:10'),(15,1,'ifHighSpeed','0','19','.1.3.6.1.2.1.31.1.1.1.15.19',1,'2019-08-14 23:45:10'),(15,1,'ifHighSpeed','0','2','.1.3.6.1.2.1.31.1.1.1.15.2',1,'2019-08-14 23:45:10'),(15,1,'ifHighSpeed','0','20','.1.3.6.1.2.1.31.1.1.1.15.20',1,'2019-08-14 23:45:10'),(15,1,'ifHighSpeed','8000','21','.1.3.6.1.2.1.31.1.1.1.15.21',1,'2019-08-14 23:45:10'),(15,1,'ifHighSpeed','0','3','.1.3.6.1.2.1.31.1.1.1.15.3',1,'2019-08-14 23:45:10'),(15,1,'ifHighSpeed','100','4','.1.3.6.1.2.1.31.1.1.1.15.4',1,'2019-08-14 23:45:10'),(15,1,'ifHighSpeed','0','43','.1.3.6.1.2.1.31.1.1.1.15.43',1,'2019-08-14 23:45:10'),(15,1,'ifHighSpeed','100','44','.1.3.6.1.2.1.31.1.1.1.15.44',1,'2019-08-14 23:45:10'),(15,1,'ifHighSpeed','100','45','.1.3.6.1.2.1.31.1.1.1.15.45',1,'2019-08-14 23:45:10'),(15,1,'ifHighSpeed','100','46','.1.3.6.1.2.1.31.1.1.1.15.46',1,'2019-08-14 23:45:10'),(15,1,'ifHighSpeed','100','47','.1.3.6.1.2.1.31.1.1.1.15.47',1,'2019-08-14 23:45:10'),(15,1,'ifHighSpeed','0','48','.1.3.6.1.2.1.31.1.1.1.15.48',1,'2019-08-14 23:45:10'),(15,1,'ifHighSpeed','0','49','.1.3.6.1.2.1.31.1.1.1.15.49',1,'2019-08-14 23:45:10'),(15,1,'ifHighSpeed','100','5','.1.3.6.1.2.1.31.1.1.1.15.5',1,'2019-08-14 23:45:10'),(15,1,'ifHighSpeed','0','51','.1.3.6.1.2.1.31.1.1.1.15.51',1,'2019-08-14 23:45:10'),(15,1,'ifHighSpeed','100','6','.1.3.6.1.2.1.31.1.1.1.15.6',1,'2019-08-14 23:45:10'),(15,1,'ifHighSpeed','100','7','.1.3.6.1.2.1.31.1.1.1.15.7',1,'2019-08-14 23:45:10'),(15,1,'ifHighSpeed','100','8','.1.3.6.1.2.1.31.1.1.1.15.8',1,'2019-08-14 23:45:10'),(15,1,'ifHighSpeed','100','9','.1.3.6.1.2.1.31.1.1.1.15.9',1,'2019-08-14 23:45:10'),(15,1,'ifHwAddr','','1','.1.3.6.1.2.1.2.2.1.6.1',1,'2019-08-14 23:45:10'),(15,1,'ifHwAddr','fc:99:47:b7:5b:17','10','.1.3.6.1.2.1.2.2.1.6.10',1,'2019-08-14 23:45:10'),(15,1,'ifHwAddr','fc:99:47:b7:5b:18','11','.1.3.6.1.2.1.2.2.1.6.11',1,'2019-08-14 23:45:10'),(15,1,'ifHwAddr','fc:99:47:b7:5b:19','12','.1.3.6.1.2.1.2.2.1.6.12',1,'2019-08-14 23:45:10'),(15,1,'ifHwAddr','fc:99:47:b7:5b:29','13','.1.3.6.1.2.1.2.2.1.6.13',1,'2019-08-14 23:45:10'),(15,1,'ifHwAddr','','14','.1.3.6.1.2.1.2.2.1.6.14',1,'2019-08-14 23:45:10'),(15,1,'ifHwAddr','','15','.1.3.6.1.2.1.2.2.1.6.15',1,'2019-08-14 23:45:10'),(15,1,'ifHwAddr','fc:99:47:b7:5b:11','16','.1.3.6.1.2.1.2.2.1.6.16',1,'2019-08-14 23:45:10'),(15,1,'ifHwAddr','','17','.1.3.6.1.2.1.2.2.1.6.17',1,'2019-08-14 23:45:10'),(15,1,'ifHwAddr','','18','.1.3.6.1.2.1.2.2.1.6.18',1,'2019-08-14 23:45:10'),(15,1,'ifHwAddr','','19','.1.3.6.1.2.1.2.2.1.6.19',1,'2019-08-14 23:45:10'),(15,1,'ifHwAddr','','2','.1.3.6.1.2.1.2.2.1.6.2',1,'2019-08-14 23:45:10'),(15,1,'ifHwAddr','','20','.1.3.6.1.2.1.2.2.1.6.20',1,'2019-08-14 23:45:10'),(15,1,'ifHwAddr','','21','.1.3.6.1.2.1.2.2.1.6.21',1,'2019-08-14 23:45:10'),(15,1,'ifHwAddr','','3','.1.3.6.1.2.1.2.2.1.6.3',1,'2019-08-14 23:45:10'),(15,1,'ifHwAddr','fc:99:47:b7:5b:11','4','.1.3.6.1.2.1.2.2.1.6.4',1,'2019-08-14 23:45:10'),(15,1,'ifHwAddr','','43','.1.3.6.1.2.1.2.2.1.6.43',1,'2019-08-14 23:45:10'),(15,1,'ifHwAddr','fc:99:47:b7:5b:11','44','.1.3.6.1.2.1.2.2.1.6.44',1,'2019-08-14 23:45:10'),(15,1,'ifHwAddr','fc:99:47:b7:5b:11','45','.1.3.6.1.2.1.2.2.1.6.45',1,'2019-08-14 23:45:10'),(15,1,'ifHwAddr','fc:99:47:b7:5b:11','46','.1.3.6.1.2.1.2.2.1.6.46',1,'2019-08-14 23:45:10'),(15,1,'ifHwAddr','fc:99:47:b7:5b:11','47','.1.3.6.1.2.1.2.2.1.6.47',1,'2019-08-14 23:45:10'),(15,1,'ifHwAddr','','48','.1.3.6.1.2.1.2.2.1.6.48',1,'2019-08-14 23:45:10'),(15,1,'ifHwAddr','','49','.1.3.6.1.2.1.2.2.1.6.49',1,'2019-08-14 23:45:10'),(15,1,'ifHwAddr','fc:99:47:b7:5b:12','5','.1.3.6.1.2.1.2.2.1.6.5',1,'2019-08-14 23:45:10'),(15,1,'ifHwAddr','','51','.1.3.6.1.2.1.2.2.1.6.51',1,'2019-08-14 23:45:10'),(15,1,'ifHwAddr','fc:99:47:b7:5b:13','6','.1.3.6.1.2.1.2.2.1.6.6',1,'2019-08-14 23:45:10'),(15,1,'ifHwAddr','fc:99:47:b7:5b:14','7','.1.3.6.1.2.1.2.2.1.6.7',1,'2019-08-14 23:45:10'),(15,1,'ifHwAddr','fc:99:47:b7:5b:15','8','.1.3.6.1.2.1.2.2.1.6.8',1,'2019-08-14 23:45:10'),(15,1,'ifHwAddr','fc:99:47:b7:5b:16','9','.1.3.6.1.2.1.2.2.1.6.9',1,'2019-08-14 23:45:10'),(15,1,'ifIndex','1','1','.1.3.6.1.2.1.2.2.1.1.1',1,'2019-08-14 23:45:10'),(15,1,'ifIndex','10','10','.1.3.6.1.2.1.2.2.1.1.10',1,'2019-08-14 23:45:10'),(15,1,'ifIndex','11','11','.1.3.6.1.2.1.2.2.1.1.11',1,'2019-08-14 23:45:10'),(15,1,'ifIndex','12','12','.1.3.6.1.2.1.2.2.1.1.12',1,'2019-08-14 23:45:10'),(15,1,'ifIndex','13','13','.1.3.6.1.2.1.2.2.1.1.13',1,'2019-08-14 23:45:10'),(15,1,'ifIndex','14','14','.1.3.6.1.2.1.2.2.1.1.14',1,'2019-08-14 23:45:10'),(15,1,'ifIndex','15','15','.1.3.6.1.2.1.2.2.1.1.15',1,'2019-08-14 23:45:10'),(15,1,'ifIndex','16','16','.1.3.6.1.2.1.2.2.1.1.16',1,'2019-08-14 23:45:10'),(15,1,'ifIndex','17','17','.1.3.6.1.2.1.2.2.1.1.17',1,'2019-08-14 23:45:10'),(15,1,'ifIndex','18','18','.1.3.6.1.2.1.2.2.1.1.18',1,'2019-08-14 23:45:10'),(15,1,'ifIndex','19','19','.1.3.6.1.2.1.2.2.1.1.19',1,'2019-08-14 23:45:10'),(15,1,'ifIndex','2','2','.1.3.6.1.2.1.2.2.1.1.2',1,'2019-08-14 23:45:10'),(15,1,'ifIndex','20','20','.1.3.6.1.2.1.2.2.1.1.20',1,'2019-08-14 23:45:10'),(15,1,'ifIndex','21','21','.1.3.6.1.2.1.2.2.1.1.21',1,'2019-08-14 23:45:10'),(15,1,'ifIndex','3','3','.1.3.6.1.2.1.2.2.1.1.3',1,'2019-08-14 23:45:10'),(15,1,'ifIndex','4','4','.1.3.6.1.2.1.2.2.1.1.4',1,'2019-08-14 23:45:10'),(15,1,'ifIndex','43','43','.1.3.6.1.2.1.2.2.1.1.43',1,'2019-08-14 23:45:10'),(15,1,'ifIndex','44','44','.1.3.6.1.2.1.2.2.1.1.44',1,'2019-08-14 23:45:10'),(15,1,'ifIndex','45','45','.1.3.6.1.2.1.2.2.1.1.45',1,'2019-08-14 23:45:10'),(15,1,'ifIndex','46','46','.1.3.6.1.2.1.2.2.1.1.46',1,'2019-08-14 23:45:10'),(15,1,'ifIndex','47','47','.1.3.6.1.2.1.2.2.1.1.47',1,'2019-08-14 23:45:10'),(15,1,'ifIndex','48','48','.1.3.6.1.2.1.2.2.1.1.48',1,'2019-08-14 23:45:10'),(15,1,'ifIndex','49','49','.1.3.6.1.2.1.2.2.1.1.49',1,'2019-08-14 23:45:10'),(15,1,'ifIndex','5','5','.1.3.6.1.2.1.2.2.1.1.5',1,'2019-08-14 23:45:10'),(15,1,'ifIndex','51','51','.1.3.6.1.2.1.2.2.1.1.51',1,'2019-08-14 23:45:10'),(15,1,'ifIndex','6','6','.1.3.6.1.2.1.2.2.1.1.6',1,'2019-08-14 23:45:10'),(15,1,'ifIndex','7','7','.1.3.6.1.2.1.2.2.1.1.7',1,'2019-08-14 23:45:10'),(15,1,'ifIndex','8','8','.1.3.6.1.2.1.2.2.1.1.8',1,'2019-08-14 23:45:10'),(15,1,'ifIndex','9','9','.1.3.6.1.2.1.2.2.1.1.9',1,'2019-08-14 23:45:10'),(15,1,'ifIP','10.13.138.20','13','.1.3.6.1.2.1.4.20.1.2.10.13.138.20',1,'2019-08-14 23:45:10'),(15,1,'ifIP','10.101.0.1','21','.1.3.6.1.2.1.4.20.1.2.10.101.0.1',1,'2019-08-14 23:45:10'),(15,1,'ifIP','10.101.20.1','44','.1.3.6.1.2.1.4.20.1.2.10.101.20.1',1,'2019-08-14 23:45:10'),(15,1,'ifIP','10.101.22.1','45','.1.3.6.1.2.1.4.20.1.2.10.101.22.1',1,'2019-08-14 23:45:10'),(15,1,'ifIP','10.101.26.1','46','.1.3.6.1.2.1.4.20.1.2.10.101.26.1',1,'2019-08-14 23:45:10'),(15,1,'ifIP','10.101.29.1','47','.1.3.6.1.2.1.4.20.1.2.10.101.29.1',1,'2019-08-14 23:45:10'),(15,1,'ifName','BR0','1','.1.3.6.1.2.1.31.1.1.1.1.1',1,'2019-08-14 23:45:10'),(15,1,'ifName','Fa6','10','.1.3.6.1.2.1.31.1.1.1.1.10',1,'2019-08-14 23:45:10'),(15,1,'ifName','Fa7','11','.1.3.6.1.2.1.31.1.1.1.1.11',1,'2019-08-14 23:45:10'),(15,1,'ifName','Fa8','12','.1.3.6.1.2.1.31.1.1.1.1.12',1,'2019-08-14 23:45:10'),(15,1,'ifName','Gi0','13','.1.3.6.1.2.1.31.1.1.1.1.13',1,'2019-08-14 23:45:10'),(15,1,'ifName','Vo0','14','.1.3.6.1.2.1.31.1.1.1.1.14',1,'2019-08-14 23:45:10'),(15,1,'ifName','Nu0','15','.1.3.6.1.2.1.31.1.1.1.1.15',1,'2019-08-14 23:45:10'),(15,1,'ifName','Vl1','16','.1.3.6.1.2.1.31.1.1.1.1.16',1,'2019-08-14 23:45:10'),(15,1,'ifName','BR0','17','.1.3.6.1.2.1.31.1.1.1.1.17',1,'2019-08-14 23:45:10'),(15,1,'ifName','BR0','18','.1.3.6.1.2.1.31.1.1.1.1.18',1,'2019-08-14 23:45:10'),(15,1,'ifName','BR0:1','19','.1.3.6.1.2.1.31.1.1.1.1.19',1,'2019-08-14 23:45:10'),(15,1,'ifName','BR0:1','2','.1.3.6.1.2.1.31.1.1.1.1.2',1,'2019-08-14 23:45:10'),(15,1,'ifName','BR0:2','20','.1.3.6.1.2.1.31.1.1.1.1.20',1,'2019-08-14 23:45:10'),(15,1,'ifName','Lo0','21','.1.3.6.1.2.1.31.1.1.1.1.21',1,'2019-08-14 23:45:10'),(15,1,'ifName','BR0:2','3','.1.3.6.1.2.1.31.1.1.1.1.3',1,'2019-08-14 23:45:10'),(15,1,'ifName','Fa0','4','.1.3.6.1.2.1.31.1.1.1.1.4',1,'2019-08-14 23:45:10'),(15,1,'ifName','Tu210','43','.1.3.6.1.2.1.31.1.1.1.1.43',1,'2019-08-14 23:45:10'),(15,1,'ifName','Vl3020','44','.1.3.6.1.2.1.31.1.1.1.1.44',1,'2019-08-14 23:45:10'),(15,1,'ifName','Vl3022','45','.1.3.6.1.2.1.31.1.1.1.1.45',1,'2019-08-14 23:45:10'),(15,1,'ifName','Vl3026','46','.1.3.6.1.2.1.31.1.1.1.1.46',1,'2019-08-14 23:45:10'),(15,1,'ifName','Vl3029','47','.1.3.6.1.2.1.31.1.1.1.1.47',1,'2019-08-14 23:45:10'),(15,1,'ifName','Tu216','48','.1.3.6.1.2.1.31.1.1.1.1.48',1,'2019-08-14 23:45:10'),(15,1,'ifName','GM0','49','.1.3.6.1.2.1.31.1.1.1.1.49',1,'2019-08-14 23:45:10'),(15,1,'ifName','Fa1','5','.1.3.6.1.2.1.31.1.1.1.1.5',1,'2019-08-14 23:45:10'),(15,1,'ifName','Tu2160','51','.1.3.6.1.2.1.31.1.1.1.1.51',1,'2019-08-14 23:45:10'),(15,1,'ifName','Fa2','6','.1.3.6.1.2.1.31.1.1.1.1.6',1,'2019-08-14 23:45:10'),(15,1,'ifName','Fa3','7','.1.3.6.1.2.1.31.1.1.1.1.7',1,'2019-08-14 23:45:10'),(15,1,'ifName','Fa4','8','.1.3.6.1.2.1.31.1.1.1.1.8',1,'2019-08-14 23:45:10'),(15,1,'ifName','Fa5','9','.1.3.6.1.2.1.31.1.1.1.1.9',1,'2019-08-14 23:45:10'),(15,1,'ifOperStatus','Down','1','.1.3.6.1.2.1.2.2.1.8.1',1,'2019-08-14 23:45:10'),(15,1,'ifOperStatus','Up','10','.1.3.6.1.2.1.2.2.1.8.10',1,'2019-08-14 23:45:10'),(15,1,'ifOperStatus','Down','11','.1.3.6.1.2.1.2.2.1.8.11',1,'2019-08-14 23:45:10'),(15,1,'ifOperStatus','Down','12','.1.3.6.1.2.1.2.2.1.8.12',1,'2019-08-14 23:45:10'),(15,1,'ifOperStatus','Up','13','.1.3.6.1.2.1.2.2.1.8.13',1,'2019-08-14 23:45:10'),(15,1,'ifOperStatus','Up','14','.1.3.6.1.2.1.2.2.1.8.14',1,'2019-08-14 23:45:10'),(15,1,'ifOperStatus','Up','15','.1.3.6.1.2.1.2.2.1.8.15',1,'2019-08-14 23:45:10'),(15,1,'ifOperStatus','Down','16','.1.3.6.1.2.1.2.2.1.8.16',1,'2019-08-14 23:45:10'),(15,1,'ifOperStatus','Down','17','.1.3.6.1.2.1.2.2.1.8.17',1,'2019-08-14 23:45:10'),(15,1,'ifOperStatus','Down','18','.1.3.6.1.2.1.2.2.1.8.18',1,'2019-08-14 23:45:10'),(15,1,'ifOperStatus','Down','19','.1.3.6.1.2.1.2.2.1.8.19',1,'2019-08-14 23:45:10'),(15,1,'ifOperStatus','Down','2','.1.3.6.1.2.1.2.2.1.8.2',1,'2019-08-14 23:45:10'),(15,1,'ifOperStatus','Down','20','.1.3.6.1.2.1.2.2.1.8.20',1,'2019-08-14 23:45:10'),(15,1,'ifOperStatus','Up','21','.1.3.6.1.2.1.2.2.1.8.21',1,'2019-08-14 23:45:10'),(15,1,'ifOperStatus','Down','3','.1.3.6.1.2.1.2.2.1.8.3',1,'2019-08-14 23:45:10'),(15,1,'ifOperStatus','Down','4','.1.3.6.1.2.1.2.2.1.8.4',1,'2019-08-14 23:45:10'),(15,1,'ifOperStatus','Up','43','.1.3.6.1.2.1.2.2.1.8.43',1,'2019-08-14 23:45:10'),(15,1,'ifOperStatus','Down','44','.1.3.6.1.2.1.2.2.1.8.44',1,'2019-08-14 23:45:10'),(15,1,'ifOperStatus','Down','45','.1.3.6.1.2.1.2.2.1.8.45',1,'2019-08-14 23:45:10'),(15,1,'ifOperStatus','Down','46','.1.3.6.1.2.1.2.2.1.8.46',1,'2019-08-14 23:45:10'),(15,1,'ifOperStatus','Down','47','.1.3.6.1.2.1.2.2.1.8.47',1,'2019-08-14 23:45:10'),(15,1,'ifOperStatus','Down','48','.1.3.6.1.2.1.2.2.1.8.48',1,'2019-08-14 23:45:10'),(15,1,'ifOperStatus','Up','49','.1.3.6.1.2.1.2.2.1.8.49',1,'2019-08-14 23:45:10'),(15,1,'ifOperStatus','Down','5','.1.3.6.1.2.1.2.2.1.8.5',1,'2019-08-14 23:45:10'),(15,1,'ifOperStatus','Down','51','.1.3.6.1.2.1.2.2.1.8.51',1,'2019-08-14 23:45:10'),(15,1,'ifOperStatus','Down','6','.1.3.6.1.2.1.2.2.1.8.6',1,'2019-08-14 23:45:10'),(15,1,'ifOperStatus','Down','7','.1.3.6.1.2.1.2.2.1.8.7',1,'2019-08-14 23:45:10'),(15,1,'ifOperStatus','Down','8','.1.3.6.1.2.1.2.2.1.8.8',1,'2019-08-14 23:45:10'),(15,1,'ifOperStatus','Down','9','.1.3.6.1.2.1.2.2.1.8.9',1,'2019-08-14 23:45:10'),(15,1,'ifSpeed','16000','1','.1.3.6.1.2.1.2.2.1.5.1',1,'2019-08-14 23:45:10'),(15,1,'ifSpeed','100000000','10','.1.3.6.1.2.1.2.2.1.5.10',1,'2019-08-14 23:45:10'),(15,1,'ifSpeed','100000000','11','.1.3.6.1.2.1.2.2.1.5.11',1,'2019-08-14 23:45:10'),(15,1,'ifSpeed','100000000','12','.1.3.6.1.2.1.2.2.1.5.12',1,'2019-08-14 23:45:10'),(15,1,'ifSpeed','100000000','13','.1.3.6.1.2.1.2.2.1.5.13',1,'2019-08-14 23:45:10'),(15,1,'ifSpeed','4294967295','14','.1.3.6.1.2.1.2.2.1.5.14',1,'2019-08-14 23:45:10'),(15,1,'ifSpeed','4294967295','15','.1.3.6.1.2.1.2.2.1.5.15',1,'2019-08-14 23:45:10'),(15,1,'ifSpeed','100000000','16','.1.3.6.1.2.1.2.2.1.5.16',1,'2019-08-14 23:45:10'),(15,1,'ifSpeed','144000','17','.1.3.6.1.2.1.2.2.1.5.17',1,'2019-08-14 23:45:10'),(15,1,'ifSpeed','16000','18','.1.3.6.1.2.1.2.2.1.5.18',1,'2019-08-14 23:45:10'),(15,1,'ifSpeed','64000','19','.1.3.6.1.2.1.2.2.1.5.19',1,'2019-08-14 23:45:10'),(15,1,'ifSpeed','64000','2','.1.3.6.1.2.1.2.2.1.5.2',1,'2019-08-14 23:45:10'),(15,1,'ifSpeed','64000','20','.1.3.6.1.2.1.2.2.1.5.20',1,'2019-08-14 23:45:10'),(15,1,'ifSpeed','4294967295','21','.1.3.6.1.2.1.2.2.1.5.21',1,'2019-08-14 23:45:10'),(15,1,'ifSpeed','64000','3','.1.3.6.1.2.1.2.2.1.5.3',1,'2019-08-14 23:45:10'),(15,1,'ifSpeed','100000000','4','.1.3.6.1.2.1.2.2.1.5.4',1,'2019-08-14 23:45:10'),(15,1,'ifSpeed','100000','43','.1.3.6.1.2.1.2.2.1.5.43',1,'2019-08-14 23:45:10'),(15,1,'ifSpeed','100000000','44','.1.3.6.1.2.1.2.2.1.5.44',1,'2019-08-14 23:45:10'),(15,1,'ifSpeed','100000000','45','.1.3.6.1.2.1.2.2.1.5.45',1,'2019-08-14 23:45:10'),(15,1,'ifSpeed','100000000','46','.1.3.6.1.2.1.2.2.1.5.46',1,'2019-08-14 23:45:10'),(15,1,'ifSpeed','100000000','47','.1.3.6.1.2.1.2.2.1.5.47',1,'2019-08-14 23:45:10'),(15,1,'ifSpeed','100000','48','.1.3.6.1.2.1.2.2.1.5.48',1,'2019-08-14 23:45:10'),(15,1,'ifSpeed','9000','49','.1.3.6.1.2.1.2.2.1.5.49',1,'2019-08-14 23:45:10'),(15,1,'ifSpeed','100000000','5','.1.3.6.1.2.1.2.2.1.5.5',1,'2019-08-14 23:45:10'),(15,1,'ifSpeed','100000','51','.1.3.6.1.2.1.2.2.1.5.51',1,'2019-08-14 23:45:10'),(15,1,'ifSpeed','100000000','6','.1.3.6.1.2.1.2.2.1.5.6',1,'2019-08-14 23:45:10'),(15,1,'ifSpeed','100000000','7','.1.3.6.1.2.1.2.2.1.5.7',1,'2019-08-14 23:45:10'),(15,1,'ifSpeed','100000000','8','.1.3.6.1.2.1.2.2.1.5.8',1,'2019-08-14 23:45:10'),(15,1,'ifSpeed','100000000','9','.1.3.6.1.2.1.2.2.1.5.9',1,'2019-08-14 23:45:10'),(15,1,'ifType','lapd','1','.1.3.6.1.2.1.2.2.1.3.1',1,'2019-08-14 23:45:10'),(15,1,'ifType','ethernetCsmacd','10','.1.3.6.1.2.1.2.2.1.3.10',1,'2019-08-14 23:45:10'),(15,1,'ifType','ethernetCsmacd','11','.1.3.6.1.2.1.2.2.1.3.11',1,'2019-08-14 23:45:10'),(15,1,'ifType','ethernetCsmacd','12','.1.3.6.1.2.1.2.2.1.3.12',1,'2019-08-14 23:45:10'),(15,1,'ifType','ethernetCsmacd','13','.1.3.6.1.2.1.2.2.1.3.13',1,'2019-08-14 23:45:10'),(15,1,'ifType','other','14','.1.3.6.1.2.1.2.2.1.3.14',1,'2019-08-14 23:45:10'),(15,1,'ifType','other','15','.1.3.6.1.2.1.2.2.1.3.15',1,'2019-08-14 23:45:10'),(15,1,'ifType','propVirtual','16','.1.3.6.1.2.1.2.2.1.3.16',1,'2019-08-14 23:45:10'),(15,1,'ifType','isdns','17','.1.3.6.1.2.1.2.2.1.3.17',1,'2019-08-14 23:45:10'),(15,1,'ifType','isdn','18','.1.3.6.1.2.1.2.2.1.3.18',1,'2019-08-14 23:45:10'),(15,1,'ifType','ds0','19','.1.3.6.1.2.1.2.2.1.3.19',1,'2019-08-14 23:45:10'),(15,1,'ifType','propPointToPointSerial','2','.1.3.6.1.2.1.2.2.1.3.2',1,'2019-08-14 23:45:10'),(15,1,'ifType','ds0','20','.1.3.6.1.2.1.2.2.1.3.20',1,'2019-08-14 23:45:10'),(15,1,'ifType','softwareLoopback','21','.1.3.6.1.2.1.2.2.1.3.21',1,'2019-08-14 23:45:10'),(15,1,'ifType','propPointToPointSerial','3','.1.3.6.1.2.1.2.2.1.3.3',1,'2019-08-14 23:45:10'),(15,1,'ifType','ethernetCsmacd','4','.1.3.6.1.2.1.2.2.1.3.4',1,'2019-08-14 23:45:10'),(15,1,'ifType','tunnel','43','.1.3.6.1.2.1.2.2.1.3.43',1,'2019-08-14 23:45:10'),(15,1,'ifType','propVirtual','44','.1.3.6.1.2.1.2.2.1.3.44',1,'2019-08-14 23:45:10'),(15,1,'ifType','propVirtual','45','.1.3.6.1.2.1.2.2.1.3.45',1,'2019-08-14 23:45:10'),(15,1,'ifType','propVirtual','46','.1.3.6.1.2.1.2.2.1.3.46',1,'2019-08-14 23:45:10'),(15,1,'ifType','propVirtual','47','.1.3.6.1.2.1.2.2.1.3.47',1,'2019-08-14 23:45:10'),(15,1,'ifType','tunnel','48','.1.3.6.1.2.1.2.2.1.3.48',1,'2019-08-14 23:45:10'),(15,1,'ifType','other','49','.1.3.6.1.2.1.2.2.1.3.49',1,'2019-08-14 23:45:10'),(15,1,'ifType','ethernetCsmacd','5','.1.3.6.1.2.1.2.2.1.3.5',1,'2019-08-14 23:45:10'),(15,1,'ifType','tunnel','51','.1.3.6.1.2.1.2.2.1.3.51',1,'2019-08-14 23:45:10'),(15,1,'ifType','ethernetCsmacd','6','.1.3.6.1.2.1.2.2.1.3.6',1,'2019-08-14 23:45:10'),(15,1,'ifType','ethernetCsmacd','7','.1.3.6.1.2.1.2.2.1.3.7',1,'2019-08-14 23:45:10'),(15,1,'ifType','ethernetCsmacd','8','.1.3.6.1.2.1.2.2.1.3.8',1,'2019-08-14 23:45:10'),(15,1,'ifType','ethernetCsmacd','9','.1.3.6.1.2.1.2.2.1.3.9',1,'2019-08-14 23:45:10'),(17,1,'ifAdminStatus','Down','1','.1.3.6.1.2.1.2.2.1.7.1',1,'2020-03-19 23:27:22'),(17,1,'ifAdminStatus','Up','101020011','.1.3.6.1.2.1.2.2.1.7.101020011',1,'2020-03-19 23:27:22'),(17,1,'ifAdminStatus','Up','101020016','.1.3.6.1.2.1.2.2.1.7.101020016',1,'2020-03-19 23:27:22'),(17,1,'ifAdminStatus','Up','101020252','.1.3.6.1.2.1.2.2.1.7.101020252',1,'2020-03-19 23:27:22'),(17,1,'ifAdminStatus','Up','101024011','.1.3.6.1.2.1.2.2.1.7.101024011',1,'2020-03-19 23:27:22'),(17,1,'ifAdminStatus','Up','101024016','.1.3.6.1.2.1.2.2.1.7.101024016',1,'2020-03-19 23:27:22'),(17,1,'ifAdminStatus','Down','2','.1.3.6.1.2.1.2.2.1.7.2',1,'2020-03-19 23:27:22'),(17,1,'ifAdminStatus','Up','200000000','.1.3.6.1.2.1.2.2.1.7.200000000',1,'2020-03-19 23:27:22'),(17,1,'ifAdminStatus','Up','3','.1.3.6.1.2.1.2.2.1.7.3',1,'2020-03-19 23:27:22'),(17,1,'ifAdminStatus','Up','300000000','.1.3.6.1.2.1.2.2.1.7.300000000',1,'2020-03-19 23:27:22'),(17,1,'ifAdminStatus','Up','300000001','.1.3.6.1.2.1.2.2.1.7.300000001',1,'2020-03-19 23:27:22'),(17,1,'ifAdminStatus','Up','300000044','.1.3.6.1.2.1.2.2.1.7.300000044',1,'2020-03-19 23:27:22'),(17,1,'ifAdminStatus','Up','300000064','.1.3.6.1.2.1.2.2.1.7.300000064',1,'2020-03-19 23:27:22'),(17,1,'ifAdminStatus','Up','4','.1.3.6.1.2.1.2.2.1.7.4',1,'2020-03-19 23:27:22'),(17,1,'ifAdminStatus','Up','400000000','.1.3.6.1.2.1.2.2.1.7.400000000',1,'2020-03-19 23:27:22'),(17,1,'ifAdminStatus','Up','400000200','.1.3.6.1.2.1.2.2.1.7.400000200',1,'2020-03-19 23:27:22'),(17,1,'ifAdminStatus','Up','400000206','.1.3.6.1.2.1.2.2.1.7.400000206',1,'2020-03-19 23:27:22'),(17,1,'ifAdminStatus','Up','400000210','.1.3.6.1.2.1.2.2.1.7.400000210',1,'2020-03-19 23:27:22'),(17,1,'ifAdminStatus','Up','400000216','.1.3.6.1.2.1.2.2.1.7.400000216',1,'2020-03-19 23:27:22'),(17,1,'ifAdminStatus','Up','400002255','.1.3.6.1.2.1.2.2.1.7.400002255',1,'2020-03-19 23:27:22'),(17,1,'ifAdminStatus','Up','5','.1.3.6.1.2.1.2.2.1.7.5',1,'2020-03-19 23:27:22'),(17,1,'ifAdminStatus','Down','6','.1.3.6.1.2.1.2.2.1.7.6',1,'2020-03-19 23:27:22'),(17,1,'ifAdminStatus','Down','7','.1.3.6.1.2.1.2.2.1.7.7',1,'2020-03-19 23:27:22'),(17,1,'ifAlias','','1','.1.3.6.1.2.1.31.1.1.1.18.1',1,'2020-03-19 23:27:22'),(17,1,'ifAlias','wlc_zTrust_v4_v6','101020011','.1.3.6.1.2.1.31.1.1.1.18.101020011',1,'2020-03-19 23:27:22'),(17,1,'ifAlias','wlc_zTrust_v6','101020016','.1.3.6.1.2.1.31.1.1.1.18.101020016',1,'2020-03-19 23:27:22'),(17,1,'ifAlias','Rdc01 Routing Interface','101020252','.1.3.6.1.2.1.31.1.1.1.18.101020252',1,'2020-03-19 23:27:22'),(17,1,'ifAlias','wlc_zGuest_v4_v6','101024011','.1.3.6.1.2.1.31.1.1.1.18.101024011',1,'2020-03-19 23:27:22'),(17,1,'ifAlias','wlc_zGuest_v6','101024016','.1.3.6.1.2.1.31.1.1.1.18.101024016',1,'2020-03-19 23:27:22'),(17,1,'ifAlias','','2','.1.3.6.1.2.1.31.1.1.1.18.2',1,'2020-03-19 23:27:22'),(17,1,'ifAlias','','200000000','.1.3.6.1.2.1.31.1.1.1.18.200000000',1,'2020-03-19 23:27:22'),(17,1,'ifAlias','','3','.1.3.6.1.2.1.31.1.1.1.18.3',1,'2020-03-19 23:27:22'),(17,1,'ifAlias','','300000000','.1.3.6.1.2.1.31.1.1.1.18.300000000',1,'2020-03-19 23:27:22'),(17,1,'ifAlias','Untrust ipsec interface','300000001','.1.3.6.1.2.1.31.1.1.1.18.300000001',1,'2020-03-19 23:27:22'),(17,1,'ifAlias','NAT44_for_internet','300000044','.1.3.6.1.2.1.31.1.1.1.18.300000044',1,'2020-03-19 23:27:22'),(17,1,'ifAlias','NAT64_for_Internet','300000064','.1.3.6.1.2.1.31.1.1.1.18.300000064',1,'2020-03-19 23:27:22'),(17,1,'ifAlias','Untrust','4','.1.3.6.1.2.1.31.1.1.1.18.4',1,'2020-03-19 23:27:22'),(17,1,'ifAlias','','400000000','.1.3.6.1.2.1.31.1.1.1.18.400000000',1,'2020-03-19 23:27:22'),(17,1,'ifAlias','','400000200','.1.3.6.1.2.1.31.1.1.1.18.400000200',1,'2020-03-19 23:27:22'),(17,1,'ifAlias','','400000206','.1.3.6.1.2.1.31.1.1.1.18.400000206',1,'2020-03-19 23:27:22'),(17,1,'ifAlias','','400000210','.1.3.6.1.2.1.31.1.1.1.18.400000210',1,'2020-03-19 23:27:22'),(17,1,'ifAlias','','400000216','.1.3.6.1.2.1.31.1.1.1.18.400000216',1,'2020-03-19 23:27:22'),(17,1,'ifAlias','GlobalProtect','400002255','.1.3.6.1.2.1.31.1.1.1.18.400002255',1,'2020-03-19 23:27:22'),(17,1,'ifAlias','Trust','5','.1.3.6.1.2.1.31.1.1.1.18.5',1,'2020-03-19 23:27:22'),(17,1,'ifAlias','','6','.1.3.6.1.2.1.31.1.1.1.18.6',1,'2020-03-19 23:27:22'),(17,1,'ifAlias','','7','.1.3.6.1.2.1.31.1.1.1.18.7',1,'2020-03-19 23:27:22'),(17,1,'ifDescr','ha1','1','.1.3.6.1.2.1.2.2.1.2.1',1,'2020-03-19 23:27:22'),(17,1,'ifDescr','ethernet1/2.11','101020011','.1.3.6.1.2.1.2.2.1.2.101020011',1,'2020-03-19 23:27:22'),(17,1,'ifDescr','ethernet1/2.16','101020016','.1.3.6.1.2.1.2.2.1.2.101020016',1,'2020-03-19 23:27:22'),(17,1,'ifDescr','ethernet1/2.252','101020252','.1.3.6.1.2.1.2.2.1.2.101020252',1,'2020-03-19 23:27:22'),(17,1,'ifDescr','ethernet1/2.4011','101024011','.1.3.6.1.2.1.2.2.1.2.101024011',1,'2020-03-19 23:27:22'),(17,1,'ifDescr','ethernet1/2.4016','101024016','.1.3.6.1.2.1.2.2.1.2.101024016',1,'2020-03-19 23:27:22'),(17,1,'ifDescr','ha2','2','.1.3.6.1.2.1.2.2.1.2.2',1,'2020-03-19 23:27:22'),(17,1,'ifDescr','vlan','200000000','.1.3.6.1.2.1.2.2.1.2.200000000',1,'2020-03-19 23:27:22'),(17,1,'ifDescr','mgmt','3','.1.3.6.1.2.1.2.2.1.2.3',1,'2020-03-19 23:27:22'),(17,1,'ifDescr','loopback','300000000','.1.3.6.1.2.1.2.2.1.2.300000000',1,'2020-03-19 23:27:22'),(17,1,'ifDescr','loopback.1','300000001','.1.3.6.1.2.1.2.2.1.2.300000001',1,'2020-03-19 23:27:22'),(17,1,'ifDescr','loopback.44','300000044','.1.3.6.1.2.1.2.2.1.2.300000044',1,'2020-03-19 23:27:22'),(17,1,'ifDescr','loopback.64','300000064','.1.3.6.1.2.1.2.2.1.2.300000064',1,'2020-03-19 23:27:22'),(17,1,'ifDescr','ethernet1/1','4','.1.3.6.1.2.1.2.2.1.2.4',1,'2020-03-19 23:27:22'),(17,1,'ifDescr','tunnel','400000000','.1.3.6.1.2.1.2.2.1.2.400000000',1,'2020-03-19 23:27:22'),(17,1,'ifDescr','tunnel.200','400000200','.1.3.6.1.2.1.2.2.1.2.400000200',1,'2020-03-19 23:27:22'),(17,1,'ifDescr','tunnel.206','400000206','.1.3.6.1.2.1.2.2.1.2.400000206',1,'2020-03-19 23:27:22'),(17,1,'ifDescr','tunnel.210','400000210','.1.3.6.1.2.1.2.2.1.2.400000210',1,'2020-03-19 23:27:22'),(17,1,'ifDescr','tunnel.216','400000216','.1.3.6.1.2.1.2.2.1.2.400000216',1,'2020-03-19 23:27:22'),(17,1,'ifDescr','tunnel.2255','400002255','.1.3.6.1.2.1.2.2.1.2.400002255',1,'2020-03-19 23:27:22'),(17,1,'ifDescr','ethernet1/2','5','.1.3.6.1.2.1.2.2.1.2.5',1,'2020-03-19 23:27:22'),(17,1,'ifDescr','ethernet1/3','6','.1.3.6.1.2.1.2.2.1.2.6',1,'2020-03-19 23:27:22'),(17,1,'ifDescr','ethernet1/4','7','.1.3.6.1.2.1.2.2.1.2.7',1,'2020-03-19 23:27:22'),(17,1,'ifHighSpeed','1000','1','.1.3.6.1.2.1.31.1.1.1.15.1',1,'2020-03-19 23:27:22'),(17,1,'ifHighSpeed','0','101020011','.1.3.6.1.2.1.31.1.1.1.15.101020011',1,'2020-03-19 23:27:22'),(17,1,'ifHighSpeed','0','101020016','.1.3.6.1.2.1.31.1.1.1.15.101020016',1,'2020-03-19 23:27:22'),(17,1,'ifHighSpeed','0','101020252','.1.3.6.1.2.1.31.1.1.1.15.101020252',1,'2020-03-19 23:27:22'),(17,1,'ifHighSpeed','0','101024011','.1.3.6.1.2.1.31.1.1.1.15.101024011',1,'2020-03-19 23:27:22'),(17,1,'ifHighSpeed','0','101024016','.1.3.6.1.2.1.31.1.1.1.15.101024016',1,'2020-03-19 23:27:22'),(17,1,'ifHighSpeed','1000','2','.1.3.6.1.2.1.31.1.1.1.15.2',1,'2020-03-19 23:27:22'),(17,1,'ifHighSpeed','0','200000000','.1.3.6.1.2.1.31.1.1.1.15.200000000',1,'2020-03-19 23:27:22'),(17,1,'ifHighSpeed','100','3','.1.3.6.1.2.1.31.1.1.1.15.3',1,'2020-03-19 23:27:22'),(17,1,'ifHighSpeed','0','300000000','.1.3.6.1.2.1.31.1.1.1.15.300000000',1,'2020-03-19 23:27:22'),(17,1,'ifHighSpeed','0','300000001','.1.3.6.1.2.1.31.1.1.1.15.300000001',1,'2020-03-19 23:27:22'),(17,1,'ifHighSpeed','0','300000044','.1.3.6.1.2.1.31.1.1.1.15.300000044',1,'2020-03-19 23:27:22'),(17,1,'ifHighSpeed','0','300000064','.1.3.6.1.2.1.31.1.1.1.15.300000064',1,'2020-03-19 23:27:22'),(17,1,'ifHighSpeed','1000','4','.1.3.6.1.2.1.31.1.1.1.15.4',1,'2020-03-19 23:27:22'),(17,1,'ifHighSpeed','0','400000000','.1.3.6.1.2.1.31.1.1.1.15.400000000',1,'2020-03-19 23:27:22'),(17,1,'ifHighSpeed','0','400000200','.1.3.6.1.2.1.31.1.1.1.15.400000200',1,'2020-03-19 23:27:22'),(17,1,'ifHighSpeed','0','400000206','.1.3.6.1.2.1.31.1.1.1.15.400000206',1,'2020-03-19 23:27:22'),(17,1,'ifHighSpeed','0','400000210','.1.3.6.1.2.1.31.1.1.1.15.400000210',1,'2020-03-19 23:27:22'),(17,1,'ifHighSpeed','0','400000216','.1.3.6.1.2.1.31.1.1.1.15.400000216',1,'2020-03-19 23:27:22'),(17,1,'ifHighSpeed','0','400002255','.1.3.6.1.2.1.31.1.1.1.15.400002255',1,'2020-03-19 23:27:22'),(17,1,'ifHighSpeed','1000','5','.1.3.6.1.2.1.31.1.1.1.15.5',1,'2020-03-19 23:27:22'),(17,1,'ifHighSpeed','1000','6','.1.3.6.1.2.1.31.1.1.1.15.6',1,'2020-03-19 23:27:22'),(17,1,'ifHighSpeed','1000','7','.1.3.6.1.2.1.31.1.1.1.15.7',1,'2020-03-19 23:27:22'),(17,1,'ifHwAddr','','1','.1.3.6.1.2.1.2.2.1.6.1',1,'2020-03-19 23:27:22'),(17,1,'ifHwAddr','','101020011','.1.3.6.1.2.1.2.2.1.6.101020011',1,'2020-03-19 23:27:22'),(17,1,'ifHwAddr','','101020016','.1.3.6.1.2.1.2.2.1.6.101020016',1,'2020-03-19 23:27:22'),(17,1,'ifHwAddr','','101020252','.1.3.6.1.2.1.2.2.1.6.101020252',1,'2020-03-19 23:27:22'),(17,1,'ifHwAddr','','101024011','.1.3.6.1.2.1.2.2.1.6.101024011',1,'2020-03-19 23:27:22'),(17,1,'ifHwAddr','','101024016','.1.3.6.1.2.1.2.2.1.6.101024016',1,'2020-03-19 23:27:22'),(17,1,'ifHwAddr','','2','.1.3.6.1.2.1.2.2.1.6.2',1,'2020-03-19 23:27:22'),(17,1,'ifHwAddr','','200000000','.1.3.6.1.2.1.2.2.1.6.200000000',1,'2020-03-19 23:27:22'),(17,1,'ifHwAddr','b4:c:25:f:df:0','3','.1.3.6.1.2.1.2.2.1.6.3',1,'2020-03-19 23:27:22'),(17,1,'ifHwAddr','','300000000','.1.3.6.1.2.1.2.2.1.6.300000000',1,'2020-03-19 23:27:22'),(17,1,'ifHwAddr','','300000001','.1.3.6.1.2.1.2.2.1.6.300000001',1,'2020-03-19 23:27:22'),(17,1,'ifHwAddr','','300000044','.1.3.6.1.2.1.2.2.1.6.300000044',1,'2020-03-19 23:27:22'),(17,1,'ifHwAddr','','300000064','.1.3.6.1.2.1.2.2.1.6.300000064',1,'2020-03-19 23:27:22'),(17,1,'ifHwAddr','b4:c:25:f:df:10','4','.1.3.6.1.2.1.2.2.1.6.4',1,'2020-03-19 23:27:22'),(17,1,'ifHwAddr','','400000000','.1.3.6.1.2.1.2.2.1.6.400000000',1,'2020-03-19 23:27:22'),(17,1,'ifHwAddr','','400000200','.1.3.6.1.2.1.2.2.1.6.400000200',1,'2020-03-19 23:27:22'),(17,1,'ifHwAddr','','400000206','.1.3.6.1.2.1.2.2.1.6.400000206',1,'2020-03-19 23:27:22'),(17,1,'ifHwAddr','','400000210','.1.3.6.1.2.1.2.2.1.6.400000210',1,'2020-03-19 23:27:22'),(17,1,'ifHwAddr','','400000216','.1.3.6.1.2.1.2.2.1.6.400000216',1,'2020-03-19 23:27:22'),(17,1,'ifHwAddr','','400002255','.1.3.6.1.2.1.2.2.1.6.400002255',1,'2020-03-19 23:27:22'),(17,1,'ifHwAddr','b4:c:25:f:df:11','5','.1.3.6.1.2.1.2.2.1.6.5',1,'2020-03-19 23:27:22'),(17,1,'ifHwAddr','','6','.1.3.6.1.2.1.2.2.1.6.6',1,'2020-03-19 23:27:22'),(17,1,'ifHwAddr','','7','.1.3.6.1.2.1.2.2.1.6.7',1,'2020-03-19 23:27:22'),(17,1,'ifIndex','1','1','.1.3.6.1.2.1.2.2.1.1.1',1,'2020-03-19 23:27:22'),(17,1,'ifIndex','101020011','101020011','.1.3.6.1.2.1.2.2.1.1.101020011',1,'2020-03-19 23:27:22'),(17,1,'ifIndex','101020016','101020016','.1.3.6.1.2.1.2.2.1.1.101020016',1,'2020-03-19 23:27:22'),(17,1,'ifIndex','101020252','101020252','.1.3.6.1.2.1.2.2.1.1.101020252',1,'2020-03-19 23:27:22'),(17,1,'ifIndex','101024011','101024011','.1.3.6.1.2.1.2.2.1.1.101024011',1,'2020-03-19 23:27:22'),(17,1,'ifIndex','101024016','101024016','.1.3.6.1.2.1.2.2.1.1.101024016',1,'2020-03-19 23:27:22'),(17,1,'ifIndex','2','2','.1.3.6.1.2.1.2.2.1.1.2',1,'2020-03-19 23:27:22'),(17,1,'ifIndex','200000000','200000000','.1.3.6.1.2.1.2.2.1.1.200000000',1,'2020-03-19 23:27:22'),(17,1,'ifIndex','3','3','.1.3.6.1.2.1.2.2.1.1.3',1,'2020-03-19 23:27:22'),(17,1,'ifIndex','300000000','300000000','.1.3.6.1.2.1.2.2.1.1.300000000',1,'2020-03-19 23:27:22'),(17,1,'ifIndex','300000001','300000001','.1.3.6.1.2.1.2.2.1.1.300000001',1,'2020-03-19 23:27:22'),(17,1,'ifIndex','300000044','300000044','.1.3.6.1.2.1.2.2.1.1.300000044',1,'2020-03-19 23:27:22'),(17,1,'ifIndex','300000064','300000064','.1.3.6.1.2.1.2.2.1.1.300000064',1,'2020-03-19 23:27:22'),(17,1,'ifIndex','4','4','.1.3.6.1.2.1.2.2.1.1.4',1,'2020-03-19 23:27:22'),(17,1,'ifIndex','400000000','400000000','.1.3.6.1.2.1.2.2.1.1.400000000',1,'2020-03-19 23:27:22'),(17,1,'ifIndex','400000200','400000200','.1.3.6.1.2.1.2.2.1.1.400000200',1,'2020-03-19 23:27:22'),(17,1,'ifIndex','400000206','400000206','.1.3.6.1.2.1.2.2.1.1.400000206',1,'2020-03-19 23:27:22'),(17,1,'ifIndex','400000210','400000210','.1.3.6.1.2.1.2.2.1.1.400000210',1,'2020-03-19 23:27:22'),(17,1,'ifIndex','400000216','400000216','.1.3.6.1.2.1.2.2.1.1.400000216',1,'2020-03-19 23:27:22'),(17,1,'ifIndex','400002255','400002255','.1.3.6.1.2.1.2.2.1.1.400002255',1,'2020-03-19 23:27:22'),(17,1,'ifIndex','5','5','.1.3.6.1.2.1.2.2.1.1.5',1,'2020-03-19 23:27:22'),(17,1,'ifIndex','6','6','.1.3.6.1.2.1.2.2.1.1.6',1,'2020-03-19 23:27:22'),(17,1,'ifIndex','7','7','.1.3.6.1.2.1.2.2.1.1.7',1,'2020-03-19 23:27:22'),(17,1,'ifName','ha1','1','.1.3.6.1.2.1.31.1.1.1.1.1',1,'2020-03-19 23:27:22'),(17,1,'ifName','ethernet1/2.11','101020011','.1.3.6.1.2.1.31.1.1.1.1.101020011',1,'2020-03-19 23:27:22'),(17,1,'ifName','ethernet1/2.16','101020016','.1.3.6.1.2.1.31.1.1.1.1.101020016',1,'2020-03-19 23:27:22'),(17,1,'ifName','ethernet1/2.252','101020252','.1.3.6.1.2.1.31.1.1.1.1.101020252',1,'2020-03-19 23:27:22'),(17,1,'ifName','ethernet1/2.4011','101024011','.1.3.6.1.2.1.31.1.1.1.1.101024011',1,'2020-03-19 23:27:22'),(17,1,'ifName','ethernet1/2.4016','101024016','.1.3.6.1.2.1.31.1.1.1.1.101024016',1,'2020-03-19 23:27:22'),(17,1,'ifName','ha2','2','.1.3.6.1.2.1.31.1.1.1.1.2',1,'2020-03-19 23:27:22'),(17,1,'ifName','vlan','200000000','.1.3.6.1.2.1.31.1.1.1.1.200000000',1,'2020-03-19 23:27:22'),(17,1,'ifName','mgmt','3','.1.3.6.1.2.1.31.1.1.1.1.3',1,'2020-03-19 23:27:22'),(17,1,'ifName','loopback','300000000','.1.3.6.1.2.1.31.1.1.1.1.300000000',1,'2020-03-19 23:27:22'),(17,1,'ifName','loopback.1','300000001','.1.3.6.1.2.1.31.1.1.1.1.300000001',1,'2020-03-19 23:27:22'),(17,1,'ifName','loopback.44','300000044','.1.3.6.1.2.1.31.1.1.1.1.300000044',1,'2020-03-19 23:27:22'),(17,1,'ifName','loopback.64','300000064','.1.3.6.1.2.1.31.1.1.1.1.300000064',1,'2020-03-19 23:27:22'),(17,1,'ifName','ethernet1/1','4','.1.3.6.1.2.1.31.1.1.1.1.4',1,'2020-03-19 23:27:22'),(17,1,'ifName','tunnel','400000000','.1.3.6.1.2.1.31.1.1.1.1.400000000',1,'2020-03-19 23:27:22'),(17,1,'ifName','tunnel.200','400000200','.1.3.6.1.2.1.31.1.1.1.1.400000200',1,'2020-03-19 23:27:22'),(17,1,'ifName','tunnel.206','400000206','.1.3.6.1.2.1.31.1.1.1.1.400000206',1,'2020-03-19 23:27:22'),(17,1,'ifName','tunnel.210','400000210','.1.3.6.1.2.1.31.1.1.1.1.400000210',1,'2020-03-19 23:27:22'),(17,1,'ifName','tunnel.216','400000216','.1.3.6.1.2.1.31.1.1.1.1.400000216',1,'2020-03-19 23:27:22'),(17,1,'ifName','tunnel.2255','400002255','.1.3.6.1.2.1.31.1.1.1.1.400002255',1,'2020-03-19 23:27:22'),(17,1,'ifName','ethernet1/2','5','.1.3.6.1.2.1.31.1.1.1.1.5',1,'2020-03-19 23:27:22'),(17,1,'ifName','ethernet1/3','6','.1.3.6.1.2.1.31.1.1.1.1.6',1,'2020-03-19 23:27:22'),(17,1,'ifName','ethernet1/4','7','.1.3.6.1.2.1.31.1.1.1.1.7',1,'2020-03-19 23:27:22'),(17,1,'ifOperStatus','Down','1','.1.3.6.1.2.1.2.2.1.8.1',1,'2020-03-19 23:27:22'),(17,1,'ifOperStatus','Up','101020011','.1.3.6.1.2.1.2.2.1.8.101020011',1,'2020-03-19 23:27:22'),(17,1,'ifOperStatus','Up','101020016','.1.3.6.1.2.1.2.2.1.8.101020016',1,'2020-03-19 23:27:22'),(17,1,'ifOperStatus','Up','101020252','.1.3.6.1.2.1.2.2.1.8.101020252',1,'2020-03-19 23:27:22'),(17,1,'ifOperStatus','Up','101024011','.1.3.6.1.2.1.2.2.1.8.101024011',1,'2020-03-19 23:27:22'),(17,1,'ifOperStatus','Up','101024016','.1.3.6.1.2.1.2.2.1.8.101024016',1,'2020-03-19 23:27:22'),(17,1,'ifOperStatus','Down','2','.1.3.6.1.2.1.2.2.1.8.2',1,'2020-03-19 23:27:22'),(17,1,'ifOperStatus','Up','200000000','.1.3.6.1.2.1.2.2.1.8.200000000',1,'2020-03-19 23:27:22'),(17,1,'ifOperStatus','Up','3','.1.3.6.1.2.1.2.2.1.8.3',1,'2020-03-19 23:27:22'),(17,1,'ifOperStatus','Up','300000000','.1.3.6.1.2.1.2.2.1.8.300000000',1,'2020-03-19 23:27:22'),(17,1,'ifOperStatus','Up','300000001','.1.3.6.1.2.1.2.2.1.8.300000001',1,'2020-03-19 23:27:22'),(17,1,'ifOperStatus','Up','300000044','.1.3.6.1.2.1.2.2.1.8.300000044',1,'2020-03-19 23:27:22'),(17,1,'ifOperStatus','Up','300000064','.1.3.6.1.2.1.2.2.1.8.300000064',1,'2020-03-19 23:27:22'),(17,1,'ifOperStatus','Up','4','.1.3.6.1.2.1.2.2.1.8.4',1,'2020-03-19 23:27:22'),(17,1,'ifOperStatus','Up','400000000','.1.3.6.1.2.1.2.2.1.8.400000000',1,'2020-03-19 23:27:22'),(17,1,'ifOperStatus','Up','400000200','.1.3.6.1.2.1.2.2.1.8.400000200',1,'2020-03-19 23:27:22'),(17,1,'ifOperStatus','Up','400000206','.1.3.6.1.2.1.2.2.1.8.400000206',1,'2020-03-19 23:27:22'),(17,1,'ifOperStatus','Up','400000210','.1.3.6.1.2.1.2.2.1.8.400000210',1,'2020-03-19 23:27:22'),(17,1,'ifOperStatus','Up','400000216','.1.3.6.1.2.1.2.2.1.8.400000216',1,'2020-03-19 23:27:22'),(17,1,'ifOperStatus','Up','400002255','.1.3.6.1.2.1.2.2.1.8.400002255',1,'2020-03-19 23:27:22'),(17,1,'ifOperStatus','Up','5','.1.3.6.1.2.1.2.2.1.8.5',1,'2020-03-19 23:27:22'),(17,1,'ifOperStatus','Down','6','.1.3.6.1.2.1.2.2.1.8.6',1,'2020-03-19 23:27:22'),(17,1,'ifOperStatus','Down','7','.1.3.6.1.2.1.2.2.1.8.7',1,'2020-03-19 23:27:22'),(17,1,'ifSpeed','1000000000','1','.1.3.6.1.2.1.2.2.1.5.1',1,'2020-03-19 23:27:22'),(17,1,'ifSpeed','1000000000','101020011','.1.3.6.1.2.1.2.2.1.5.101020011',1,'2020-03-19 23:27:22'),(17,1,'ifSpeed','1000000000','101020016','.1.3.6.1.2.1.2.2.1.5.101020016',1,'2020-03-19 23:27:22'),(17,1,'ifSpeed','1000000000','101020252','.1.3.6.1.2.1.2.2.1.5.101020252',1,'2020-03-19 23:27:22'),(17,1,'ifSpeed','1000000000','101024011','.1.3.6.1.2.1.2.2.1.5.101024011',1,'2020-03-19 23:27:22'),(17,1,'ifSpeed','1000000000','101024016','.1.3.6.1.2.1.2.2.1.5.101024016',1,'2020-03-19 23:27:22'),(17,1,'ifSpeed','1000000000','2','.1.3.6.1.2.1.2.2.1.5.2',1,'2020-03-19 23:27:22'),(17,1,'ifSpeed','0','200000000','.1.3.6.1.2.1.2.2.1.5.200000000',1,'2020-03-19 23:27:22'),(17,1,'ifSpeed','100000000','3','.1.3.6.1.2.1.2.2.1.5.3',1,'2020-03-19 23:27:22'),(17,1,'ifSpeed','0','300000000','.1.3.6.1.2.1.2.2.1.5.300000000',1,'2020-03-19 23:27:22'),(17,1,'ifSpeed','0','300000001','.1.3.6.1.2.1.2.2.1.5.300000001',1,'2020-03-19 23:27:22'),(17,1,'ifSpeed','0','300000044','.1.3.6.1.2.1.2.2.1.5.300000044',1,'2020-03-19 23:27:22'),(17,1,'ifSpeed','0','300000064','.1.3.6.1.2.1.2.2.1.5.300000064',1,'2020-03-19 23:27:22'),(17,1,'ifSpeed','1000000000','4','.1.3.6.1.2.1.2.2.1.5.4',1,'2020-03-19 23:27:22'),(17,1,'ifSpeed','0','400000000','.1.3.6.1.2.1.2.2.1.5.400000000',1,'2020-03-19 23:27:22'),(17,1,'ifSpeed','0','400000200','.1.3.6.1.2.1.2.2.1.5.400000200',1,'2020-03-19 23:27:22'),(17,1,'ifSpeed','0','400000206','.1.3.6.1.2.1.2.2.1.5.400000206',1,'2020-03-19 23:27:22'),(17,1,'ifSpeed','0','400000210','.1.3.6.1.2.1.2.2.1.5.400000210',1,'2020-03-19 23:27:22'),(17,1,'ifSpeed','0','400000216','.1.3.6.1.2.1.2.2.1.5.400000216',1,'2020-03-19 23:27:22'),(17,1,'ifSpeed','0','400002255','.1.3.6.1.2.1.2.2.1.5.400002255',1,'2020-03-19 23:27:22'),(17,1,'ifSpeed','1000000000','5','.1.3.6.1.2.1.2.2.1.5.5',1,'2020-03-19 23:27:22'),(17,1,'ifSpeed','1000000000','6','.1.3.6.1.2.1.2.2.1.5.6',1,'2020-03-19 23:27:22'),(17,1,'ifSpeed','1000000000','7','.1.3.6.1.2.1.2.2.1.5.7',1,'2020-03-19 23:27:22'),(17,1,'ifType','ethernetCsmacd','1','.1.3.6.1.2.1.2.2.1.3.1',1,'2020-03-19 23:27:22'),(17,1,'ifType','l3ipvlan','101020011','.1.3.6.1.2.1.2.2.1.3.101020011',1,'2020-03-19 23:27:22'),(17,1,'ifType','l3ipvlan','101020016','.1.3.6.1.2.1.2.2.1.3.101020016',1,'2020-03-19 23:27:22'),(17,1,'ifType','l3ipvlan','101020252','.1.3.6.1.2.1.2.2.1.3.101020252',1,'2020-03-19 23:27:22'),(17,1,'ifType','l3ipvlan','101024011','.1.3.6.1.2.1.2.2.1.3.101024011',1,'2020-03-19 23:27:22'),(17,1,'ifType','l3ipvlan','101024016','.1.3.6.1.2.1.2.2.1.3.101024016',1,'2020-03-19 23:27:22'),(17,1,'ifType','ethernetCsmacd','2','.1.3.6.1.2.1.2.2.1.3.2',1,'2020-03-19 23:27:22'),(17,1,'ifType','l2vlan','200000000','.1.3.6.1.2.1.2.2.1.3.200000000',1,'2020-03-19 23:27:22'),(17,1,'ifType','ethernetCsmacd','3','.1.3.6.1.2.1.2.2.1.3.3',1,'2020-03-19 23:27:22'),(17,1,'ifType','softwareLoopback','300000000','.1.3.6.1.2.1.2.2.1.3.300000000',1,'2020-03-19 23:27:22'),(17,1,'ifType','softwareLoopback','300000001','.1.3.6.1.2.1.2.2.1.3.300000001',1,'2020-03-19 23:27:22'),(17,1,'ifType','softwareLoopback','300000044','.1.3.6.1.2.1.2.2.1.3.300000044',1,'2020-03-19 23:27:22'),(17,1,'ifType','softwareLoopback','300000064','.1.3.6.1.2.1.2.2.1.3.300000064',1,'2020-03-19 23:27:22'),(17,1,'ifType','ethernetCsmacd','4','.1.3.6.1.2.1.2.2.1.3.4',1,'2020-03-19 23:27:22'),(17,1,'ifType','tunnel','400000000','.1.3.6.1.2.1.2.2.1.3.400000000',1,'2020-03-19 23:27:22'),(17,1,'ifType','tunnel','400000200','.1.3.6.1.2.1.2.2.1.3.400000200',1,'2020-03-19 23:27:22'),(17,1,'ifType','tunnel','400000206','.1.3.6.1.2.1.2.2.1.3.400000206',1,'2020-03-19 23:27:22'),(17,1,'ifType','tunnel','400000210','.1.3.6.1.2.1.2.2.1.3.400000210',1,'2020-03-19 23:27:22'),(17,1,'ifType','tunnel','400000216','.1.3.6.1.2.1.2.2.1.3.400000216',1,'2020-03-19 23:27:22'),(17,1,'ifType','tunnel','400002255','.1.3.6.1.2.1.2.2.1.3.400002255',1,'2020-03-19 23:27:22'),(17,1,'ifType','ethernetCsmacd','5','.1.3.6.1.2.1.2.2.1.3.5',1,'2020-03-19 23:27:22'),(17,1,'ifType','ethernetCsmacd','6','.1.3.6.1.2.1.2.2.1.3.6',1,'2020-03-19 23:27:22'),(17,1,'ifType','ethernetCsmacd','7','.1.3.6.1.2.1.2.2.1.3.7',1,'2020-03-19 23:27:22'),(18,1,'ifAdminStatus','Up','1','.1.3.6.1.2.1.2.2.1.7.1',1,'2020-03-21 06:40:27'),(18,1,'ifAdminStatus','Down','10','.1.3.6.1.2.1.2.2.1.7.10',1,'2020-03-21 06:40:27'),(18,1,'ifAdminStatus','Down','11','.1.3.6.1.2.1.2.2.1.7.11',1,'2020-03-21 06:40:27'),(18,1,'ifAdminStatus','Up','12','.1.3.6.1.2.1.2.2.1.7.12',1,'2020-03-21 06:40:27'),(18,1,'ifAdminStatus','Up','13','.1.3.6.1.2.1.2.2.1.7.13',1,'2020-03-21 06:40:27'),(18,1,'ifAdminStatus','Up','14','.1.3.6.1.2.1.2.2.1.7.14',1,'2020-03-21 06:40:27'),(18,1,'ifAdminStatus','Up','15','.1.3.6.1.2.1.2.2.1.7.15',1,'2020-03-21 06:40:27'),(18,1,'ifAdminStatus','Up','16','.1.3.6.1.2.1.2.2.1.7.16',1,'2020-03-21 06:40:27'),(18,1,'ifAdminStatus','Up','17','.1.3.6.1.2.1.2.2.1.7.17',1,'2020-03-21 06:40:27'),(18,1,'ifAdminStatus','Up','18','.1.3.6.1.2.1.2.2.1.7.18',1,'2020-03-21 06:40:27'),(18,1,'ifAdminStatus','Up','19','.1.3.6.1.2.1.2.2.1.7.19',1,'2020-03-21 06:40:27'),(18,1,'ifAdminStatus','Down','2','.1.3.6.1.2.1.2.2.1.7.2',1,'2020-03-21 06:40:27'),(18,1,'ifAdminStatus','Up','20','.1.3.6.1.2.1.2.2.1.7.20',1,'2020-03-21 06:40:27'),(18,1,'ifAdminStatus','Up','21','.1.3.6.1.2.1.2.2.1.7.21',1,'2020-03-21 06:40:27'),(18,1,'ifAdminStatus','Up','22','.1.3.6.1.2.1.2.2.1.7.22',1,'2020-03-21 06:40:27'),(18,1,'ifAdminStatus','Up','23','.1.3.6.1.2.1.2.2.1.7.23',1,'2020-03-21 06:40:27'),(18,1,'ifAdminStatus','Up','24','.1.3.6.1.2.1.2.2.1.7.24',1,'2020-03-21 06:40:27'),(18,1,'ifAdminStatus','Up','3','.1.3.6.1.2.1.2.2.1.7.3',1,'2020-03-21 06:40:27'),(18,1,'ifAdminStatus','Down','4','.1.3.6.1.2.1.2.2.1.7.4',1,'2020-03-21 06:40:27'),(18,1,'ifAdminStatus','Up','5','.1.3.6.1.2.1.2.2.1.7.5',1,'2020-03-21 06:40:27'),(18,1,'ifAdminStatus','Up','6','.1.3.6.1.2.1.2.2.1.7.6',1,'2020-03-21 06:40:27'),(18,1,'ifAdminStatus','Up','7','.1.3.6.1.2.1.2.2.1.7.7',1,'2020-03-21 06:40:27'),(18,1,'ifAdminStatus','Up','8','.1.3.6.1.2.1.2.2.1.7.8',1,'2020-03-21 06:40:27'),(18,1,'ifAdminStatus','Up','9','.1.3.6.1.2.1.2.2.1.7.9',1,'2020-03-21 06:40:27'),(18,1,'ifAlias','Loopback Pseudo-Interface 1','1','.1.3.6.1.2.1.31.1.1.1.18.1',1,'2020-03-21 06:40:27'),(18,1,'ifAlias','','10','.1.3.6.1.2.1.31.1.1.1.18.10',1,'2020-03-21 06:40:27'),(18,1,'ifAlias','Teredo Tunneling Pseudo-Interface','11','.1.3.6.1.2.1.31.1.1.1.18.11',1,'2020-03-21 06:40:27'),(18,1,'ifAlias','','12','.1.3.6.1.2.1.31.1.1.1.18.12',1,'2020-03-21 06:40:27'),(18,1,'ifAlias','','13','.1.3.6.1.2.1.31.1.1.1.18.13',1,'2020-03-21 06:40:27'),(18,1,'ifAlias','','14','.1.3.6.1.2.1.31.1.1.1.18.14',1,'2020-03-21 06:40:27'),(18,1,'ifAlias','','15','.1.3.6.1.2.1.31.1.1.1.18.15',1,'2020-03-21 06:40:27'),(18,1,'ifAlias','Ethernet0-WFP Native MAC Layer LightWeight Filter-0000','16','.1.3.6.1.2.1.31.1.1.1.18.16',1,'2020-03-21 06:40:27'),(18,1,'ifAlias','Ethernet0-QoS Packet Scheduler-0000','17','.1.3.6.1.2.1.31.1.1.1.18.17',1,'2020-03-21 06:40:27'),(18,1,'ifAlias','Ethernet0-WFP 802.3 MAC Layer LightWeight Filter-0000','18','.1.3.6.1.2.1.31.1.1.1.18.18',1,'2020-03-21 06:40:27'),(18,1,'ifAlias','','19','.1.3.6.1.2.1.31.1.1.1.18.19',1,'2020-03-21 06:40:27'),(18,1,'ifAlias','6to4 Adapter','2','.1.3.6.1.2.1.31.1.1.1.18.2',1,'2020-03-21 06:40:27'),(18,1,'ifAlias','','20','.1.3.6.1.2.1.31.1.1.1.18.20',1,'2020-03-21 06:40:27'),(18,1,'ifAlias','','21','.1.3.6.1.2.1.31.1.1.1.18.21',1,'2020-03-21 06:40:27'),(18,1,'ifAlias','','22','.1.3.6.1.2.1.31.1.1.1.18.22',1,'2020-03-21 06:40:27'),(18,1,'ifAlias','','23','.1.3.6.1.2.1.31.1.1.1.18.23',1,'2020-03-21 06:40:27'),(18,1,'ifAlias','','24','.1.3.6.1.2.1.31.1.1.1.18.24',1,'2020-03-21 06:40:27'),(18,1,'ifAlias','','3','.1.3.6.1.2.1.31.1.1.1.18.3',1,'2020-03-21 06:40:27'),(18,1,'ifAlias','Microsoft IP-HTTPS Platform Interface','4','.1.3.6.1.2.1.31.1.1.1.18.4',1,'2020-03-21 06:40:27'),(18,1,'ifAlias','','5','.1.3.6.1.2.1.31.1.1.1.18.5',1,'2020-03-21 06:40:27'),(18,1,'ifAlias','','6','.1.3.6.1.2.1.31.1.1.1.18.6',1,'2020-03-21 06:40:27'),(18,1,'ifAlias','','7','.1.3.6.1.2.1.31.1.1.1.18.7',1,'2020-03-21 06:40:27'),(18,1,'ifAlias','Ethernet0','8','.1.3.6.1.2.1.31.1.1.1.18.8',1,'2020-03-21 06:40:27'),(18,1,'ifAlias','','9','.1.3.6.1.2.1.31.1.1.1.18.9',1,'2020-03-21 06:40:27'),(18,1,'ifDescr','Software Loopback Interface 1','1','.1.3.6.1.2.1.2.2.1.2.1',1,'2020-03-21 06:40:27'),(18,1,'ifDescr','Microsoft Kernel Debug Network Adapter','10','.1.3.6.1.2.1.2.2.1.2.10',1,'2020-03-21 06:40:27'),(18,1,'ifDescr','Microsoft Teredo Tunneling Adapter','11','.1.3.6.1.2.1.2.2.1.2.11',1,'2020-03-21 06:40:27'),(18,1,'ifDescr','WAN Miniport (PPPOE)','12','.1.3.6.1.2.1.2.2.1.2.12',1,'2020-03-21 06:40:27'),(18,1,'ifDescr','WAN Miniport (L2TP)','13','.1.3.6.1.2.1.2.2.1.2.13',1,'2020-03-21 06:40:27'),(18,1,'ifDescr','WAN Miniport (Network Monitor)','14','.1.3.6.1.2.1.2.2.1.2.14',1,'2020-03-21 06:40:27'),(18,1,'ifDescr','WAN Miniport (SSTP)','15','.1.3.6.1.2.1.2.2.1.2.15',1,'2020-03-21 06:40:27'),(18,1,'ifDescr','Intel(R) 82574L Gigabit Network Connection-WFP Native MAC Layer LightWeight Filter-0000','16','.1.3.6.1.2.1.2.2.1.2.16',1,'2020-03-21 06:40:27'),(18,1,'ifDescr','Intel(R) 82574L Gigabit Network Connection-QoS Packet Scheduler-0000','17','.1.3.6.1.2.1.2.2.1.2.17',1,'2020-03-21 06:40:27'),(18,1,'ifDescr','Intel(R) 82574L Gigabit Network Connection-WFP 802.3 MAC Layer LightWeight Filter-0000','18','.1.3.6.1.2.1.2.2.1.2.18',1,'2020-03-21 06:40:27'),(18,1,'ifDescr','WAN Miniport (IP)-WFP Native MAC Layer LightWeight Filter-0000','19','.1.3.6.1.2.1.2.2.1.2.19',1,'2020-03-21 06:40:27'),(18,1,'ifDescr','Microsoft 6to4 Adapter','2','.1.3.6.1.2.1.2.2.1.2.2',1,'2020-03-21 06:40:27'),(18,1,'ifDescr','WAN Miniport (IP)-QoS Packet Scheduler-0000','20','.1.3.6.1.2.1.2.2.1.2.20',1,'2020-03-21 06:40:27'),(18,1,'ifDescr','WAN Miniport (IPv6)-WFP Native MAC Layer LightWeight Filter-0000','21','.1.3.6.1.2.1.2.2.1.2.21',1,'2020-03-21 06:40:27'),(18,1,'ifDescr','WAN Miniport (IPv6)-QoS Packet Scheduler-0000','22','.1.3.6.1.2.1.2.2.1.2.22',1,'2020-03-21 06:40:27'),(18,1,'ifDescr','WAN Miniport (Network Monitor)-WFP Native MAC Layer LightWeight Filter-0000','23','.1.3.6.1.2.1.2.2.1.2.23',1,'2020-03-21 06:40:27'),(18,1,'ifDescr','WAN Miniport (Network Monitor)-QoS Packet Scheduler-0000','24','.1.3.6.1.2.1.2.2.1.2.24',1,'2020-03-21 06:40:27'),(18,1,'ifDescr','WAN Miniport (IP)','3','.1.3.6.1.2.1.2.2.1.2.3',1,'2020-03-21 06:40:27'),(18,1,'ifDescr','Microsoft IP-HTTPS Platform Adapter','4','.1.3.6.1.2.1.2.2.1.2.4',1,'2020-03-21 06:40:27'),(18,1,'ifDescr','WAN Miniport (GRE)','5','.1.3.6.1.2.1.2.2.1.2.5',1,'2020-03-21 06:40:27'),(18,1,'ifDescr','WAN Miniport (PPTP)','6','.1.3.6.1.2.1.2.2.1.2.6',1,'2020-03-21 06:40:27'),(18,1,'ifDescr','WAN Miniport (IPv6)','7','.1.3.6.1.2.1.2.2.1.2.7',1,'2020-03-21 06:40:27'),(18,1,'ifDescr','Intel(R) 82574L Gigabit Network Connection','8','.1.3.6.1.2.1.2.2.1.2.8',1,'2020-03-21 06:40:27'),(18,1,'ifDescr','WAN Miniport (IKEv2)','9','.1.3.6.1.2.1.2.2.1.2.9',1,'2020-03-21 06:40:27'),(18,1,'ifHighSpeed','1073','1','.1.3.6.1.2.1.31.1.1.1.15.1',1,'2020-03-21 06:40:27'),(18,1,'ifHighSpeed','0','10','.1.3.6.1.2.1.31.1.1.1.15.10',1,'2020-03-21 06:40:27'),(18,1,'ifHighSpeed','0','11','.1.3.6.1.2.1.31.1.1.1.15.11',1,'2020-03-21 06:40:27'),(18,1,'ifHighSpeed','0','12','.1.3.6.1.2.1.31.1.1.1.15.12',1,'2020-03-21 06:40:27'),(18,1,'ifHighSpeed','0','13','.1.3.6.1.2.1.31.1.1.1.15.13',1,'2020-03-21 06:40:27'),(18,1,'ifHighSpeed','0','14','.1.3.6.1.2.1.31.1.1.1.15.14',1,'2020-03-21 06:40:27'),(18,1,'ifHighSpeed','0','15','.1.3.6.1.2.1.31.1.1.1.15.15',1,'2020-03-21 06:40:27'),(18,1,'ifHighSpeed','1000','16','.1.3.6.1.2.1.31.1.1.1.15.16',1,'2020-03-21 06:40:27'),(18,1,'ifHighSpeed','1000','17','.1.3.6.1.2.1.31.1.1.1.15.17',1,'2020-03-21 06:40:27'),(18,1,'ifHighSpeed','1000','18','.1.3.6.1.2.1.31.1.1.1.15.18',1,'2020-03-21 06:40:27'),(18,1,'ifHighSpeed','0','19','.1.3.6.1.2.1.31.1.1.1.15.19',1,'2020-03-21 06:40:27'),(18,1,'ifHighSpeed','0','2','.1.3.6.1.2.1.31.1.1.1.15.2',1,'2020-03-21 06:40:27'),(18,1,'ifHighSpeed','0','20','.1.3.6.1.2.1.31.1.1.1.15.20',1,'2020-03-21 06:40:27'),(18,1,'ifHighSpeed','0','21','.1.3.6.1.2.1.31.1.1.1.15.21',1,'2020-03-21 06:40:27'),(18,1,'ifHighSpeed','0','22','.1.3.6.1.2.1.31.1.1.1.15.22',1,'2020-03-21 06:40:27'),(18,1,'ifHighSpeed','0','23','.1.3.6.1.2.1.31.1.1.1.15.23',1,'2020-03-21 06:40:27'),(18,1,'ifHighSpeed','0','24','.1.3.6.1.2.1.31.1.1.1.15.24',1,'2020-03-21 06:40:27'),(18,1,'ifHighSpeed','0','3','.1.3.6.1.2.1.31.1.1.1.15.3',1,'2020-03-21 06:40:27'),(18,1,'ifHighSpeed','0','4','.1.3.6.1.2.1.31.1.1.1.15.4',1,'2020-03-21 06:40:27'),(18,1,'ifHighSpeed','0','5','.1.3.6.1.2.1.31.1.1.1.15.5',1,'2020-03-21 06:40:27'),(18,1,'ifHighSpeed','0','6','.1.3.6.1.2.1.31.1.1.1.15.6',1,'2020-03-21 06:40:27'),(18,1,'ifHighSpeed','0','7','.1.3.6.1.2.1.31.1.1.1.15.7',1,'2020-03-21 06:40:27'),(18,1,'ifHighSpeed','1000','8','.1.3.6.1.2.1.31.1.1.1.15.8',1,'2020-03-21 06:40:27'),(18,1,'ifHighSpeed','0','9','.1.3.6.1.2.1.31.1.1.1.15.9',1,'2020-03-21 06:40:27'),(18,1,'ifHwAddr','','1','.1.3.6.1.2.1.2.2.1.6.1',1,'2020-03-21 06:40:27'),(18,1,'ifHwAddr','','10','.1.3.6.1.2.1.2.2.1.6.10',1,'2020-03-21 06:40:27'),(18,1,'ifHwAddr','','11','.1.3.6.1.2.1.2.2.1.6.11',1,'2020-03-21 06:40:27'),(18,1,'ifHwAddr','','12','.1.3.6.1.2.1.2.2.1.6.12',1,'2020-03-21 06:40:27'),(18,1,'ifHwAddr','','13','.1.3.6.1.2.1.2.2.1.6.13',1,'2020-03-21 06:40:27'),(18,1,'ifHwAddr','','14','.1.3.6.1.2.1.2.2.1.6.14',1,'2020-03-21 06:40:27'),(18,1,'ifHwAddr','','15','.1.3.6.1.2.1.2.2.1.6.15',1,'2020-03-21 06:40:27'),(18,1,'ifHwAddr','0:c:29:ea:9f:6a','16','.1.3.6.1.2.1.2.2.1.6.16',1,'2020-03-21 06:40:27'),(18,1,'ifHwAddr','0:c:29:ea:9f:6a','17','.1.3.6.1.2.1.2.2.1.6.17',1,'2020-03-21 06:40:27'),(18,1,'ifHwAddr','0:c:29:ea:9f:6a','18','.1.3.6.1.2.1.2.2.1.6.18',1,'2020-03-21 06:40:27'),(18,1,'ifHwAddr','','19','.1.3.6.1.2.1.2.2.1.6.19',1,'2020-03-21 06:40:27'),(18,1,'ifHwAddr','','2','.1.3.6.1.2.1.2.2.1.6.2',1,'2020-03-21 06:40:27'),(18,1,'ifHwAddr','','20','.1.3.6.1.2.1.2.2.1.6.20',1,'2020-03-21 06:40:27'),(18,1,'ifHwAddr','','21','.1.3.6.1.2.1.2.2.1.6.21',1,'2020-03-21 06:40:27'),(18,1,'ifHwAddr','','22','.1.3.6.1.2.1.2.2.1.6.22',1,'2020-03-21 06:40:27'),(18,1,'ifHwAddr','','23','.1.3.6.1.2.1.2.2.1.6.23',1,'2020-03-21 06:40:27'),(18,1,'ifHwAddr','','24','.1.3.6.1.2.1.2.2.1.6.24',1,'2020-03-21 06:40:27'),(18,1,'ifHwAddr','','3','.1.3.6.1.2.1.2.2.1.6.3',1,'2020-03-21 06:40:27'),(18,1,'ifHwAddr','','4','.1.3.6.1.2.1.2.2.1.6.4',1,'2020-03-21 06:40:27'),(18,1,'ifHwAddr','','5','.1.3.6.1.2.1.2.2.1.6.5',1,'2020-03-21 06:40:27'),(18,1,'ifHwAddr','','6','.1.3.6.1.2.1.2.2.1.6.6',1,'2020-03-21 06:40:27'),(18,1,'ifHwAddr','','7','.1.3.6.1.2.1.2.2.1.6.7',1,'2020-03-21 06:40:27'),(18,1,'ifHwAddr','0:c:29:ea:9f:6a','8','.1.3.6.1.2.1.2.2.1.6.8',1,'2020-03-21 06:40:27'),(18,1,'ifHwAddr','','9','.1.3.6.1.2.1.2.2.1.6.9',1,'2020-03-21 06:40:27'),(18,1,'ifIndex','1','1','.1.3.6.1.2.1.2.2.1.1.1',1,'2020-03-21 06:40:27'),(18,1,'ifIndex','10','10','.1.3.6.1.2.1.2.2.1.1.10',1,'2020-03-21 06:40:27'),(18,1,'ifIndex','11','11','.1.3.6.1.2.1.2.2.1.1.11',1,'2020-03-21 06:40:27'),(18,1,'ifIndex','12','12','.1.3.6.1.2.1.2.2.1.1.12',1,'2020-03-21 06:40:27'),(18,1,'ifIndex','13','13','.1.3.6.1.2.1.2.2.1.1.13',1,'2020-03-21 06:40:27'),(18,1,'ifIndex','14','14','.1.3.6.1.2.1.2.2.1.1.14',1,'2020-03-21 06:40:27'),(18,1,'ifIndex','15','15','.1.3.6.1.2.1.2.2.1.1.15',1,'2020-03-21 06:40:27'),(18,1,'ifIndex','16','16','.1.3.6.1.2.1.2.2.1.1.16',1,'2020-03-21 06:40:27'),(18,1,'ifIndex','17','17','.1.3.6.1.2.1.2.2.1.1.17',1,'2020-03-21 06:40:27'),(18,1,'ifIndex','18','18','.1.3.6.1.2.1.2.2.1.1.18',1,'2020-03-21 06:40:27'),(18,1,'ifIndex','19','19','.1.3.6.1.2.1.2.2.1.1.19',1,'2020-03-21 06:40:27'),(18,1,'ifIndex','2','2','.1.3.6.1.2.1.2.2.1.1.2',1,'2020-03-21 06:40:27'),(18,1,'ifIndex','20','20','.1.3.6.1.2.1.2.2.1.1.20',1,'2020-03-21 06:40:27'),(18,1,'ifIndex','21','21','.1.3.6.1.2.1.2.2.1.1.21',1,'2020-03-21 06:40:27'),(18,1,'ifIndex','22','22','.1.3.6.1.2.1.2.2.1.1.22',1,'2020-03-21 06:40:27'),(18,1,'ifIndex','23','23','.1.3.6.1.2.1.2.2.1.1.23',1,'2020-03-21 06:40:27'),(18,1,'ifIndex','24','24','.1.3.6.1.2.1.2.2.1.1.24',1,'2020-03-21 06:40:27'),(18,1,'ifIndex','3','3','.1.3.6.1.2.1.2.2.1.1.3',1,'2020-03-21 06:40:27'),(18,1,'ifIndex','4','4','.1.3.6.1.2.1.2.2.1.1.4',1,'2020-03-21 06:40:27'),(18,1,'ifIndex','5','5','.1.3.6.1.2.1.2.2.1.1.5',1,'2020-03-21 06:40:27'),(18,1,'ifIndex','6','6','.1.3.6.1.2.1.2.2.1.1.6',1,'2020-03-21 06:40:27'),(18,1,'ifIndex','7','7','.1.3.6.1.2.1.2.2.1.1.7',1,'2020-03-21 06:40:27'),(18,1,'ifIndex','8','8','.1.3.6.1.2.1.2.2.1.1.8',1,'2020-03-21 06:40:27'),(18,1,'ifIndex','9','9','.1.3.6.1.2.1.2.2.1.1.9',1,'2020-03-21 06:40:27'),(18,1,'ifIP','127.0.0.1','1','.1.3.6.1.2.1.4.20.1.2.127.0.0.1',1,'2020-03-21 06:40:27'),(18,1,'ifIP','10.254.10.241','8','.1.3.6.1.2.1.4.20.1.2.10.254.10.241',1,'2020-03-21 06:40:27'),(18,1,'ifName','loopback_0','1','.1.3.6.1.2.1.31.1.1.1.1.1',1,'2020-03-21 06:40:27'),(18,1,'ifName','ethernet_32768','10','.1.3.6.1.2.1.31.1.1.1.1.10',1,'2020-03-21 06:40:27'),(18,1,'ifName','tunnel_32512','11','.1.3.6.1.2.1.31.1.1.1.1.11',1,'2020-03-21 06:40:27'),(18,1,'ifName','ppp_32768','12','.1.3.6.1.2.1.31.1.1.1.1.12',1,'2020-03-21 06:40:27'),(18,1,'ifName','tunnel_32770','13','.1.3.6.1.2.1.31.1.1.1.1.13',1,'2020-03-21 06:40:27'),(18,1,'ifName','ethernet_32772','14','.1.3.6.1.2.1.31.1.1.1.1.14',1,'2020-03-21 06:40:27'),(18,1,'ifName','tunnel_32768','15','.1.3.6.1.2.1.31.1.1.1.1.15',1,'2020-03-21 06:40:27'),(18,1,'ifName','ethernet_0','16','.1.3.6.1.2.1.31.1.1.1.1.16',1,'2020-03-21 06:40:27'),(18,1,'ifName','ethernet_1','17','.1.3.6.1.2.1.31.1.1.1.1.17',1,'2020-03-21 06:40:27'),(18,1,'ifName','ethernet_2','18','.1.3.6.1.2.1.31.1.1.1.1.18',1,'2020-03-21 06:40:27'),(18,1,'ifName','ethernet_3','19','.1.3.6.1.2.1.31.1.1.1.1.19',1,'2020-03-21 06:40:27'),(18,1,'ifName','tunnel_32514','2','.1.3.6.1.2.1.31.1.1.1.1.2',1,'2020-03-21 06:40:27'),(18,1,'ifName','ethernet_4','20','.1.3.6.1.2.1.31.1.1.1.1.20',1,'2020-03-21 06:40:27'),(18,1,'ifName','ethernet_5','21','.1.3.6.1.2.1.31.1.1.1.1.21',1,'2020-03-21 06:40:27'),(18,1,'ifName','ethernet_6','22','.1.3.6.1.2.1.31.1.1.1.1.22',1,'2020-03-21 06:40:27'),(18,1,'ifName','ethernet_7','23','.1.3.6.1.2.1.31.1.1.1.1.23',1,'2020-03-21 06:40:27'),(18,1,'ifName','ethernet_8','24','.1.3.6.1.2.1.31.1.1.1.1.24',1,'2020-03-21 06:40:27'),(18,1,'ifName','ethernet_32770','3','.1.3.6.1.2.1.31.1.1.1.1.3',1,'2020-03-21 06:40:27'),(18,1,'ifName','tunnel_32513','4','.1.3.6.1.2.1.31.1.1.1.1.4',1,'2020-03-21 06:40:27'),(18,1,'ifName','tunnel_32772','5','.1.3.6.1.2.1.31.1.1.1.1.5',1,'2020-03-21 06:40:27'),(18,1,'ifName','tunnel_32771','6','.1.3.6.1.2.1.31.1.1.1.1.6',1,'2020-03-21 06:40:27'),(18,1,'ifName','ethernet_32771','7','.1.3.6.1.2.1.31.1.1.1.1.7',1,'2020-03-21 06:40:27'),(18,1,'ifName','ethernet_32769','8','.1.3.6.1.2.1.31.1.1.1.1.8',1,'2020-03-21 06:40:27'),(18,1,'ifName','tunnel_32769','9','.1.3.6.1.2.1.31.1.1.1.1.9',1,'2020-03-21 06:40:27'),(18,1,'ifOperStatus','Up','1','.1.3.6.1.2.1.2.2.1.8.1',1,'2020-03-21 06:40:27'),(18,1,'ifOperStatus','notPresent','10','.1.3.6.1.2.1.2.2.1.8.10',1,'2020-03-21 06:40:27'),(18,1,'ifOperStatus','notPresent','11','.1.3.6.1.2.1.2.2.1.8.11',1,'2020-03-21 06:40:27'),(18,1,'ifOperStatus','Down','12','.1.3.6.1.2.1.2.2.1.8.12',1,'2020-03-21 06:40:27'),(18,1,'ifOperStatus','Down','13','.1.3.6.1.2.1.2.2.1.8.13',1,'2020-03-21 06:40:27'),(18,1,'ifOperStatus','Up','14','.1.3.6.1.2.1.2.2.1.8.14',1,'2020-03-21 06:40:27'),(18,1,'ifOperStatus','Down','15','.1.3.6.1.2.1.2.2.1.8.15',1,'2020-03-21 06:40:27'),(18,1,'ifOperStatus','Up','16','.1.3.6.1.2.1.2.2.1.8.16',1,'2020-03-21 06:40:27'),(18,1,'ifOperStatus','Up','17','.1.3.6.1.2.1.2.2.1.8.17',1,'2020-03-21 06:40:27'),(18,1,'ifOperStatus','Up','18','.1.3.6.1.2.1.2.2.1.8.18',1,'2020-03-21 06:40:27'),(18,1,'ifOperStatus','Up','19','.1.3.6.1.2.1.2.2.1.8.19',1,'2020-03-21 06:40:27'),(18,1,'ifOperStatus','notPresent','2','.1.3.6.1.2.1.2.2.1.8.2',1,'2020-03-21 06:40:27'),(18,1,'ifOperStatus','Up','20','.1.3.6.1.2.1.2.2.1.8.20',1,'2020-03-21 06:40:27'),(18,1,'ifOperStatus','Up','21','.1.3.6.1.2.1.2.2.1.8.21',1,'2020-03-21 06:40:27'),(18,1,'ifOperStatus','Up','22','.1.3.6.1.2.1.2.2.1.8.22',1,'2020-03-21 06:40:27'),(18,1,'ifOperStatus','Up','23','.1.3.6.1.2.1.2.2.1.8.23',1,'2020-03-21 06:40:27'),(18,1,'ifOperStatus','Up','24','.1.3.6.1.2.1.2.2.1.8.24',1,'2020-03-21 06:40:27'),(18,1,'ifOperStatus','Up','3','.1.3.6.1.2.1.2.2.1.8.3',1,'2020-03-21 06:40:27'),(18,1,'ifOperStatus','notPresent','4','.1.3.6.1.2.1.2.2.1.8.4',1,'2020-03-21 06:40:27'),(18,1,'ifOperStatus','Down','5','.1.3.6.1.2.1.2.2.1.8.5',1,'2020-03-21 06:40:27'),(18,1,'ifOperStatus','Down','6','.1.3.6.1.2.1.2.2.1.8.6',1,'2020-03-21 06:40:27'),(18,1,'ifOperStatus','Up','7','.1.3.6.1.2.1.2.2.1.8.7',1,'2020-03-21 06:40:27'),(18,1,'ifOperStatus','Up','8','.1.3.6.1.2.1.2.2.1.8.8',1,'2020-03-21 06:40:27'),(18,1,'ifOperStatus','Down','9','.1.3.6.1.2.1.2.2.1.8.9',1,'2020-03-21 06:40:27'),(18,1,'ifSpeed','1073741824','1','.1.3.6.1.2.1.2.2.1.5.1',1,'2020-03-21 06:40:27'),(18,1,'ifSpeed','0','10','.1.3.6.1.2.1.2.2.1.5.10',1,'2020-03-21 06:40:27'),(18,1,'ifSpeed','0','11','.1.3.6.1.2.1.2.2.1.5.11',1,'2020-03-21 06:40:27'),(18,1,'ifSpeed','0','12','.1.3.6.1.2.1.2.2.1.5.12',1,'2020-03-21 06:40:27'),(18,1,'ifSpeed','0','13','.1.3.6.1.2.1.2.2.1.5.13',1,'2020-03-21 06:40:27'),(18,1,'ifSpeed','0','14','.1.3.6.1.2.1.2.2.1.5.14',1,'2020-03-21 06:40:27'),(18,1,'ifSpeed','0','15','.1.3.6.1.2.1.2.2.1.5.15',1,'2020-03-21 06:40:27'),(18,1,'ifSpeed','1000000000','16','.1.3.6.1.2.1.2.2.1.5.16',1,'2020-03-21 06:40:27'),(18,1,'ifSpeed','1000000000','17','.1.3.6.1.2.1.2.2.1.5.17',1,'2020-03-21 06:40:27'),(18,1,'ifSpeed','1000000000','18','.1.3.6.1.2.1.2.2.1.5.18',1,'2020-03-21 06:40:27'),(18,1,'ifSpeed','0','19','.1.3.6.1.2.1.2.2.1.5.19',1,'2020-03-21 06:40:27'),(18,1,'ifSpeed','0','2','.1.3.6.1.2.1.2.2.1.5.2',1,'2020-03-21 06:40:27'),(18,1,'ifSpeed','0','20','.1.3.6.1.2.1.2.2.1.5.20',1,'2020-03-21 06:40:27'),(18,1,'ifSpeed','0','21','.1.3.6.1.2.1.2.2.1.5.21',1,'2020-03-21 06:40:27'),(18,1,'ifSpeed','0','22','.1.3.6.1.2.1.2.2.1.5.22',1,'2020-03-21 06:40:27'),(18,1,'ifSpeed','0','23','.1.3.6.1.2.1.2.2.1.5.23',1,'2020-03-21 06:40:27'),(18,1,'ifSpeed','0','24','.1.3.6.1.2.1.2.2.1.5.24',1,'2020-03-21 06:40:27'),(18,1,'ifSpeed','0','3','.1.3.6.1.2.1.2.2.1.5.3',1,'2020-03-21 06:40:27'),(18,1,'ifSpeed','0','4','.1.3.6.1.2.1.2.2.1.5.4',1,'2020-03-21 06:40:27'),(18,1,'ifSpeed','0','5','.1.3.6.1.2.1.2.2.1.5.5',1,'2020-03-21 06:40:27'),(18,1,'ifSpeed','0','6','.1.3.6.1.2.1.2.2.1.5.6',1,'2020-03-21 06:40:27'),(18,1,'ifSpeed','0','7','.1.3.6.1.2.1.2.2.1.5.7',1,'2020-03-21 06:40:27'),(18,1,'ifSpeed','1000000000','8','.1.3.6.1.2.1.2.2.1.5.8',1,'2020-03-21 06:40:27'),(18,1,'ifSpeed','0','9','.1.3.6.1.2.1.2.2.1.5.9',1,'2020-03-21 06:40:27'),(18,1,'ifType','softwareLoopback','1','.1.3.6.1.2.1.2.2.1.3.1',1,'2020-03-21 06:40:27'),(18,1,'ifType','ethernetCsmacd','10','.1.3.6.1.2.1.2.2.1.3.10',1,'2020-03-21 06:40:27'),(18,1,'ifType','tunnel','11','.1.3.6.1.2.1.2.2.1.3.11',1,'2020-03-21 06:40:27'),(18,1,'ifType','ppp','12','.1.3.6.1.2.1.2.2.1.3.12',1,'2020-03-21 06:40:27'),(18,1,'ifType','tunnel','13','.1.3.6.1.2.1.2.2.1.3.13',1,'2020-03-21 06:40:27'),(18,1,'ifType','ethernetCsmacd','14','.1.3.6.1.2.1.2.2.1.3.14',1,'2020-03-21 06:40:27'),(18,1,'ifType','tunnel','15','.1.3.6.1.2.1.2.2.1.3.15',1,'2020-03-21 06:40:27'),(18,1,'ifType','ethernetCsmacd','16','.1.3.6.1.2.1.2.2.1.3.16',1,'2020-03-21 06:40:27'),(18,1,'ifType','ethernetCsmacd','17','.1.3.6.1.2.1.2.2.1.3.17',1,'2020-03-21 06:40:27'),(18,1,'ifType','ethernetCsmacd','18','.1.3.6.1.2.1.2.2.1.3.18',1,'2020-03-21 06:40:27'),(18,1,'ifType','ethernetCsmacd','19','.1.3.6.1.2.1.2.2.1.3.19',1,'2020-03-21 06:40:27'),(18,1,'ifType','tunnel','2','.1.3.6.1.2.1.2.2.1.3.2',1,'2020-03-21 06:40:27'),(18,1,'ifType','ethernetCsmacd','20','.1.3.6.1.2.1.2.2.1.3.20',1,'2020-03-21 06:40:27'),(18,1,'ifType','ethernetCsmacd','21','.1.3.6.1.2.1.2.2.1.3.21',1,'2020-03-21 06:40:27'),(18,1,'ifType','ethernetCsmacd','22','.1.3.6.1.2.1.2.2.1.3.22',1,'2020-03-21 06:40:27'),(18,1,'ifType','ethernetCsmacd','23','.1.3.6.1.2.1.2.2.1.3.23',1,'2020-03-21 06:40:27'),(18,1,'ifType','ethernetCsmacd','24','.1.3.6.1.2.1.2.2.1.3.24',1,'2020-03-21 06:40:27'),(18,1,'ifType','ethernetCsmacd','3','.1.3.6.1.2.1.2.2.1.3.3',1,'2020-03-21 06:40:27'),(18,1,'ifType','tunnel','4','.1.3.6.1.2.1.2.2.1.3.4',1,'2020-03-21 06:40:27'),(18,1,'ifType','tunnel','5','.1.3.6.1.2.1.2.2.1.3.5',1,'2020-03-21 06:40:27'),(18,1,'ifType','tunnel','6','.1.3.6.1.2.1.2.2.1.3.6',1,'2020-03-21 06:40:27'),(18,1,'ifType','ethernetCsmacd','7','.1.3.6.1.2.1.2.2.1.3.7',1,'2020-03-21 06:40:27'),(18,1,'ifType','ethernetCsmacd','8','.1.3.6.1.2.1.2.2.1.3.8',1,'2020-03-21 06:40:27'),(18,1,'ifType','tunnel','9','.1.3.6.1.2.1.2.2.1.3.9',1,'2020-03-21 06:40:27'),(18,2,'hrStorageAllocationUnits','4096','1','',1,'2020-03-21 06:40:28'),(18,2,'hrStorageAllocationUnits','0','2','',1,'2020-03-21 06:40:28'),(18,2,'hrStorageAllocationUnits','4096','3','',1,'2020-03-21 06:40:28'),(18,2,'hrStorageAllocationUnits','65536','4','',1,'2020-03-21 06:40:28'),(18,2,'hrStorageAllocationUnits','65536','5','',1,'2020-03-21 06:40:28'),(18,2,'hrStorageDescr','C: Label:  Serial Number 5c53e558','1','',1,'2020-03-21 06:40:28'),(18,2,'hrStorageDescr','E:','2','',1,'2020-03-21 06:40:28'),(18,2,'hrStorageDescr','F: Label:.{.....[..  Serial Number 2c15daee','3','',1,'2020-03-21 06:40:28'),(18,2,'hrStorageDescr','Virtual Memory','4','',1,'2020-03-21 06:40:28'),(18,2,'hrStorageDescr','Physical Memory','5','',1,'2020-03-21 06:40:28'),(18,2,'hrStorageIndex','1','1','',1,'2020-03-21 06:40:28'),(18,2,'hrStorageIndex','2','2','',1,'2020-03-21 06:40:28'),(18,2,'hrStorageIndex','3','3','',1,'2020-03-21 06:40:28'),(18,2,'hrStorageIndex','4','4','',1,'2020-03-21 06:40:28'),(18,2,'hrStorageIndex','5','5','',1,'2020-03-21 06:40:28'),(18,3,'hrProcessorFrwID','0','0','',1,'2020-03-21 06:40:29'),(18,3,'hrProcessorFrwID','1','1','',1,'2020-03-21 06:40:29'),(18,3,'hrProcessorFrwID','2','2','',1,'2020-03-21 06:40:29'),(18,3,'hrProcessorFrwID','3','3','',1,'2020-03-21 06:40:29'),(18,3,'hrProcessorFrwID','Total','4000','',1,'2020-03-21 06:40:29'),(19,1,'ifAdminStatus','Down','1','.1.3.6.1.2.1.2.2.1.7.1',1,'2020-03-19 22:45:12'),(19,1,'ifAdminStatus','Up','10001','.1.3.6.1.2.1.2.2.1.7.10001',1,'2020-03-19 22:45:12'),(19,1,'ifAdminStatus','Up','10002','.1.3.6.1.2.1.2.2.1.7.10002',1,'2020-03-19 22:45:12'),(19,1,'ifAdminStatus','Up','10003','.1.3.6.1.2.1.2.2.1.7.10003',1,'2020-03-19 22:45:12'),(19,1,'ifAdminStatus','Up','10004','.1.3.6.1.2.1.2.2.1.7.10004',1,'2020-03-19 22:45:12'),(19,1,'ifAdminStatus','Up','10005','.1.3.6.1.2.1.2.2.1.7.10005',1,'2020-03-19 22:45:12'),(19,1,'ifAdminStatus','Up','10006','.1.3.6.1.2.1.2.2.1.7.10006',1,'2020-03-19 22:45:12'),(19,1,'ifAdminStatus','Up','10007','.1.3.6.1.2.1.2.2.1.7.10007',1,'2020-03-19 22:45:12'),(19,1,'ifAdminStatus','Up','10008','.1.3.6.1.2.1.2.2.1.7.10008',1,'2020-03-19 22:45:12'),(19,1,'ifAdminStatus','Up','10101','.1.3.6.1.2.1.2.2.1.7.10101',1,'2020-03-19 22:45:12'),(19,1,'ifAdminStatus','Up','10501','.1.3.6.1.2.1.2.2.1.7.10501',1,'2020-03-19 22:45:12'),(19,1,'ifAdminStatus','Up','254','.1.3.6.1.2.1.2.2.1.7.254',1,'2020-03-19 22:45:12'),(19,1,'ifAlias','','1','.1.3.6.1.2.1.31.1.1.1.18.1',1,'2020-03-19 22:45:12'),(19,1,'ifAlias','### MAG ###','10001','.1.3.6.1.2.1.31.1.1.1.18.10001',1,'2020-03-19 22:45:12'),(19,1,'ifAlias','### FWdc01.trust.PA200 ###','10002','.1.3.6.1.2.1.31.1.1.1.18.10002',1,'2020-03-19 22:45:12'),(19,1,'ifAlias','### FWdc01-temp.trust.C892 ###','10003','.1.3.6.1.2.1.31.1.1.1.18.10003',1,'2020-03-19 22:45:12'),(19,1,'ifAlias','### FWdc01-temp.mgmt.C892 ###','10004','.1.3.6.1.2.1.31.1.1.1.18.10004',1,'2020-03-19 22:45:12'),(19,1,'ifAlias','### L2dc01-3F01.GS108PE ###','10005','.1.3.6.1.2.1.31.1.1.1.18.10005',1,'2020-03-19 22:45:12'),(19,1,'ifAlias','### MC3200XM ###','10006','.1.3.6.1.2.1.31.1.1.1.18.10006',1,'2020-03-19 22:45:12'),(19,1,'ifAlias','### LOCAL PC ###','10007','.1.3.6.1.2.1.31.1.1.1.18.10007',1,'2020-03-19 22:45:12'),(19,1,'ifAlias','### FWdc01.mgmt.PA200 ###','10008','.1.3.6.1.2.1.31.1.1.1.18.10008',1,'2020-03-19 22:45:12'),(19,1,'ifAlias','### Rdc01.C841M ###','10101','.1.3.6.1.2.1.31.1.1.1.18.10101',1,'2020-03-19 22:45:12'),(19,1,'ifAlias','','10501','.1.3.6.1.2.1.31.1.1.1.18.10501',1,'2020-03-19 22:45:12'),(19,1,'ifAlias','','254','.1.3.6.1.2.1.31.1.1.1.18.254',1,'2020-03-19 22:45:12'),(19,1,'ifDescr','Vlan1','1','.1.3.6.1.2.1.2.2.1.2.1',1,'2020-03-19 22:45:12'),(19,1,'ifDescr','FastEthernet0/1','10001','.1.3.6.1.2.1.2.2.1.2.10001',1,'2020-03-19 22:45:12'),(19,1,'ifDescr','FastEthernet0/2','10002','.1.3.6.1.2.1.2.2.1.2.10002',1,'2020-03-19 22:45:12'),(19,1,'ifDescr','FastEthernet0/3','10003','.1.3.6.1.2.1.2.2.1.2.10003',1,'2020-03-19 22:45:12'),(19,1,'ifDescr','FastEthernet0/4','10004','.1.3.6.1.2.1.2.2.1.2.10004',1,'2020-03-19 22:45:12'),(19,1,'ifDescr','FastEthernet0/5','10005','.1.3.6.1.2.1.2.2.1.2.10005',1,'2020-03-19 22:45:12'),(19,1,'ifDescr','FastEthernet0/6','10006','.1.3.6.1.2.1.2.2.1.2.10006',1,'2020-03-19 22:45:12'),(19,1,'ifDescr','FastEthernet0/7','10007','.1.3.6.1.2.1.2.2.1.2.10007',1,'2020-03-19 22:45:12'),(19,1,'ifDescr','FastEthernet0/8','10008','.1.3.6.1.2.1.2.2.1.2.10008',1,'2020-03-19 22:45:12'),(19,1,'ifDescr','GigabitEthernet0/1','10101','.1.3.6.1.2.1.2.2.1.2.10101',1,'2020-03-19 22:45:12'),(19,1,'ifDescr','Null0','10501','.1.3.6.1.2.1.2.2.1.2.10501',1,'2020-03-19 22:45:12'),(19,1,'ifDescr','Vlan254','254','.1.3.6.1.2.1.2.2.1.2.254',1,'2020-03-19 22:45:12'),(19,1,'ifHighSpeed','1000','1','.1.3.6.1.2.1.31.1.1.1.15.1',1,'2020-03-19 22:45:12'),(19,1,'ifHighSpeed','100','10001','.1.3.6.1.2.1.31.1.1.1.15.10001',1,'2020-03-19 22:45:12'),(19,1,'ifHighSpeed','10','10002','.1.3.6.1.2.1.31.1.1.1.15.10002',1,'2020-03-19 22:45:12'),(19,1,'ifHighSpeed','10','10003','.1.3.6.1.2.1.31.1.1.1.15.10003',1,'2020-03-19 22:45:12'),(19,1,'ifHighSpeed','10','10004','.1.3.6.1.2.1.31.1.1.1.15.10004',1,'2020-03-19 22:45:12'),(19,1,'ifHighSpeed','10','10005','.1.3.6.1.2.1.31.1.1.1.15.10005',1,'2020-03-19 22:45:12'),(19,1,'ifHighSpeed','10','10006','.1.3.6.1.2.1.31.1.1.1.15.10006',1,'2020-03-19 22:45:12'),(19,1,'ifHighSpeed','100','10007','.1.3.6.1.2.1.31.1.1.1.15.10007',1,'2020-03-19 22:45:12'),(19,1,'ifHighSpeed','100','10008','.1.3.6.1.2.1.31.1.1.1.15.10008',1,'2020-03-19 22:45:12'),(19,1,'ifHighSpeed','1000','10101','.1.3.6.1.2.1.31.1.1.1.15.10101',1,'2020-03-19 22:45:12'),(19,1,'ifHighSpeed','10000','10501','.1.3.6.1.2.1.31.1.1.1.15.10501',1,'2020-03-19 22:45:12'),(19,1,'ifHighSpeed','1000','254','.1.3.6.1.2.1.31.1.1.1.15.254',1,'2020-03-19 22:45:12'),(19,1,'ifHwAddr','0:1c:f:de:26:40','1','.1.3.6.1.2.1.2.2.1.6.1',1,'2020-03-19 22:45:12'),(19,1,'ifHwAddr','0:1c:f:de:26:1','10001','.1.3.6.1.2.1.2.2.1.6.10001',1,'2020-03-19 22:45:12'),(19,1,'ifHwAddr','0:1c:f:de:26:2','10002','.1.3.6.1.2.1.2.2.1.6.10002',1,'2020-03-19 22:45:12'),(19,1,'ifHwAddr','0:1c:f:de:26:3','10003','.1.3.6.1.2.1.2.2.1.6.10003',1,'2020-03-19 22:45:12'),(19,1,'ifHwAddr','0:1c:f:de:26:4','10004','.1.3.6.1.2.1.2.2.1.6.10004',1,'2020-03-19 22:45:12'),(19,1,'ifHwAddr','0:1c:f:de:26:5','10005','.1.3.6.1.2.1.2.2.1.6.10005',1,'2020-03-19 22:45:12'),(19,1,'ifHwAddr','0:1c:f:de:26:6','10006','.1.3.6.1.2.1.2.2.1.6.10006',1,'2020-03-19 22:45:12'),(19,1,'ifHwAddr','0:1c:f:de:26:7','10007','.1.3.6.1.2.1.2.2.1.6.10007',1,'2020-03-19 22:45:12'),(19,1,'ifHwAddr','0:1c:f:de:26:8','10008','.1.3.6.1.2.1.2.2.1.6.10008',1,'2020-03-19 22:45:12'),(19,1,'ifHwAddr','0:1c:f:de:26:9','10101','.1.3.6.1.2.1.2.2.1.6.10101',1,'2020-03-19 22:45:12'),(19,1,'ifHwAddr','','10501','.1.3.6.1.2.1.2.2.1.6.10501',1,'2020-03-19 22:45:12'),(19,1,'ifHwAddr','0:1c:f:de:26:41','254','.1.3.6.1.2.1.2.2.1.6.254',1,'2020-03-19 22:45:12'),(19,1,'ifIndex','1','1','.1.3.6.1.2.1.2.2.1.1.1',1,'2020-03-19 22:45:12'),(19,1,'ifIndex','10001','10001','.1.3.6.1.2.1.2.2.1.1.10001',1,'2020-03-19 22:45:12'),(19,1,'ifIndex','10002','10002','.1.3.6.1.2.1.2.2.1.1.10002',1,'2020-03-19 22:45:12'),(19,1,'ifIndex','10003','10003','.1.3.6.1.2.1.2.2.1.1.10003',1,'2020-03-19 22:45:12'),(19,1,'ifIndex','10004','10004','.1.3.6.1.2.1.2.2.1.1.10004',1,'2020-03-19 22:45:12'),(19,1,'ifIndex','10005','10005','.1.3.6.1.2.1.2.2.1.1.10005',1,'2020-03-19 22:45:12'),(19,1,'ifIndex','10006','10006','.1.3.6.1.2.1.2.2.1.1.10006',1,'2020-03-19 22:45:12'),(19,1,'ifIndex','10007','10007','.1.3.6.1.2.1.2.2.1.1.10007',1,'2020-03-19 22:45:12'),(19,1,'ifIndex','10008','10008','.1.3.6.1.2.1.2.2.1.1.10008',1,'2020-03-19 22:45:12'),(19,1,'ifIndex','10101','10101','.1.3.6.1.2.1.2.2.1.1.10101',1,'2020-03-19 22:45:12'),(19,1,'ifIndex','10501','10501','.1.3.6.1.2.1.2.2.1.1.10501',1,'2020-03-19 22:45:12'),(19,1,'ifIndex','254','254','.1.3.6.1.2.1.2.2.1.1.254',1,'2020-03-19 22:45:12'),(19,1,'ifIP','10.254.254.1','254','.1.3.6.1.2.1.4.20.1.2.10.254.254.1',1,'2020-03-19 22:45:12'),(19,1,'ifName','Vl1','1','.1.3.6.1.2.1.31.1.1.1.1.1',1,'2020-03-19 22:45:12'),(19,1,'ifName','Fa0/1','10001','.1.3.6.1.2.1.31.1.1.1.1.10001',1,'2020-03-19 22:45:12'),(19,1,'ifName','Fa0/2','10002','.1.3.6.1.2.1.31.1.1.1.1.10002',1,'2020-03-19 22:45:12'),(19,1,'ifName','Fa0/3','10003','.1.3.6.1.2.1.31.1.1.1.1.10003',1,'2020-03-19 22:45:12'),(19,1,'ifName','Fa0/4','10004','.1.3.6.1.2.1.31.1.1.1.1.10004',1,'2020-03-19 22:45:12'),(19,1,'ifName','Fa0/5','10005','.1.3.6.1.2.1.31.1.1.1.1.10005',1,'2020-03-19 22:45:12'),(19,1,'ifName','Fa0/6','10006','.1.3.6.1.2.1.31.1.1.1.1.10006',1,'2020-03-19 22:45:12'),(19,1,'ifName','Fa0/7','10007','.1.3.6.1.2.1.31.1.1.1.1.10007',1,'2020-03-19 22:45:12'),(19,1,'ifName','Fa0/8','10008','.1.3.6.1.2.1.31.1.1.1.1.10008',1,'2020-03-19 22:45:12'),(19,1,'ifName','Gi0/1','10101','.1.3.6.1.2.1.31.1.1.1.1.10101',1,'2020-03-19 22:45:12'),(19,1,'ifName','Nu0','10501','.1.3.6.1.2.1.31.1.1.1.1.10501',1,'2020-03-19 22:45:12'),(19,1,'ifName','Vl254','254','.1.3.6.1.2.1.31.1.1.1.1.254',1,'2020-03-19 22:45:12'),(19,1,'ifOperStatus','Down','1','.1.3.6.1.2.1.2.2.1.8.1',1,'2020-03-19 22:45:12'),(19,1,'ifOperStatus','Up','10001','.1.3.6.1.2.1.2.2.1.8.10001',1,'2020-03-19 22:45:12'),(19,1,'ifOperStatus','Down','10002','.1.3.6.1.2.1.2.2.1.8.10002',1,'2020-03-19 22:45:12'),(19,1,'ifOperStatus','Down','10003','.1.3.6.1.2.1.2.2.1.8.10003',1,'2020-03-19 22:45:12'),(19,1,'ifOperStatus','Down','10004','.1.3.6.1.2.1.2.2.1.8.10004',1,'2020-03-19 22:45:12'),(19,1,'ifOperStatus','Down','10005','.1.3.6.1.2.1.2.2.1.8.10005',1,'2020-03-19 22:45:12'),(19,1,'ifOperStatus','Down','10006','.1.3.6.1.2.1.2.2.1.8.10006',1,'2020-03-19 22:45:12'),(19,1,'ifOperStatus','Up','10007','.1.3.6.1.2.1.2.2.1.8.10007',1,'2020-03-19 22:45:12'),(19,1,'ifOperStatus','Up','10008','.1.3.6.1.2.1.2.2.1.8.10008',1,'2020-03-19 22:45:12'),(19,1,'ifOperStatus','Up','10101','.1.3.6.1.2.1.2.2.1.8.10101',1,'2020-03-19 22:45:12'),(19,1,'ifOperStatus','Up','10501','.1.3.6.1.2.1.2.2.1.8.10501',1,'2020-03-19 22:45:12'),(19,1,'ifOperStatus','Up','254','.1.3.6.1.2.1.2.2.1.8.254',1,'2020-03-19 22:45:12'),(19,1,'ifSpeed','1000000000','1','.1.3.6.1.2.1.2.2.1.5.1',1,'2020-03-19 22:45:12'),(19,1,'ifSpeed','100000000','10001','.1.3.6.1.2.1.2.2.1.5.10001',1,'2020-03-19 22:45:12'),(19,1,'ifSpeed','10000000','10002','.1.3.6.1.2.1.2.2.1.5.10002',1,'2020-03-19 22:45:12'),(19,1,'ifSpeed','10000000','10003','.1.3.6.1.2.1.2.2.1.5.10003',1,'2020-03-19 22:45:12'),(19,1,'ifSpeed','10000000','10004','.1.3.6.1.2.1.2.2.1.5.10004',1,'2020-03-19 22:45:12'),(19,1,'ifSpeed','10000000','10005','.1.3.6.1.2.1.2.2.1.5.10005',1,'2020-03-19 22:45:12'),(19,1,'ifSpeed','10000000','10006','.1.3.6.1.2.1.2.2.1.5.10006',1,'2020-03-19 22:45:12'),(19,1,'ifSpeed','100000000','10007','.1.3.6.1.2.1.2.2.1.5.10007',1,'2020-03-19 22:45:12'),(19,1,'ifSpeed','100000000','10008','.1.3.6.1.2.1.2.2.1.5.10008',1,'2020-03-19 22:45:12'),(19,1,'ifSpeed','1000000000','10101','.1.3.6.1.2.1.2.2.1.5.10101',1,'2020-03-19 22:45:12'),(19,1,'ifSpeed','4294967295','10501','.1.3.6.1.2.1.2.2.1.5.10501',1,'2020-03-19 22:45:12'),(19,1,'ifSpeed','1000000000','254','.1.3.6.1.2.1.2.2.1.5.254',1,'2020-03-19 22:45:12'),(19,1,'ifType','propVirtual','1','.1.3.6.1.2.1.2.2.1.3.1',1,'2020-03-19 22:45:12'),(19,1,'ifType','ethernetCsmacd','10001','.1.3.6.1.2.1.2.2.1.3.10001',1,'2020-03-19 22:45:12'),(19,1,'ifType','ethernetCsmacd','10002','.1.3.6.1.2.1.2.2.1.3.10002',1,'2020-03-19 22:45:12'),(19,1,'ifType','ethernetCsmacd','10003','.1.3.6.1.2.1.2.2.1.3.10003',1,'2020-03-19 22:45:12'),(19,1,'ifType','ethernetCsmacd','10004','.1.3.6.1.2.1.2.2.1.3.10004',1,'2020-03-19 22:45:12'),(19,1,'ifType','ethernetCsmacd','10005','.1.3.6.1.2.1.2.2.1.3.10005',1,'2020-03-19 22:45:12'),(19,1,'ifType','ethernetCsmacd','10006','.1.3.6.1.2.1.2.2.1.3.10006',1,'2020-03-19 22:45:12'),(19,1,'ifType','ethernetCsmacd','10007','.1.3.6.1.2.1.2.2.1.3.10007',1,'2020-03-19 22:45:12'),(19,1,'ifType','ethernetCsmacd','10008','.1.3.6.1.2.1.2.2.1.3.10008',1,'2020-03-19 22:45:12'),(19,1,'ifType','ethernetCsmacd','10101','.1.3.6.1.2.1.2.2.1.3.10101',1,'2020-03-19 22:45:12'),(19,1,'ifType','other','10501','.1.3.6.1.2.1.2.2.1.3.10501',1,'2020-03-19 22:45:12'),(19,1,'ifType','propVirtual','254','.1.3.6.1.2.1.2.2.1.3.254',1,'2020-03-19 22:45:12'),(20,1,'ifAdminStatus','Down','1','.1.3.6.1.2.1.2.2.1.7.1',1,'2020-02-09 10:10:59'),(20,1,'ifAdminStatus','Down','10001','.1.3.6.1.2.1.2.2.1.7.10001',1,'2020-02-09 10:10:59'),(20,1,'ifAdminStatus','Up','10002','.1.3.6.1.2.1.2.2.1.7.10002',1,'2020-02-09 10:10:59'),(20,1,'ifAdminStatus','Up','10003','.1.3.6.1.2.1.2.2.1.7.10003',1,'2020-02-09 10:10:59'),(20,1,'ifAdminStatus','Up','10004','.1.3.6.1.2.1.2.2.1.7.10004',1,'2020-02-09 10:10:59'),(20,1,'ifAdminStatus','Up','10005','.1.3.6.1.2.1.2.2.1.7.10005',1,'2020-02-09 10:10:59'),(20,1,'ifAdminStatus','Down','10006','.1.3.6.1.2.1.2.2.1.7.10006',1,'2020-02-09 10:10:59'),(20,1,'ifAdminStatus','Up','10007','.1.3.6.1.2.1.2.2.1.7.10007',1,'2020-02-09 10:10:59'),(20,1,'ifAdminStatus','Up','10008','.1.3.6.1.2.1.2.2.1.7.10008',1,'2020-02-09 10:10:59'),(20,1,'ifAdminStatus','Up','10101','.1.3.6.1.2.1.2.2.1.7.10101',1,'2020-02-09 10:10:59'),(20,1,'ifAdminStatus','Up','10501','.1.3.6.1.2.1.2.2.1.7.10501',1,'2020-02-09 10:10:59'),(20,1,'ifAdminStatus','Up','254','.1.3.6.1.2.1.2.2.1.7.254',1,'2020-02-09 10:10:59'),(20,1,'ifAlias','','1','.1.3.6.1.2.1.31.1.1.1.18.1',1,'2020-02-09 10:10:59'),(20,1,'ifAlias','### MAG ###','10001','.1.3.6.1.2.1.31.1.1.1.18.10001',1,'2020-02-09 10:10:59'),(20,1,'ifAlias','### FWdc01.untrust.PA200 ###','10002','.1.3.6.1.2.1.31.1.1.1.18.10002',1,'2020-02-09 10:10:59'),(20,1,'ifAlias','### FWdc01-temp.untrust.C892 ###','10003','.1.3.6.1.2.1.31.1.1.1.18.10003',1,'2020-02-09 10:10:59'),(20,1,'ifAlias','','10004','.1.3.6.1.2.1.31.1.1.1.18.10004',1,'2020-02-09 10:10:59'),(20,1,'ifAlias','','10005','.1.3.6.1.2.1.31.1.1.1.18.10005',1,'2020-02-09 10:10:59'),(20,1,'ifAlias','### MC3200XM ###','10006','.1.3.6.1.2.1.31.1.1.1.18.10006',1,'2020-02-09 10:10:59'),(20,1,'ifAlias','### Rdc01.Gi0/5.C841M ###','10007','.1.3.6.1.2.1.31.1.1.1.18.10007',1,'2020-02-09 10:10:59'),(20,1,'ifAlias','','10008','.1.3.6.1.2.1.31.1.1.1.18.10008',1,'2020-02-09 10:10:59'),(20,1,'ifAlias','### NURO HomeGateway ###','10101','.1.3.6.1.2.1.31.1.1.1.18.10101',1,'2020-02-09 10:10:59'),(20,1,'ifAlias','','10501','.1.3.6.1.2.1.31.1.1.1.18.10501',1,'2020-02-09 10:10:59'),(20,1,'ifAlias','','254','.1.3.6.1.2.1.31.1.1.1.18.254',1,'2020-02-09 10:10:59'),(20,1,'ifDescr','Vlan1','1','.1.3.6.1.2.1.2.2.1.2.1',1,'2020-02-09 10:10:59'),(20,1,'ifDescr','FastEthernet0/1','10001','.1.3.6.1.2.1.2.2.1.2.10001',1,'2020-02-09 10:10:59'),(20,1,'ifDescr','FastEthernet0/2','10002','.1.3.6.1.2.1.2.2.1.2.10002',1,'2020-02-09 10:10:59'),(20,1,'ifDescr','FastEthernet0/3','10003','.1.3.6.1.2.1.2.2.1.2.10003',1,'2020-02-09 10:10:59'),(20,1,'ifDescr','FastEthernet0/4','10004','.1.3.6.1.2.1.2.2.1.2.10004',1,'2020-02-09 10:10:59'),(20,1,'ifDescr','FastEthernet0/5','10005','.1.3.6.1.2.1.2.2.1.2.10005',1,'2020-02-09 10:10:59'),(20,1,'ifDescr','FastEthernet0/6','10006','.1.3.6.1.2.1.2.2.1.2.10006',1,'2020-02-09 10:10:59'),(20,1,'ifDescr','FastEthernet0/7','10007','.1.3.6.1.2.1.2.2.1.2.10007',1,'2020-02-09 10:10:59'),(20,1,'ifDescr','FastEthernet0/8','10008','.1.3.6.1.2.1.2.2.1.2.10008',1,'2020-02-09 10:10:59'),(20,1,'ifDescr','GigabitEthernet0/1','10101','.1.3.6.1.2.1.2.2.1.2.10101',1,'2020-02-09 10:10:59'),(20,1,'ifDescr','Null0','10501','.1.3.6.1.2.1.2.2.1.2.10501',1,'2020-02-09 10:10:59'),(20,1,'ifDescr','Vlan254','254','.1.3.6.1.2.1.2.2.1.2.254',1,'2020-02-09 10:10:59'),(20,1,'ifHighSpeed','1000','1','.1.3.6.1.2.1.31.1.1.1.15.1',1,'2020-02-09 10:10:59'),(20,1,'ifHighSpeed','10','10001','.1.3.6.1.2.1.31.1.1.1.15.10001',1,'2020-02-09 10:10:59'),(20,1,'ifHighSpeed','100','10002','.1.3.6.1.2.1.31.1.1.1.15.10002',1,'2020-02-09 10:10:59'),(20,1,'ifHighSpeed','100','10003','.1.3.6.1.2.1.31.1.1.1.15.10003',1,'2020-02-09 10:10:59'),(20,1,'ifHighSpeed','10','10004','.1.3.6.1.2.1.31.1.1.1.15.10004',1,'2020-02-09 10:10:59'),(20,1,'ifHighSpeed','10','10005','.1.3.6.1.2.1.31.1.1.1.15.10005',1,'2020-02-09 10:10:59'),(20,1,'ifHighSpeed','10','10006','.1.3.6.1.2.1.31.1.1.1.15.10006',1,'2020-02-09 10:10:59'),(20,1,'ifHighSpeed','100','10007','.1.3.6.1.2.1.31.1.1.1.15.10007',1,'2020-02-09 10:10:59'),(20,1,'ifHighSpeed','10','10008','.1.3.6.1.2.1.31.1.1.1.15.10008',1,'2020-02-09 10:10:59'),(20,1,'ifHighSpeed','100','10101','.1.3.6.1.2.1.31.1.1.1.15.10101',1,'2020-02-09 10:10:59'),(20,1,'ifHighSpeed','10000','10501','.1.3.6.1.2.1.31.1.1.1.15.10501',1,'2020-02-09 10:10:59'),(20,1,'ifHighSpeed','1000','254','.1.3.6.1.2.1.31.1.1.1.15.254',1,'2020-02-09 10:10:59'),(20,1,'ifHwAddr','0:1c:f:df:32:c0','1','.1.3.6.1.2.1.2.2.1.6.1',1,'2020-02-09 10:10:59'),(20,1,'ifHwAddr','0:1c:f:df:32:81','10001','.1.3.6.1.2.1.2.2.1.6.10001',1,'2020-02-09 10:10:59'),(20,1,'ifHwAddr','0:1c:f:df:32:82','10002','.1.3.6.1.2.1.2.2.1.6.10002',1,'2020-02-09 10:10:59'),(20,1,'ifHwAddr','0:1c:f:df:32:83','10003','.1.3.6.1.2.1.2.2.1.6.10003',1,'2020-02-09 10:10:59'),(20,1,'ifHwAddr','0:1c:f:df:32:84','10004','.1.3.6.1.2.1.2.2.1.6.10004',1,'2020-02-09 10:10:59'),(20,1,'ifHwAddr','0:1c:f:df:32:85','10005','.1.3.6.1.2.1.2.2.1.6.10005',1,'2020-02-09 10:10:59'),(20,1,'ifHwAddr','0:1c:f:df:32:86','10006','.1.3.6.1.2.1.2.2.1.6.10006',1,'2020-02-09 10:10:59'),(20,1,'ifHwAddr','0:1c:f:df:32:87','10007','.1.3.6.1.2.1.2.2.1.6.10007',1,'2020-02-09 10:10:59'),(20,1,'ifHwAddr','0:1c:f:df:32:88','10008','.1.3.6.1.2.1.2.2.1.6.10008',1,'2020-02-09 10:10:59'),(20,1,'ifHwAddr','0:1c:f:df:32:89','10101','.1.3.6.1.2.1.2.2.1.6.10101',1,'2020-02-09 10:10:59'),(20,1,'ifHwAddr','','10501','.1.3.6.1.2.1.2.2.1.6.10501',1,'2020-02-09 10:10:59'),(20,1,'ifHwAddr','0:1c:f:df:32:c1','254','.1.3.6.1.2.1.2.2.1.6.254',1,'2020-02-09 10:10:59'),(20,1,'ifIndex','1','1','.1.3.6.1.2.1.2.2.1.1.1',1,'2020-02-09 10:10:59'),(20,1,'ifIndex','10001','10001','.1.3.6.1.2.1.2.2.1.1.10001',1,'2020-02-09 10:10:59'),(20,1,'ifIndex','10002','10002','.1.3.6.1.2.1.2.2.1.1.10002',1,'2020-02-09 10:10:59'),(20,1,'ifIndex','10003','10003','.1.3.6.1.2.1.2.2.1.1.10003',1,'2020-02-09 10:10:59'),(20,1,'ifIndex','10004','10004','.1.3.6.1.2.1.2.2.1.1.10004',1,'2020-02-09 10:10:59'),(20,1,'ifIndex','10005','10005','.1.3.6.1.2.1.2.2.1.1.10005',1,'2020-02-09 10:10:59'),(20,1,'ifIndex','10006','10006','.1.3.6.1.2.1.2.2.1.1.10006',1,'2020-02-09 10:10:59'),(20,1,'ifIndex','10007','10007','.1.3.6.1.2.1.2.2.1.1.10007',1,'2020-02-09 10:10:59'),(20,1,'ifIndex','10008','10008','.1.3.6.1.2.1.2.2.1.1.10008',1,'2020-02-09 10:10:59'),(20,1,'ifIndex','10101','10101','.1.3.6.1.2.1.2.2.1.1.10101',1,'2020-02-09 10:10:59'),(20,1,'ifIndex','10501','10501','.1.3.6.1.2.1.2.2.1.1.10501',1,'2020-02-09 10:10:59'),(20,1,'ifIndex','254','254','.1.3.6.1.2.1.2.2.1.1.254',1,'2020-02-09 10:10:59'),(20,1,'ifIP','10.254.254.2','254','.1.3.6.1.2.1.4.20.1.2.10.254.254.2',1,'2020-02-09 10:10:59'),(20,1,'ifName','Vl1','1','.1.3.6.1.2.1.31.1.1.1.1.1',1,'2020-02-09 10:10:59'),(20,1,'ifName','Fa0/1','10001','.1.3.6.1.2.1.31.1.1.1.1.10001',1,'2020-02-09 10:10:59'),(20,1,'ifName','Fa0/2','10002','.1.3.6.1.2.1.31.1.1.1.1.10002',1,'2020-02-09 10:10:59'),(20,1,'ifName','Fa0/3','10003','.1.3.6.1.2.1.31.1.1.1.1.10003',1,'2020-02-09 10:10:59'),(20,1,'ifName','Fa0/4','10004','.1.3.6.1.2.1.31.1.1.1.1.10004',1,'2020-02-09 10:10:59'),(20,1,'ifName','Fa0/5','10005','.1.3.6.1.2.1.31.1.1.1.1.10005',1,'2020-02-09 10:10:59'),(20,1,'ifName','Fa0/6','10006','.1.3.6.1.2.1.31.1.1.1.1.10006',1,'2020-02-09 10:10:59'),(20,1,'ifName','Fa0/7','10007','.1.3.6.1.2.1.31.1.1.1.1.10007',1,'2020-02-09 10:10:59'),(20,1,'ifName','Fa0/8','10008','.1.3.6.1.2.1.31.1.1.1.1.10008',1,'2020-02-09 10:10:59'),(20,1,'ifName','Gi0/1','10101','.1.3.6.1.2.1.31.1.1.1.1.10101',1,'2020-02-09 10:10:59'),(20,1,'ifName','Nu0','10501','.1.3.6.1.2.1.31.1.1.1.1.10501',1,'2020-02-09 10:10:59'),(20,1,'ifName','Vl254','254','.1.3.6.1.2.1.31.1.1.1.1.254',1,'2020-02-09 10:10:59'),(20,1,'ifOperStatus','Down','1','.1.3.6.1.2.1.2.2.1.8.1',1,'2020-02-09 10:10:59'),(20,1,'ifOperStatus','Down','10001','.1.3.6.1.2.1.2.2.1.8.10001',1,'2020-02-09 10:10:59'),(20,1,'ifOperStatus','Up','10002','.1.3.6.1.2.1.2.2.1.8.10002',1,'2020-02-09 10:10:59'),(20,1,'ifOperStatus','Up','10003','.1.3.6.1.2.1.2.2.1.8.10003',1,'2020-02-09 10:10:59'),(20,1,'ifOperStatus','Down','10004','.1.3.6.1.2.1.2.2.1.8.10004',1,'2020-02-09 10:10:59'),(20,1,'ifOperStatus','Down','10005','.1.3.6.1.2.1.2.2.1.8.10005',1,'2020-02-09 10:10:59'),(20,1,'ifOperStatus','Down','10006','.1.3.6.1.2.1.2.2.1.8.10006',1,'2020-02-09 10:10:59'),(20,1,'ifOperStatus','Up','10007','.1.3.6.1.2.1.2.2.1.8.10007',1,'2020-02-09 10:10:59'),(20,1,'ifOperStatus','Down','10008','.1.3.6.1.2.1.2.2.1.8.10008',1,'2020-02-09 10:10:59'),(20,1,'ifOperStatus','Up','10101','.1.3.6.1.2.1.2.2.1.8.10101',1,'2020-02-09 10:10:59'),(20,1,'ifOperStatus','Up','10501','.1.3.6.1.2.1.2.2.1.8.10501',1,'2020-02-09 10:10:59'),(20,1,'ifOperStatus','Up','254','.1.3.6.1.2.1.2.2.1.8.254',1,'2020-02-09 10:10:59'),(20,1,'ifSpeed','1000000000','1','.1.3.6.1.2.1.2.2.1.5.1',1,'2020-02-09 10:10:59'),(20,1,'ifSpeed','10000000','10001','.1.3.6.1.2.1.2.2.1.5.10001',1,'2020-02-09 10:10:59'),(20,1,'ifSpeed','100000000','10002','.1.3.6.1.2.1.2.2.1.5.10002',1,'2020-02-09 10:10:59'),(20,1,'ifSpeed','100000000','10003','.1.3.6.1.2.1.2.2.1.5.10003',1,'2020-02-09 10:10:59'),(20,1,'ifSpeed','10000000','10004','.1.3.6.1.2.1.2.2.1.5.10004',1,'2020-02-09 10:10:59'),(20,1,'ifSpeed','10000000','10005','.1.3.6.1.2.1.2.2.1.5.10005',1,'2020-02-09 10:10:59'),(20,1,'ifSpeed','10000000','10006','.1.3.6.1.2.1.2.2.1.5.10006',1,'2020-02-09 10:10:59'),(20,1,'ifSpeed','100000000','10007','.1.3.6.1.2.1.2.2.1.5.10007',1,'2020-02-09 10:10:59'),(20,1,'ifSpeed','10000000','10008','.1.3.6.1.2.1.2.2.1.5.10008',1,'2020-02-09 10:10:59'),(20,1,'ifSpeed','100000000','10101','.1.3.6.1.2.1.2.2.1.5.10101',1,'2020-02-09 10:10:59'),(20,1,'ifSpeed','4294967295','10501','.1.3.6.1.2.1.2.2.1.5.10501',1,'2020-02-09 10:10:59'),(20,1,'ifSpeed','1000000000','254','.1.3.6.1.2.1.2.2.1.5.254',1,'2020-02-09 10:10:59'),(20,1,'ifType','propVirtual','1','.1.3.6.1.2.1.2.2.1.3.1',1,'2020-02-09 10:10:59'),(20,1,'ifType','ethernetCsmacd','10001','.1.3.6.1.2.1.2.2.1.3.10001',1,'2020-02-09 10:10:59'),(20,1,'ifType','ethernetCsmacd','10002','.1.3.6.1.2.1.2.2.1.3.10002',1,'2020-02-09 10:10:59'),(20,1,'ifType','ethernetCsmacd','10003','.1.3.6.1.2.1.2.2.1.3.10003',1,'2020-02-09 10:10:59'),(20,1,'ifType','ethernetCsmacd','10004','.1.3.6.1.2.1.2.2.1.3.10004',1,'2020-02-09 10:10:59'),(20,1,'ifType','ethernetCsmacd','10005','.1.3.6.1.2.1.2.2.1.3.10005',1,'2020-02-09 10:10:59'),(20,1,'ifType','ethernetCsmacd','10006','.1.3.6.1.2.1.2.2.1.3.10006',1,'2020-02-09 10:10:59'),(20,1,'ifType','ethernetCsmacd','10007','.1.3.6.1.2.1.2.2.1.3.10007',1,'2020-02-09 10:10:59'),(20,1,'ifType','ethernetCsmacd','10008','.1.3.6.1.2.1.2.2.1.3.10008',1,'2020-02-09 10:10:59'),(20,1,'ifType','ethernetCsmacd','10101','.1.3.6.1.2.1.2.2.1.3.10101',1,'2020-02-09 10:10:59'),(20,1,'ifType','other','10501','.1.3.6.1.2.1.2.2.1.3.10501',1,'2020-02-09 10:10:59'),(20,1,'ifType','propVirtual','254','.1.3.6.1.2.1.2.2.1.3.254',1,'2020-02-09 10:10:59'),(21,1,'ifAdminStatus','Up','1','.1.3.6.1.2.1.2.2.1.7.1',1,'2020-03-21 06:40:29'),(21,1,'ifAdminStatus','Up','10','.1.3.6.1.2.1.2.2.1.7.10',1,'2020-03-21 06:40:29'),(21,1,'ifAdminStatus','Up','12','.1.3.6.1.2.1.2.2.1.7.12',1,'2020-03-21 06:40:29'),(21,1,'ifAdminStatus','Up','14','.1.3.6.1.2.1.2.2.1.7.14',1,'2020-03-21 06:40:29'),(21,1,'ifAdminStatus','Up','2','.1.3.6.1.2.1.2.2.1.7.2',1,'2020-03-21 06:40:29'),(21,1,'ifAdminStatus','Up','3','.1.3.6.1.2.1.2.2.1.7.3',1,'2020-03-21 06:40:29'),(21,1,'ifAdminStatus','Up','4','.1.3.6.1.2.1.2.2.1.7.4',1,'2020-03-21 06:40:29'),(21,1,'ifAdminStatus','Up','6','.1.3.6.1.2.1.2.2.1.7.6',1,'2020-03-21 06:40:29'),(21,1,'ifAdminStatus','Up','8','.1.3.6.1.2.1.2.2.1.7.8',1,'2020-03-21 06:40:29'),(21,1,'ifAlias','','1','.1.3.6.1.2.1.31.1.1.1.18.1',1,'2020-03-21 06:40:29'),(21,1,'ifAlias','','10','.1.3.6.1.2.1.31.1.1.1.18.10',1,'2020-03-21 06:40:29'),(21,1,'ifAlias','','12','.1.3.6.1.2.1.31.1.1.1.18.12',1,'2020-03-21 06:40:29'),(21,1,'ifAlias','','14','.1.3.6.1.2.1.31.1.1.1.18.14',1,'2020-03-21 06:40:29'),(21,1,'ifAlias','','2','.1.3.6.1.2.1.31.1.1.1.18.2',1,'2020-03-21 06:40:29'),(21,1,'ifAlias','','3','.1.3.6.1.2.1.31.1.1.1.18.3',1,'2020-03-21 06:40:29'),(21,1,'ifAlias','','4','.1.3.6.1.2.1.31.1.1.1.18.4',1,'2020-03-21 06:40:29'),(21,1,'ifAlias','','6','.1.3.6.1.2.1.31.1.1.1.18.6',1,'2020-03-21 06:40:29'),(21,1,'ifAlias','','8','.1.3.6.1.2.1.31.1.1.1.18.8',1,'2020-03-21 06:40:29'),(21,1,'ifDescr','lo','1','.1.3.6.1.2.1.2.2.1.2.1',1,'2020-03-21 06:40:29'),(21,1,'ifDescr','veth1d7474e','10','.1.3.6.1.2.1.2.2.1.2.10',1,'2020-03-21 06:40:29'),(21,1,'ifDescr','veth59b2bb6','12','.1.3.6.1.2.1.2.2.1.2.12',1,'2020-03-21 06:40:29'),(21,1,'ifDescr','vethe2c9c01','14','.1.3.6.1.2.1.2.2.1.2.14',1,'2020-03-21 06:40:29'),(21,1,'ifDescr','ens192','2','.1.3.6.1.2.1.2.2.1.2.2',1,'2020-03-21 06:40:29'),(21,1,'ifDescr','infranet_priv','3','.1.3.6.1.2.1.2.2.1.2.3',1,'2020-03-21 06:40:29'),(21,1,'ifDescr','docker0','4','.1.3.6.1.2.1.2.2.1.2.4',1,'2020-03-21 06:40:29'),(21,1,'ifDescr','veth2f2e0c7','6','.1.3.6.1.2.1.2.2.1.2.6',1,'2020-03-21 06:40:29'),(21,1,'ifDescr','veth731194f','8','.1.3.6.1.2.1.2.2.1.2.8',1,'2020-03-21 06:40:29'),(21,1,'ifHighSpeed','10','1','.1.3.6.1.2.1.31.1.1.1.15.1',1,'2020-03-21 06:40:29'),(21,1,'ifHighSpeed','10000','10','.1.3.6.1.2.1.31.1.1.1.15.10',1,'2020-03-21 06:40:29'),(21,1,'ifHighSpeed','10000','12','.1.3.6.1.2.1.31.1.1.1.15.12',1,'2020-03-21 06:40:29'),(21,1,'ifHighSpeed','10000','14','.1.3.6.1.2.1.31.1.1.1.15.14',1,'2020-03-21 06:40:29'),(21,1,'ifHighSpeed','10000','2','.1.3.6.1.2.1.31.1.1.1.15.2',1,'2020-03-21 06:40:29'),(21,1,'ifHighSpeed','0','3','.1.3.6.1.2.1.31.1.1.1.15.3',1,'2020-03-21 06:40:29'),(21,1,'ifHighSpeed','0','4','.1.3.6.1.2.1.31.1.1.1.15.4',1,'2020-03-21 06:40:29'),(21,1,'ifHighSpeed','10000','6','.1.3.6.1.2.1.31.1.1.1.15.6',1,'2020-03-21 06:40:29'),(21,1,'ifHighSpeed','10000','8','.1.3.6.1.2.1.31.1.1.1.15.8',1,'2020-03-21 06:40:29'),(21,1,'ifHwAddr','','1','.1.3.6.1.2.1.2.2.1.6.1',1,'2020-03-21 06:40:29'),(21,1,'ifHwAddr','22:1d:88:f8:a0:81','10','.1.3.6.1.2.1.2.2.1.6.10',1,'2020-03-21 06:40:29'),(21,1,'ifHwAddr','ca:c6:2f:70:99:65','12','.1.3.6.1.2.1.2.2.1.6.12',1,'2020-03-21 06:40:29'),(21,1,'ifHwAddr','12:ac:7f:2f:6c:ed','14','.1.3.6.1.2.1.2.2.1.6.14',1,'2020-03-21 06:40:29'),(21,1,'ifHwAddr','0:c:29:1f:3:70','2','.1.3.6.1.2.1.2.2.1.6.2',1,'2020-03-21 06:40:29'),(21,1,'ifHwAddr','2:42:7:a5:d9:55','3','.1.3.6.1.2.1.2.2.1.6.3',1,'2020-03-21 06:40:29'),(21,1,'ifHwAddr','2:42:70:27:d:94','4','.1.3.6.1.2.1.2.2.1.6.4',1,'2020-03-21 06:40:29'),(21,1,'ifHwAddr','ae:a4:b1:49:86:7c','6','.1.3.6.1.2.1.2.2.1.6.6',1,'2020-03-21 06:40:29'),(21,1,'ifHwAddr','e6:4e:b4:6:ce:e','8','.1.3.6.1.2.1.2.2.1.6.8',1,'2020-03-21 06:40:29'),(21,1,'ifIndex','1','1','.1.3.6.1.2.1.2.2.1.1.1',1,'2020-03-21 06:40:29'),(21,1,'ifIndex','10','10','.1.3.6.1.2.1.2.2.1.1.10',1,'2020-03-21 06:40:29'),(21,1,'ifIndex','12','12','.1.3.6.1.2.1.2.2.1.1.12',1,'2020-03-21 06:40:29'),(21,1,'ifIndex','14','14','.1.3.6.1.2.1.2.2.1.1.14',1,'2020-03-21 06:40:29'),(21,1,'ifIndex','2','2','.1.3.6.1.2.1.2.2.1.1.2',1,'2020-03-21 06:40:29'),(21,1,'ifIndex','3','3','.1.3.6.1.2.1.2.2.1.1.3',1,'2020-03-21 06:40:29'),(21,1,'ifIndex','4','4','.1.3.6.1.2.1.2.2.1.1.4',1,'2020-03-21 06:40:29'),(21,1,'ifIndex','6','6','.1.3.6.1.2.1.2.2.1.1.6',1,'2020-03-21 06:40:29'),(21,1,'ifIndex','8','8','.1.3.6.1.2.1.2.2.1.1.8',1,'2020-03-21 06:40:29'),(21,1,'ifIP','127.0.0.1','1','.1.3.6.1.2.1.4.20.1.2.127.0.0.1',1,'2020-03-21 06:40:29'),(21,1,'ifIP','10.254.10.251','2','.1.3.6.1.2.1.4.20.1.2.10.254.10.251',1,'2020-03-21 06:40:29'),(21,1,'ifIP','172.18.0.1','3','.1.3.6.1.2.1.4.20.1.2.172.18.0.1',1,'2020-03-21 06:40:29'),(21,1,'ifIP','172.17.0.1','4','.1.3.6.1.2.1.4.20.1.2.172.17.0.1',1,'2020-03-21 06:40:29'),(21,1,'ifName','lo','1','.1.3.6.1.2.1.31.1.1.1.1.1',1,'2020-03-21 06:40:29'),(21,1,'ifName','veth1d7474e','10','.1.3.6.1.2.1.31.1.1.1.1.10',1,'2020-03-21 06:40:29'),(21,1,'ifName','veth59b2bb6','12','.1.3.6.1.2.1.31.1.1.1.1.12',1,'2020-03-21 06:40:29'),(21,1,'ifName','vethe2c9c01','14','.1.3.6.1.2.1.31.1.1.1.1.14',1,'2020-03-21 06:40:29'),(21,1,'ifName','ens192','2','.1.3.6.1.2.1.31.1.1.1.1.2',1,'2020-03-21 06:40:29'),(21,1,'ifName','infranet_priv','3','.1.3.6.1.2.1.31.1.1.1.1.3',1,'2020-03-21 06:40:29'),(21,1,'ifName','docker0','4','.1.3.6.1.2.1.31.1.1.1.1.4',1,'2020-03-21 06:40:29'),(21,1,'ifName','veth2f2e0c7','6','.1.3.6.1.2.1.31.1.1.1.1.6',1,'2020-03-21 06:40:29'),(21,1,'ifName','veth731194f','8','.1.3.6.1.2.1.31.1.1.1.1.8',1,'2020-03-21 06:40:29'),(21,1,'ifOperStatus','Up','1','.1.3.6.1.2.1.2.2.1.8.1',1,'2020-03-21 06:40:29'),(21,1,'ifOperStatus','Up','10','.1.3.6.1.2.1.2.2.1.8.10',1,'2020-03-21 06:40:29'),(21,1,'ifOperStatus','Up','12','.1.3.6.1.2.1.2.2.1.8.12',1,'2020-03-21 06:40:29'),(21,1,'ifOperStatus','Up','14','.1.3.6.1.2.1.2.2.1.8.14',1,'2020-03-21 06:40:29'),(21,1,'ifOperStatus','Up','2','.1.3.6.1.2.1.2.2.1.8.2',1,'2020-03-21 06:40:29'),(21,1,'ifOperStatus','Up','3','.1.3.6.1.2.1.2.2.1.8.3',1,'2020-03-21 06:40:29'),(21,1,'ifOperStatus','Down','4','.1.3.6.1.2.1.2.2.1.8.4',1,'2020-03-21 06:40:29'),(21,1,'ifOperStatus','Up','6','.1.3.6.1.2.1.2.2.1.8.6',1,'2020-03-21 06:40:29'),(21,1,'ifOperStatus','Up','8','.1.3.6.1.2.1.2.2.1.8.8',1,'2020-03-21 06:40:29'),(21,1,'ifSpeed','10000000','1','.1.3.6.1.2.1.2.2.1.5.1',1,'2020-03-21 06:40:29'),(21,1,'ifSpeed','4294967295','10','.1.3.6.1.2.1.2.2.1.5.10',1,'2020-03-21 06:40:29'),(21,1,'ifSpeed','4294967295','12','.1.3.6.1.2.1.2.2.1.5.12',1,'2020-03-21 06:40:29'),(21,1,'ifSpeed','4294967295','14','.1.3.6.1.2.1.2.2.1.5.14',1,'2020-03-21 06:40:29'),(21,1,'ifSpeed','4294967295','2','.1.3.6.1.2.1.2.2.1.5.2',1,'2020-03-21 06:40:29'),(21,1,'ifSpeed','0','3','.1.3.6.1.2.1.2.2.1.5.3',1,'2020-03-21 06:40:29'),(21,1,'ifSpeed','0','4','.1.3.6.1.2.1.2.2.1.5.4',1,'2020-03-21 06:40:29'),(21,1,'ifSpeed','4294967295','6','.1.3.6.1.2.1.2.2.1.5.6',1,'2020-03-21 06:40:29'),(21,1,'ifSpeed','4294967295','8','.1.3.6.1.2.1.2.2.1.5.8',1,'2020-03-21 06:40:29'),(21,1,'ifType','softwareLoopback','1','.1.3.6.1.2.1.2.2.1.3.1',1,'2020-03-21 06:40:29'),(21,1,'ifType','ethernetCsmacd','10','.1.3.6.1.2.1.2.2.1.3.10',1,'2020-03-21 06:40:29'),(21,1,'ifType','ethernetCsmacd','12','.1.3.6.1.2.1.2.2.1.3.12',1,'2020-03-21 06:40:29'),(21,1,'ifType','ethernetCsmacd','14','.1.3.6.1.2.1.2.2.1.3.14',1,'2020-03-21 06:40:29'),(21,1,'ifType','ethernetCsmacd','2','.1.3.6.1.2.1.2.2.1.3.2',1,'2020-03-21 06:40:29'),(21,1,'ifType','ethernetCsmacd','3','.1.3.6.1.2.1.2.2.1.3.3',1,'2020-03-21 06:40:29'),(21,1,'ifType','ethernetCsmacd','4','.1.3.6.1.2.1.2.2.1.3.4',1,'2020-03-21 06:40:29'),(21,1,'ifType','ethernetCsmacd','6','.1.3.6.1.2.1.2.2.1.3.6',1,'2020-03-21 06:40:29'),(21,1,'ifType','ethernetCsmacd','8','.1.3.6.1.2.1.2.2.1.3.8',1,'2020-03-21 06:40:29'),(21,2,'hrStorageAllocationUnits','1024','1','',1,'2020-03-21 06:40:30'),(21,2,'hrStorageAllocationUnits','1024','10','',1,'2020-03-21 06:40:30'),(21,2,'hrStorageAllocationUnits','1024','3','',1,'2020-03-21 06:40:30'),(21,2,'hrStorageAllocationUnits','4096','35','',1,'2020-03-21 06:40:30'),(21,2,'hrStorageAllocationUnits','4096','37','',1,'2020-03-21 06:40:30'),(21,2,'hrStorageAllocationUnits','4096','38','',1,'2020-03-21 06:40:30'),(21,2,'hrStorageAllocationUnits','4096','55','',1,'2020-03-21 06:40:30'),(21,2,'hrStorageAllocationUnits','1024','6','',1,'2020-03-21 06:40:30'),(21,2,'hrStorageAllocationUnits','4096','60','',1,'2020-03-21 06:40:30'),(21,2,'hrStorageAllocationUnits','4096','61','',1,'2020-03-21 06:40:30'),(21,2,'hrStorageAllocationUnits','1024','7','',1,'2020-03-21 06:40:30'),(21,2,'hrStorageAllocationUnits','4096','70','',1,'2020-03-21 06:40:30'),(21,2,'hrStorageAllocationUnits','4096','71','',1,'2020-03-21 06:40:30'),(21,2,'hrStorageAllocationUnits','4096','72','',1,'2020-03-21 06:40:30'),(21,2,'hrStorageAllocationUnits','4096','73','',1,'2020-03-21 06:40:30'),(21,2,'hrStorageAllocationUnits','4096','76','',1,'2020-03-21 06:40:30'),(21,2,'hrStorageAllocationUnits','4096','77','',1,'2020-03-21 06:40:30'),(21,2,'hrStorageAllocationUnits','4096','78','',1,'2020-03-21 06:40:30'),(21,2,'hrStorageAllocationUnits','1024','8','',1,'2020-03-21 06:40:30'),(21,2,'hrStorageAllocationUnits','4096','82','',1,'2020-03-21 06:40:30'),(21,2,'hrStorageDescr','Physical memory','1','',1,'2020-03-21 06:40:30'),(21,2,'hrStorageDescr','Swap space','10','',1,'2020-03-21 06:40:30'),(21,2,'hrStorageDescr','Virtual memory','3','',1,'2020-03-21 06:40:30'),(21,2,'hrStorageDescr','/dev/shm','35','',1,'2020-03-21 06:40:30'),(21,2,'hrStorageDescr','/run','37','',1,'2020-03-21 06:40:30'),(21,2,'hrStorageDescr','/sys/fs/cgroup','38','',1,'2020-03-21 06:40:30'),(21,2,'hrStorageDescr','/','55','',1,'2020-03-21 06:40:30'),(21,2,'hrStorageDescr','Memory buffers','6','',1,'2020-03-21 06:40:30'),(21,2,'hrStorageDescr','/boot','60','',1,'2020-03-21 06:40:30'),(21,2,'hrStorageDescr','/boot/efi','61','',1,'2020-03-21 06:40:30'),(21,2,'hrStorageDescr','Cached memory','7','',1,'2020-03-21 06:40:30'),(21,2,'hrStorageDescr','/var/lib/docker/containers/c67f8c1a01f36c28777812bc7c7be970610f0466cd7cfb0d1e56465b116cbba4/mounts/shm','70','',1,'2020-03-21 06:40:30'),(21,2,'hrStorageDescr','/var/lib/docker/containers/2ff8165cea9a4e7beed669c9f786aa8480f190dfa4d201794fb2e1f8baf5d917/mounts/shm','71','',1,'2020-03-21 06:40:30'),(21,2,'hrStorageDescr','/var/lib/docker/containers/2fb79ea3777adfa76628e774c53262237d75b7e80284cad4b2715b8810988660/mounts/shm','72','',1,'2020-03-21 06:40:30'),(21,2,'hrStorageDescr','/var/lib/docker/containers/1785a7ea0b4e8f770887df474635fe45b71de20ad7d2a2ad650ce2921a9382d8/mounts/shm','73','',1,'2020-03-21 06:40:30'),(21,2,'hrStorageDescr','/var/lib/docker/containers/5883eddda46307af4980f8ce20a13600a9de320de42ae69ec322978b4c40797c/mounts/shm','76','',1,'2020-03-21 06:40:30'),(21,2,'hrStorageDescr','/var/lib/docker/containers/ab44801623cb4b2a1f6113913db22b1b24a166cc19c08a32854a9ceb42bd1123/mounts/shm','77','',1,'2020-03-21 06:40:30'),(21,2,'hrStorageDescr','/var/lib/docker/containers/95ada5cb7a0aaa02d7889ae1ccc8925051bff90898d4bfb17ae89402403805b6/mounts/shm','78','',1,'2020-03-21 06:40:30'),(21,2,'hrStorageDescr','Shared memory','8','',1,'2020-03-21 06:40:30'),(21,2,'hrStorageDescr','/run/user/1000','82','',1,'2020-03-21 06:40:30'),(21,2,'hrStorageIndex','1','1','',1,'2020-03-21 06:40:30'),(21,2,'hrStorageIndex','10','10','',1,'2020-03-21 06:40:30'),(21,2,'hrStorageIndex','3','3','',1,'2020-03-21 06:40:30'),(21,2,'hrStorageIndex','35','35','',1,'2020-03-21 06:40:30'),(21,2,'hrStorageIndex','37','37','',1,'2020-03-21 06:40:30'),(21,2,'hrStorageIndex','38','38','',1,'2020-03-21 06:40:30'),(21,2,'hrStorageIndex','55','55','',1,'2020-03-21 06:40:30'),(21,2,'hrStorageIndex','6','6','',1,'2020-03-21 06:40:30'),(21,2,'hrStorageIndex','60','60','',1,'2020-03-21 06:40:30'),(21,2,'hrStorageIndex','61','61','',1,'2020-03-21 06:40:30'),(21,2,'hrStorageIndex','7','7','',1,'2020-03-21 06:40:30'),(21,2,'hrStorageIndex','70','70','',1,'2020-03-21 06:40:30'),(21,2,'hrStorageIndex','71','71','',1,'2020-03-21 06:40:30'),(21,2,'hrStorageIndex','72','72','',1,'2020-03-21 06:40:30'),(21,2,'hrStorageIndex','73','73','',1,'2020-03-21 06:40:30'),(21,2,'hrStorageIndex','76','76','',1,'2020-03-21 06:40:30'),(21,2,'hrStorageIndex','77','77','',1,'2020-03-21 06:40:30'),(21,2,'hrStorageIndex','78','78','',1,'2020-03-21 06:40:30'),(21,2,'hrStorageIndex','8','8','',1,'2020-03-21 06:40:30'),(21,2,'hrStorageIndex','82','82','',1,'2020-03-21 06:40:30'),(21,3,'hrProcessorFrwID','0','0','',1,'2020-03-21 06:40:31'),(21,3,'hrProcessorFrwID','1','1','',1,'2020-03-21 06:40:31'),(21,3,'hrProcessorFrwID','2','2','',1,'2020-03-21 06:40:31'),(21,3,'hrProcessorFrwID','3','3','',1,'2020-03-21 06:40:31'),(21,3,'hrProcessorFrwID','Total','4000','',1,'2020-03-21 06:40:31'),(22,1,'ifAdminStatus','Up','134217728','.1.3.6.1.2.1.2.2.1.7.134217728',1,'2020-02-29 02:05:29'),(22,1,'ifAdminStatus','Up','16385','.1.3.6.1.2.1.2.2.1.7.16385',1,'2020-02-29 02:05:29'),(22,1,'ifAdminStatus','Up','16386','.1.3.6.1.2.1.2.2.1.7.16386',1,'2020-02-29 02:05:29'),(22,1,'ifAdminStatus','Up','16387','.1.3.6.1.2.1.2.2.1.7.16387',1,'2020-02-29 02:05:29'),(22,1,'ifAdminStatus','Up','16388','.1.3.6.1.2.1.2.2.1.7.16388',1,'2020-02-29 02:05:29'),(22,1,'ifAdminStatus','Up','16389','.1.3.6.1.2.1.2.2.1.7.16389',1,'2020-02-29 02:05:29'),(22,1,'ifAdminStatus','Up','16390','.1.3.6.1.2.1.2.2.1.7.16390',1,'2020-02-29 02:05:29'),(22,1,'ifAdminStatus','Up','16391','.1.3.6.1.2.1.2.2.1.7.16391',1,'2020-02-29 02:05:29'),(22,1,'ifAdminStatus','Up','16392','.1.3.6.1.2.1.2.2.1.7.16392',1,'2020-02-29 02:05:29'),(22,1,'ifAdminStatus','Up','24577','.1.3.6.1.2.1.2.2.1.7.24577',1,'2020-02-29 02:05:29'),(22,1,'ifAdminStatus','Up','24578','.1.3.6.1.2.1.2.2.1.7.24578',1,'2020-02-29 02:05:29'),(22,1,'ifAdminStatus','Up','24579','.1.3.6.1.2.1.2.2.1.7.24579',1,'2020-02-29 02:05:29'),(22,1,'ifAdminStatus','Up','24580','.1.3.6.1.2.1.2.2.1.7.24580',1,'2020-02-29 02:05:29'),(22,1,'ifAdminStatus','Up','4097','.1.3.6.1.2.1.2.2.1.7.4097',1,'2020-02-29 02:05:29'),(22,1,'ifAdminStatus','Down','4098','.1.3.6.1.2.1.2.2.1.7.4098',1,'2020-02-29 02:05:29'),(22,1,'ifAdminStatus','Down','4099','.1.3.6.1.2.1.2.2.1.7.4099',1,'2020-02-29 02:05:29'),(22,1,'ifAdminStatus','Down','4100','.1.3.6.1.2.1.2.2.1.7.4100',1,'2020-02-29 02:05:29'),(22,1,'ifAlias','SWITCH IP INTERFACE','134217728','.1.3.6.1.2.1.31.1.1.1.18.134217728',1,'2020-02-29 02:05:29'),(22,1,'ifAlias','Link Aggregate','16385','.1.3.6.1.2.1.31.1.1.1.18.16385',1,'2020-02-29 02:05:29'),(22,1,'ifAlias','Link Aggregate','16386','.1.3.6.1.2.1.31.1.1.1.18.16386',1,'2020-02-29 02:05:29'),(22,1,'ifAlias','Link Aggregate','16387','.1.3.6.1.2.1.31.1.1.1.18.16387',1,'2020-02-29 02:05:29'),(22,1,'ifAlias','Link Aggregate','16388','.1.3.6.1.2.1.31.1.1.1.18.16388',1,'2020-02-29 02:05:29'),(22,1,'ifAlias','Link Aggregate','16389','.1.3.6.1.2.1.31.1.1.1.18.16389',1,'2020-02-29 02:05:29'),(22,1,'ifAlias','Link Aggregate','16390','.1.3.6.1.2.1.31.1.1.1.18.16390',1,'2020-02-29 02:05:29'),(22,1,'ifAlias','Link Aggregate','16391','.1.3.6.1.2.1.31.1.1.1.18.16391',1,'2020-02-29 02:05:29'),(22,1,'ifAlias','Link Aggregate','16392','.1.3.6.1.2.1.31.1.1.1.18.16392',1,'2020-02-29 02:05:29'),(22,1,'ifAlias','802.1Q VLAN','24577','.1.3.6.1.2.1.31.1.1.1.18.24577',1,'2020-02-29 02:05:29'),(22,1,'ifAlias','802.1Q VLAN','24578','.1.3.6.1.2.1.31.1.1.1.18.24578',1,'2020-02-29 02:05:29'),(22,1,'ifAlias','802.1Q VLAN','24579','.1.3.6.1.2.1.31.1.1.1.18.24579',1,'2020-02-29 02:05:29'),(22,1,'ifAlias','802.1Q VLAN','24580','.1.3.6.1.2.1.31.1.1.1.18.24580',1,'2020-02-29 02:05:29'),(22,1,'ifAlias','GE1/0','4097','.1.3.6.1.2.1.31.1.1.1.18.4097',1,'2020-02-29 02:05:29'),(22,1,'ifAlias','GE1/1','4098','.1.3.6.1.2.1.31.1.1.1.18.4098',1,'2020-02-29 02:05:29'),(22,1,'ifAlias','GE1/2','4099','.1.3.6.1.2.1.31.1.1.1.18.4099',1,'2020-02-29 02:05:29'),(22,1,'ifAlias','GE1/3','4100','.1.3.6.1.2.1.31.1.1.1.18.4100',1,'2020-02-29 02:05:29'),(22,1,'ifDescr','SWITCH IP INTERFACE','134217728','.1.3.6.1.2.1.2.2.1.2.134217728',1,'2020-02-29 02:05:29'),(22,1,'ifDescr','Link Aggregate','16385','.1.3.6.1.2.1.2.2.1.2.16385',1,'2020-02-29 02:05:29'),(22,1,'ifDescr','Link Aggregate','16386','.1.3.6.1.2.1.2.2.1.2.16386',1,'2020-02-29 02:05:29'),(22,1,'ifDescr','Link Aggregate','16387','.1.3.6.1.2.1.2.2.1.2.16387',1,'2020-02-29 02:05:29'),(22,1,'ifDescr','Link Aggregate','16388','.1.3.6.1.2.1.2.2.1.2.16388',1,'2020-02-29 02:05:29'),(22,1,'ifDescr','Link Aggregate','16389','.1.3.6.1.2.1.2.2.1.2.16389',1,'2020-02-29 02:05:29'),(22,1,'ifDescr','Link Aggregate','16390','.1.3.6.1.2.1.2.2.1.2.16390',1,'2020-02-29 02:05:29'),(22,1,'ifDescr','Link Aggregate','16391','.1.3.6.1.2.1.2.2.1.2.16391',1,'2020-02-29 02:05:29'),(22,1,'ifDescr','Link Aggregate','16392','.1.3.6.1.2.1.2.2.1.2.16392',1,'2020-02-29 02:05:29'),(22,1,'ifDescr','802.1Q VLAN','24577','.1.3.6.1.2.1.2.2.1.2.24577',1,'2020-02-29 02:05:29'),(22,1,'ifDescr','802.1Q VLAN','24578','.1.3.6.1.2.1.2.2.1.2.24578',1,'2020-02-29 02:05:29'),(22,1,'ifDescr','802.1Q VLAN','24579','.1.3.6.1.2.1.2.2.1.2.24579',1,'2020-02-29 02:05:29'),(22,1,'ifDescr','802.1Q VLAN','24580','.1.3.6.1.2.1.2.2.1.2.24580',1,'2020-02-29 02:05:29'),(22,1,'ifDescr','GE1/0','4097','.1.3.6.1.2.1.2.2.1.2.4097',1,'2020-02-29 02:05:29'),(22,1,'ifDescr','GE1/1','4098','.1.3.6.1.2.1.2.2.1.2.4098',1,'2020-02-29 02:05:29'),(22,1,'ifDescr','GE1/2','4099','.1.3.6.1.2.1.2.2.1.2.4099',1,'2020-02-29 02:05:29'),(22,1,'ifDescr','GE1/3','4100','.1.3.6.1.2.1.2.2.1.2.4100',1,'2020-02-29 02:05:29'),(22,1,'ifHighSpeed','0','134217728','.1.3.6.1.2.1.31.1.1.1.15.134217728',1,'2020-02-29 02:05:29'),(22,1,'ifHighSpeed','0','16385','.1.3.6.1.2.1.31.1.1.1.15.16385',1,'2020-02-29 02:05:29'),(22,1,'ifHighSpeed','0','16386','.1.3.6.1.2.1.31.1.1.1.15.16386',1,'2020-02-29 02:05:29'),(22,1,'ifHighSpeed','0','16387','.1.3.6.1.2.1.31.1.1.1.15.16387',1,'2020-02-29 02:05:29'),(22,1,'ifHighSpeed','0','16388','.1.3.6.1.2.1.31.1.1.1.15.16388',1,'2020-02-29 02:05:29'),(22,1,'ifHighSpeed','0','16389','.1.3.6.1.2.1.31.1.1.1.15.16389',1,'2020-02-29 02:05:29'),(22,1,'ifHighSpeed','0','16390','.1.3.6.1.2.1.31.1.1.1.15.16390',1,'2020-02-29 02:05:29'),(22,1,'ifHighSpeed','0','16391','.1.3.6.1.2.1.31.1.1.1.15.16391',1,'2020-02-29 02:05:29'),(22,1,'ifHighSpeed','0','16392','.1.3.6.1.2.1.31.1.1.1.15.16392',1,'2020-02-29 02:05:29'),(22,1,'ifHighSpeed','0','24577','.1.3.6.1.2.1.31.1.1.1.15.24577',1,'2020-02-29 02:05:29'),(22,1,'ifHighSpeed','0','24578','.1.3.6.1.2.1.31.1.1.1.15.24578',1,'2020-02-29 02:05:29'),(22,1,'ifHighSpeed','0','24579','.1.3.6.1.2.1.31.1.1.1.15.24579',1,'2020-02-29 02:05:29'),(22,1,'ifHighSpeed','0','24580','.1.3.6.1.2.1.31.1.1.1.15.24580',1,'2020-02-29 02:05:29'),(22,1,'ifHighSpeed','100','4097','.1.3.6.1.2.1.31.1.1.1.15.4097',1,'2020-02-29 02:05:29'),(22,1,'ifHighSpeed','1000','4098','.1.3.6.1.2.1.31.1.1.1.15.4098',1,'2020-02-29 02:05:29'),(22,1,'ifHighSpeed','1000','4099','.1.3.6.1.2.1.31.1.1.1.15.4099',1,'2020-02-29 02:05:29'),(22,1,'ifHighSpeed','1000','4100','.1.3.6.1.2.1.31.1.1.1.15.4100',1,'2020-02-29 02:05:29'),(22,1,'ifHwAddr','0:b:86:6e:dc:3c','134217728','.1.3.6.1.2.1.2.2.1.6.134217728',1,'2020-02-29 02:05:29'),(22,1,'ifHwAddr','0:b:86:6e:dc:3c','16385','.1.3.6.1.2.1.2.2.1.6.16385',1,'2020-02-29 02:05:29'),(22,1,'ifHwAddr','0:b:86:6e:dc:3c','16386','.1.3.6.1.2.1.2.2.1.6.16386',1,'2020-02-29 02:05:29'),(22,1,'ifHwAddr','0:b:86:6e:dc:3c','16387','.1.3.6.1.2.1.2.2.1.6.16387',1,'2020-02-29 02:05:29'),(22,1,'ifHwAddr','0:b:86:6e:dc:3c','16388','.1.3.6.1.2.1.2.2.1.6.16388',1,'2020-02-29 02:05:29'),(22,1,'ifHwAddr','0:b:86:6e:dc:3c','16389','.1.3.6.1.2.1.2.2.1.6.16389',1,'2020-02-29 02:05:29'),(22,1,'ifHwAddr','0:b:86:6e:dc:3c','16390','.1.3.6.1.2.1.2.2.1.6.16390',1,'2020-02-29 02:05:29'),(22,1,'ifHwAddr','0:b:86:6e:dc:3c','16391','.1.3.6.1.2.1.2.2.1.6.16391',1,'2020-02-29 02:05:29'),(22,1,'ifHwAddr','0:b:86:6e:dc:3c','16392','.1.3.6.1.2.1.2.2.1.6.16392',1,'2020-02-29 02:05:29'),(22,1,'ifHwAddr','0:b:86:6e:dc:3c','24577','.1.3.6.1.2.1.2.2.1.6.24577',1,'2020-02-29 02:05:29'),(22,1,'ifHwAddr','0:b:86:6e:dc:3c','24578','.1.3.6.1.2.1.2.2.1.6.24578',1,'2020-02-29 02:05:29'),(22,1,'ifHwAddr','0:b:86:6e:dc:3c','24579','.1.3.6.1.2.1.2.2.1.6.24579',1,'2020-02-29 02:05:29'),(22,1,'ifHwAddr','0:b:86:6e:dc:3c','24580','.1.3.6.1.2.1.2.2.1.6.24580',1,'2020-02-29 02:05:29'),(22,1,'ifHwAddr','0:b:86:6e:dc:3d','4097','.1.3.6.1.2.1.2.2.1.6.4097',1,'2020-02-29 02:05:29'),(22,1,'ifHwAddr','0:b:86:6e:dc:3e','4098','.1.3.6.1.2.1.2.2.1.6.4098',1,'2020-02-29 02:05:29'),(22,1,'ifHwAddr','0:b:86:6e:dc:3f','4099','.1.3.6.1.2.1.2.2.1.6.4099',1,'2020-02-29 02:05:29'),(22,1,'ifHwAddr','0:b:86:6e:dc:40','4100','.1.3.6.1.2.1.2.2.1.6.4100',1,'2020-02-29 02:05:29'),(22,1,'ifIndex','134217728','134217728','.1.3.6.1.2.1.2.2.1.1.134217728',1,'2020-02-29 02:05:29'),(22,1,'ifIndex','16385','16385','.1.3.6.1.2.1.2.2.1.1.16385',1,'2020-02-29 02:05:29'),(22,1,'ifIndex','16386','16386','.1.3.6.1.2.1.2.2.1.1.16386',1,'2020-02-29 02:05:29'),(22,1,'ifIndex','16387','16387','.1.3.6.1.2.1.2.2.1.1.16387',1,'2020-02-29 02:05:29'),(22,1,'ifIndex','16388','16388','.1.3.6.1.2.1.2.2.1.1.16388',1,'2020-02-29 02:05:29'),(22,1,'ifIndex','16389','16389','.1.3.6.1.2.1.2.2.1.1.16389',1,'2020-02-29 02:05:29'),(22,1,'ifIndex','16390','16390','.1.3.6.1.2.1.2.2.1.1.16390',1,'2020-02-29 02:05:29'),(22,1,'ifIndex','16391','16391','.1.3.6.1.2.1.2.2.1.1.16391',1,'2020-02-29 02:05:29'),(22,1,'ifIndex','16392','16392','.1.3.6.1.2.1.2.2.1.1.16392',1,'2020-02-29 02:05:29'),(22,1,'ifIndex','24577','24577','.1.3.6.1.2.1.2.2.1.1.24577',1,'2020-02-29 02:05:29'),(22,1,'ifIndex','24578','24578','.1.3.6.1.2.1.2.2.1.1.24578',1,'2020-02-29 02:05:29'),(22,1,'ifIndex','24579','24579','.1.3.6.1.2.1.2.2.1.1.24579',1,'2020-02-29 02:05:29'),(22,1,'ifIndex','24580','24580','.1.3.6.1.2.1.2.2.1.1.24580',1,'2020-02-29 02:05:29'),(22,1,'ifIndex','4097','4097','.1.3.6.1.2.1.2.2.1.1.4097',1,'2020-02-29 02:05:29'),(22,1,'ifIndex','4098','4098','.1.3.6.1.2.1.2.2.1.1.4098',1,'2020-02-29 02:05:29'),(22,1,'ifIndex','4099','4099','.1.3.6.1.2.1.2.2.1.1.4099',1,'2020-02-29 02:05:29'),(22,1,'ifIndex','4100','4100','.1.3.6.1.2.1.2.2.1.1.4100',1,'2020-02-29 02:05:29'),(22,1,'ifIP','10.254.10.206','24577','.1.3.6.1.2.1.4.20.1.2.10.254.10.206',1,'2020-02-29 02:05:29'),(22,1,'ifIP','192.168.0.1','24578','.1.3.6.1.2.1.4.20.1.2.192.168.0.1',1,'2020-02-29 02:05:29'),(22,1,'ifIP','10.254.11.2','24580','.1.3.6.1.2.1.4.20.1.2.10.254.11.2',1,'2020-02-29 02:05:29'),(22,1,'ifName','loop','134217728','.1.3.6.1.2.1.31.1.1.1.1.134217728',1,'2020-02-29 02:05:29'),(22,1,'ifName','Unit - 0 Slot - 4 Port - 1','16385','.1.3.6.1.2.1.31.1.1.1.1.16385',1,'2020-02-29 02:05:29'),(22,1,'ifName','Unit - 0 Slot - 4 Port - 2','16386','.1.3.6.1.2.1.31.1.1.1.1.16386',1,'2020-02-29 02:05:29'),(22,1,'ifName','Unit - 0 Slot - 4 Port - 3','16387','.1.3.6.1.2.1.31.1.1.1.1.16387',1,'2020-02-29 02:05:29'),(22,1,'ifName','Unit - 0 Slot - 4 Port - 4','16388','.1.3.6.1.2.1.31.1.1.1.1.16388',1,'2020-02-29 02:05:29'),(22,1,'ifName','Unit - 0 Slot - 4 Port - 5','16389','.1.3.6.1.2.1.31.1.1.1.1.16389',1,'2020-02-29 02:05:29'),(22,1,'ifName','Unit - 0 Slot - 4 Port - 6','16390','.1.3.6.1.2.1.31.1.1.1.1.16390',1,'2020-02-29 02:05:29'),(22,1,'ifName','Unit - 0 Slot - 4 Port - 7','16391','.1.3.6.1.2.1.31.1.1.1.1.16391',1,'2020-02-29 02:05:29'),(22,1,'ifName','Unit - 0 Slot - 4 Port - 8','16392','.1.3.6.1.2.1.31.1.1.1.1.16392',1,'2020-02-29 02:05:29'),(22,1,'ifName','vlan 10','24577','.1.3.6.1.2.1.31.1.1.1.1.24577',1,'2020-02-29 02:05:29'),(22,1,'ifName','vlan 1','24578','.1.3.6.1.2.1.31.1.1.1.1.24578',1,'2020-02-29 02:05:29'),(22,1,'ifName','vlan 4095','24579','.1.3.6.1.2.1.31.1.1.1.1.24579',1,'2020-02-29 02:05:29'),(22,1,'ifName','vlan 11','24580','.1.3.6.1.2.1.31.1.1.1.1.24580',1,'2020-02-29 02:05:29'),(22,1,'ifName','GE1/0','4097','.1.3.6.1.2.1.31.1.1.1.1.4097',1,'2020-02-29 02:05:29'),(22,1,'ifName','GE1/1','4098','.1.3.6.1.2.1.31.1.1.1.1.4098',1,'2020-02-29 02:05:29'),(22,1,'ifName','GE1/2','4099','.1.3.6.1.2.1.31.1.1.1.1.4099',1,'2020-02-29 02:05:29'),(22,1,'ifName','GE1/3','4100','.1.3.6.1.2.1.31.1.1.1.1.4100',1,'2020-02-29 02:05:29'),(22,1,'ifOperStatus','Up','134217728','.1.3.6.1.2.1.2.2.1.8.134217728',1,'2020-02-29 02:05:29'),(22,1,'ifOperStatus','Down','16385','.1.3.6.1.2.1.2.2.1.8.16385',1,'2020-02-29 02:05:29'),(22,1,'ifOperStatus','Down','16386','.1.3.6.1.2.1.2.2.1.8.16386',1,'2020-02-29 02:05:29'),(22,1,'ifOperStatus','Down','16387','.1.3.6.1.2.1.2.2.1.8.16387',1,'2020-02-29 02:05:29'),(22,1,'ifOperStatus','Down','16388','.1.3.6.1.2.1.2.2.1.8.16388',1,'2020-02-29 02:05:29'),(22,1,'ifOperStatus','Down','16389','.1.3.6.1.2.1.2.2.1.8.16389',1,'2020-02-29 02:05:29'),(22,1,'ifOperStatus','Down','16390','.1.3.6.1.2.1.2.2.1.8.16390',1,'2020-02-29 02:05:29'),(22,1,'ifOperStatus','Down','16391','.1.3.6.1.2.1.2.2.1.8.16391',1,'2020-02-29 02:05:29'),(22,1,'ifOperStatus','Down','16392','.1.3.6.1.2.1.2.2.1.8.16392',1,'2020-02-29 02:05:29'),(22,1,'ifOperStatus','Up','24577','.1.3.6.1.2.1.2.2.1.8.24577',1,'2020-02-29 02:05:29'),(22,1,'ifOperStatus','Down','24578','.1.3.6.1.2.1.2.2.1.8.24578',1,'2020-02-29 02:05:29'),(22,1,'ifOperStatus','Up','24579','.1.3.6.1.2.1.2.2.1.8.24579',1,'2020-02-29 02:05:29'),(22,1,'ifOperStatus','Up','24580','.1.3.6.1.2.1.2.2.1.8.24580',1,'2020-02-29 02:05:29'),(22,1,'ifOperStatus','Up','4097','.1.3.6.1.2.1.2.2.1.8.4097',1,'2020-02-29 02:05:29'),(22,1,'ifOperStatus','Down','4098','.1.3.6.1.2.1.2.2.1.8.4098',1,'2020-02-29 02:05:29'),(22,1,'ifOperStatus','Down','4099','.1.3.6.1.2.1.2.2.1.8.4099',1,'2020-02-29 02:05:29'),(22,1,'ifOperStatus','Down','4100','.1.3.6.1.2.1.2.2.1.8.4100',1,'2020-02-29 02:05:29'),(22,1,'ifSpeed','0','134217728','.1.3.6.1.2.1.2.2.1.5.134217728',1,'2020-02-29 02:05:29'),(22,1,'ifSpeed','0','16385','.1.3.6.1.2.1.2.2.1.5.16385',1,'2020-02-29 02:05:29'),(22,1,'ifSpeed','0','16386','.1.3.6.1.2.1.2.2.1.5.16386',1,'2020-02-29 02:05:29'),(22,1,'ifSpeed','0','16387','.1.3.6.1.2.1.2.2.1.5.16387',1,'2020-02-29 02:05:29'),(22,1,'ifSpeed','0','16388','.1.3.6.1.2.1.2.2.1.5.16388',1,'2020-02-29 02:05:29'),(22,1,'ifSpeed','0','16389','.1.3.6.1.2.1.2.2.1.5.16389',1,'2020-02-29 02:05:29'),(22,1,'ifSpeed','0','16390','.1.3.6.1.2.1.2.2.1.5.16390',1,'2020-02-29 02:05:29'),(22,1,'ifSpeed','0','16391','.1.3.6.1.2.1.2.2.1.5.16391',1,'2020-02-29 02:05:29'),(22,1,'ifSpeed','0','16392','.1.3.6.1.2.1.2.2.1.5.16392',1,'2020-02-29 02:05:29'),(22,1,'ifSpeed','0','24577','.1.3.6.1.2.1.2.2.1.5.24577',1,'2020-02-29 02:05:29'),(22,1,'ifSpeed','0','24578','.1.3.6.1.2.1.2.2.1.5.24578',1,'2020-02-29 02:05:29'),(22,1,'ifSpeed','0','24579','.1.3.6.1.2.1.2.2.1.5.24579',1,'2020-02-29 02:05:29'),(22,1,'ifSpeed','0','24580','.1.3.6.1.2.1.2.2.1.5.24580',1,'2020-02-29 02:05:29'),(22,1,'ifSpeed','100000000','4097','.1.3.6.1.2.1.2.2.1.5.4097',1,'2020-02-29 02:05:29'),(22,1,'ifSpeed','1000000000','4098','.1.3.6.1.2.1.2.2.1.5.4098',1,'2020-02-29 02:05:29'),(22,1,'ifSpeed','1000000000','4099','.1.3.6.1.2.1.2.2.1.5.4099',1,'2020-02-29 02:05:29'),(22,1,'ifSpeed','1000000000','4100','.1.3.6.1.2.1.2.2.1.5.4100',1,'2020-02-29 02:05:29'),(22,1,'ifType','softwareLoopback','134217728','.1.3.6.1.2.1.2.2.1.3.134217728',1,'2020-02-29 02:05:29'),(22,1,'ifType','ieee8023adLag','16385','.1.3.6.1.2.1.2.2.1.3.16385',1,'2020-02-29 02:05:29'),(22,1,'ifType','ieee8023adLag','16386','.1.3.6.1.2.1.2.2.1.3.16386',1,'2020-02-29 02:05:29'),(22,1,'ifType','ieee8023adLag','16387','.1.3.6.1.2.1.2.2.1.3.16387',1,'2020-02-29 02:05:29'),(22,1,'ifType','ieee8023adLag','16388','.1.3.6.1.2.1.2.2.1.3.16388',1,'2020-02-29 02:05:29'),(22,1,'ifType','ieee8023adLag','16389','.1.3.6.1.2.1.2.2.1.3.16389',1,'2020-02-29 02:05:29'),(22,1,'ifType','ieee8023adLag','16390','.1.3.6.1.2.1.2.2.1.3.16390',1,'2020-02-29 02:05:29'),(22,1,'ifType','ieee8023adLag','16391','.1.3.6.1.2.1.2.2.1.3.16391',1,'2020-02-29 02:05:29'),(22,1,'ifType','ieee8023adLag','16392','.1.3.6.1.2.1.2.2.1.3.16392',1,'2020-02-29 02:05:29'),(22,1,'ifType','l3ipvlan','24577','.1.3.6.1.2.1.2.2.1.3.24577',1,'2020-02-29 02:05:29'),(22,1,'ifType','l3ipvlan','24578','.1.3.6.1.2.1.2.2.1.3.24578',1,'2020-02-29 02:05:29'),(22,1,'ifType','l3ipvlan','24579','.1.3.6.1.2.1.2.2.1.3.24579',1,'2020-02-29 02:05:29'),(22,1,'ifType','l3ipvlan','24580','.1.3.6.1.2.1.2.2.1.3.24580',1,'2020-02-29 02:05:29'),(22,1,'ifType','ethernetCsmacd','4097','.1.3.6.1.2.1.2.2.1.3.4097',1,'2020-02-29 02:05:29'),(22,1,'ifType','ethernetCsmacd','4098','.1.3.6.1.2.1.2.2.1.3.4098',1,'2020-02-29 02:05:29'),(22,1,'ifType','ethernetCsmacd','4099','.1.3.6.1.2.1.2.2.1.3.4099',1,'2020-02-29 02:05:29'),(22,1,'ifType','ethernetCsmacd','4100','.1.3.6.1.2.1.2.2.1.3.4100',1,'2020-02-29 02:05:29'),(23,1,'ifAdminStatus','Up','1','.1.3.6.1.2.1.2.2.1.7.1',1,'2020-03-19 23:27:59'),(23,1,'ifAdminStatus','Up','2','.1.3.6.1.2.1.2.2.1.7.2',1,'2020-03-19 23:27:59'),(23,1,'ifDescr','Unit: 0 Slot: 0 Port: 1 Gigabit - Level 0x7030001','1','.1.3.6.1.2.1.2.2.1.2.1',1,'2020-03-19 23:27:59'),(23,1,'ifDescr','Virtual Interface','2','.1.3.6.1.2.1.2.2.1.2.2',1,'2020-03-19 23:27:59'),(23,1,'ifHighSpeed','1000','1','.1.3.6.1.2.1.31.1.1.1.15.1',1,'2020-03-19 23:27:59'),(23,1,'ifHighSpeed','1000','2','.1.3.6.1.2.1.31.1.1.1.15.2',1,'2020-03-19 23:27:59'),(23,1,'ifHwAddr','0:c:29:44:f8:cb','1','.1.3.6.1.2.1.2.2.1.6.1',1,'2020-03-19 23:27:59'),(23,1,'ifHwAddr','0:c:29:44:f8:cb','2','.1.3.6.1.2.1.2.2.1.6.2',1,'2020-03-19 23:27:59'),(23,1,'ifIndex','1','1','.1.3.6.1.2.1.2.2.1.1.1',1,'2020-03-19 23:27:59'),(23,1,'ifIndex','2','2','.1.3.6.1.2.1.2.2.1.1.2',1,'2020-03-19 23:27:59'),(23,1,'ifIP','192.168.255.253','1','.1.3.6.1.2.1.4.20.1.2.192.168.255.253',1,'2020-03-19 23:27:59'),(23,1,'ifIP','192.168.0.1','2','.1.3.6.1.2.1.4.20.1.2.192.168.0.1',1,'2020-03-19 23:27:59'),(23,1,'ifName','GigabitEthernet0/0/1','1','.1.3.6.1.2.1.31.1.1.1.1.1',1,'2020-03-19 23:27:59'),(23,1,'ifName','Virtual Interface','2','.1.3.6.1.2.1.31.1.1.1.1.2',1,'2020-03-19 23:27:59'),(23,1,'ifOperStatus','Up','1','.1.3.6.1.2.1.2.2.1.8.1',1,'2020-03-19 23:27:59'),(23,1,'ifOperStatus','Up','2','.1.3.6.1.2.1.2.2.1.8.2',1,'2020-03-19 23:27:59'),(23,1,'ifSpeed','1000000000','1','.1.3.6.1.2.1.2.2.1.5.1',1,'2020-03-19 23:27:59'),(23,1,'ifSpeed','1000000000','2','.1.3.6.1.2.1.2.2.1.5.2',1,'2020-03-19 23:27:59'),(23,1,'ifType','ethernetCsmacd','1','.1.3.6.1.2.1.2.2.1.3.1',1,'2020-03-19 23:27:59'),(23,1,'ifType','ethernetCsmacd','2','.1.3.6.1.2.1.2.2.1.3.2',1,'2020-03-19 23:27:59');
/*!40000 ALTER TABLE `host_snmp_cache` ENABLE KEYS */;
UNLOCK TABLES;

--
-- Table structure for table `host_snmp_query`
--

DROP TABLE IF EXISTS `host_snmp_query`;
/*!40101 SET @saved_cs_client     = @@character_set_client */;
/*!40101 SET character_set_client = utf8 */;
CREATE TABLE `host_snmp_query` (
  `host_id` mediumint(8) unsigned NOT NULL DEFAULT 0,
  `snmp_query_id` mediumint(8) unsigned NOT NULL DEFAULT 0,
  `sort_field` varchar(50) COLLATE utf8mb4_unicode_ci NOT NULL DEFAULT '',
  `title_format` varchar(50) COLLATE utf8mb4_unicode_ci NOT NULL DEFAULT '',
  `reindex_method` tinyint(3) unsigned NOT NULL DEFAULT 0,
  PRIMARY KEY (`host_id`,`snmp_query_id`),
  KEY `host_id` (`host_id`)
) ENGINE=InnoDB DEFAULT CHARSET=utf8mb4 COLLATE=utf8mb4_unicode_ci ROW_FORMAT=DYNAMIC;
/*!40101 SET character_set_client = @saved_cs_client */;

--
-- Dumping data for table `host_snmp_query`
--

LOCK TABLES `host_snmp_query` WRITE;
/*!40000 ALTER TABLE `host_snmp_query` DISABLE KEYS */;
INSERT INTO `host_snmp_query` VALUES (1,1,'ifName','|query_ifName|',1),(3,1,'ifName','|query_ifName|',1),(3,2,'hrStorageDescr','|query_hrStorageDescr|',1),(3,3,'hrProcessorFrwID','CPU#|query_hrProcessorFrwID|',1),(4,1,'ifName','|query_ifName|',1),(12,1,'ifName','|query_ifName|',1),(12,2,'hrStorageDescr','|query_hrStorageDescr|',1),(12,3,'hrProcessorFrwID','CPU#|query_hrProcessorFrwID|',1),(15,1,'ifDescr','|query_ifDescr|',1),(17,1,'ifName','|query_ifName|',1),(18,1,'ifName','|query_ifName|',1),(18,2,'hrStorageDescr','|query_hrStorageDescr|',1),(18,3,'hrProcessorFrwID','CPU#|query_hrProcessorFrwID|',1),(19,1,'ifName','|query_ifName|',1),(20,1,'ifName','|query_ifName|',1),(21,1,'ifName','|query_ifName|',1),(21,2,'hrStorageDescr','|query_hrStorageDescr|',1),(21,3,'hrProcessorFrwID','CPU#|query_hrProcessorFrwID|',1),(22,1,'ifName','|query_ifName|',1),(23,1,'ifName','|query_ifName|',1);
/*!40000 ALTER TABLE `host_snmp_query` ENABLE KEYS */;
UNLOCK TABLES;

--
-- Table structure for table `host_template`
--

DROP TABLE IF EXISTS `host_template`;
/*!40101 SET @saved_cs_client     = @@character_set_client */;
/*!40101 SET character_set_client = utf8 */;
CREATE TABLE `host_template` (
  `id` mediumint(8) unsigned NOT NULL AUTO_INCREMENT,
  `hash` varchar(32) COLLATE utf8mb4_unicode_ci NOT NULL DEFAULT '',
  `name` varchar(100) COLLATE utf8mb4_unicode_ci NOT NULL DEFAULT '',
  PRIMARY KEY (`id`),
  KEY `name` (`name`)
) ENGINE=InnoDB AUTO_INCREMENT=5 DEFAULT CHARSET=utf8mb4 COLLATE=utf8mb4_unicode_ci ROW_FORMAT=DYNAMIC;
/*!40101 SET character_set_client = @saved_cs_client */;

--
-- Dumping data for table `host_template`
--

LOCK TABLES `host_template` WRITE;
/*!40000 ALTER TABLE `host_template` DISABLE KEYS */;
INSERT INTO `host_template` VALUES (1,'cae6a879f86edacb2471055783bec6d0','DevT - Cisco Router'),(2,'712c712eed4784e55adbb6be7517f00e','DevT - Generic SNMP Device'),(3,'4b0adb6a094cb32e0ae8ed533f4d69ba','DevT - Linux Server'),(4,'c19beb8cda5199ca8f3acda18363ae6d','DevT - Windows Server');
/*!40000 ALTER TABLE `host_template` ENABLE KEYS */;
UNLOCK TABLES;

--
-- Table structure for table `host_template_graph`
--

DROP TABLE IF EXISTS `host_template_graph`;
/*!40101 SET @saved_cs_client     = @@character_set_client */;
/*!40101 SET character_set_client = utf8 */;
CREATE TABLE `host_template_graph` (
  `host_template_id` mediumint(8) unsigned NOT NULL DEFAULT 0,
  `graph_template_id` mediumint(8) unsigned NOT NULL DEFAULT 0,
  PRIMARY KEY (`host_template_id`,`graph_template_id`),
  KEY `host_template_id` (`host_template_id`)
) ENGINE=InnoDB DEFAULT CHARSET=utf8mb4 COLLATE=utf8mb4_unicode_ci ROW_FORMAT=DYNAMIC;
/*!40101 SET character_set_client = @saved_cs_client */;

--
-- Dumping data for table `host_template_graph`
--

LOCK TABLES `host_template_graph` WRITE;
/*!40000 ALTER TABLE `host_template_graph` DISABLE KEYS */;
INSERT INTO `host_template_graph` VALUES (1,1),(1,2),(2,2),(3,2),(3,5),(4,2);
/*!40000 ALTER TABLE `host_template_graph` ENABLE KEYS */;
UNLOCK TABLES;

--
-- Table structure for table `host_template_snmp_query`
--

DROP TABLE IF EXISTS `host_template_snmp_query`;
/*!40101 SET @saved_cs_client     = @@character_set_client */;
/*!40101 SET character_set_client = utf8 */;
CREATE TABLE `host_template_snmp_query` (
  `host_template_id` mediumint(8) unsigned NOT NULL DEFAULT 0,
  `snmp_query_id` mediumint(8) unsigned NOT NULL DEFAULT 0,
  PRIMARY KEY (`host_template_id`,`snmp_query_id`),
  KEY `host_template_id` (`host_template_id`)
) ENGINE=InnoDB DEFAULT CHARSET=utf8mb4 COLLATE=utf8mb4_unicode_ci ROW_FORMAT=DYNAMIC;
/*!40101 SET character_set_client = @saved_cs_client */;

--
-- Dumping data for table `host_template_snmp_query`
--

LOCK TABLES `host_template_snmp_query` WRITE;
/*!40000 ALTER TABLE `host_template_snmp_query` DISABLE KEYS */;
INSERT INTO `host_template_snmp_query` VALUES (1,1),(2,1),(3,1),(3,2),(3,3),(4,1),(4,2),(4,3);
/*!40000 ALTER TABLE `host_template_snmp_query` ENABLE KEYS */;
UNLOCK TABLES;

--
-- Table structure for table `plugin_config`
--

DROP TABLE IF EXISTS `plugin_config`;
/*!40101 SET @saved_cs_client     = @@character_set_client */;
/*!40101 SET character_set_client = utf8 */;
CREATE TABLE `plugin_config` (
  `id` mediumint(8) unsigned NOT NULL AUTO_INCREMENT,
  `directory` varchar(32) COLLATE utf8mb4_unicode_ci NOT NULL DEFAULT '',
  `name` varchar(64) COLLATE utf8mb4_unicode_ci NOT NULL DEFAULT '',
  `status` tinyint(2) NOT NULL DEFAULT 0,
  `author` varchar(64) COLLATE utf8mb4_unicode_ci NOT NULL DEFAULT '',
  `webpage` varchar(255) COLLATE utf8mb4_unicode_ci NOT NULL DEFAULT '',
  `version` varchar(8) COLLATE utf8mb4_unicode_ci NOT NULL DEFAULT '',
  PRIMARY KEY (`id`),
  KEY `status` (`status`),
  KEY `directory` (`directory`)
) ENGINE=InnoDB DEFAULT CHARSET=utf8mb4 COLLATE=utf8mb4_unicode_ci ROW_FORMAT=DYNAMIC;
/*!40101 SET character_set_client = @saved_cs_client */;

--
-- Dumping data for table `plugin_config`
--

LOCK TABLES `plugin_config` WRITE;
/*!40000 ALTER TABLE `plugin_config` DISABLE KEYS */;
/*!40000 ALTER TABLE `plugin_config` ENABLE KEYS */;
UNLOCK TABLES;

--
-- Table structure for table `plugin_db_changes`
--

DROP TABLE IF EXISTS `plugin_db_changes`;
/*!40101 SET @saved_cs_client     = @@character_set_client */;
/*!40101 SET character_set_client = utf8 */;
CREATE TABLE `plugin_db_changes` (
  `id` mediumint(8) unsigned NOT NULL AUTO_INCREMENT,
  `plugin` varchar(16) COLLATE utf8mb4_unicode_ci NOT NULL DEFAULT '',
  `table` varchar(64) COLLATE utf8mb4_unicode_ci NOT NULL DEFAULT '',
  `column` varchar(64) COLLATE utf8mb4_unicode_ci NOT NULL,
  `method` varchar(16) COLLATE utf8mb4_unicode_ci NOT NULL DEFAULT '',
  PRIMARY KEY (`id`),
  KEY `plugin` (`plugin`),
  KEY `method` (`method`)
) ENGINE=InnoDB DEFAULT CHARSET=utf8mb4 COLLATE=utf8mb4_unicode_ci ROW_FORMAT=DYNAMIC;
/*!40101 SET character_set_client = @saved_cs_client */;

--
-- Dumping data for table `plugin_db_changes`
--

LOCK TABLES `plugin_db_changes` WRITE;
/*!40000 ALTER TABLE `plugin_db_changes` DISABLE KEYS */;
/*!40000 ALTER TABLE `plugin_db_changes` ENABLE KEYS */;
UNLOCK TABLES;

--
-- Table structure for table `plugin_hooks`
--

DROP TABLE IF EXISTS `plugin_hooks`;
/*!40101 SET @saved_cs_client     = @@character_set_client */;
/*!40101 SET character_set_client = utf8 */;
CREATE TABLE `plugin_hooks` (
  `id` mediumint(8) unsigned NOT NULL AUTO_INCREMENT,
  `name` varchar(32) COLLATE utf8mb4_unicode_ci NOT NULL DEFAULT '',
  `hook` varchar(64) COLLATE utf8mb4_unicode_ci NOT NULL DEFAULT '',
  `file` varchar(255) COLLATE utf8mb4_unicode_ci NOT NULL DEFAULT '',
  `function` varchar(128) COLLATE utf8mb4_unicode_ci NOT NULL DEFAULT '',
  `status` int(8) NOT NULL DEFAULT 0,
  PRIMARY KEY (`id`),
  KEY `hook` (`hook`),
  KEY `status` (`status`)
) ENGINE=InnoDB AUTO_INCREMENT=3 DEFAULT CHARSET=utf8mb4 COLLATE=utf8mb4_unicode_ci ROW_FORMAT=DYNAMIC;
/*!40101 SET character_set_client = @saved_cs_client */;

--
-- Dumping data for table `plugin_hooks`
--

LOCK TABLES `plugin_hooks` WRITE;
/*!40000 ALTER TABLE `plugin_hooks` DISABLE KEYS */;
INSERT INTO `plugin_hooks` VALUES (1,'internal','config_arrays','','plugin_config_arrays',1),(2,'internal','draw_navigation_text','','plugin_draw_navigation_text',1);
/*!40000 ALTER TABLE `plugin_hooks` ENABLE KEYS */;
UNLOCK TABLES;

--
-- Table structure for table `plugin_realms`
--

DROP TABLE IF EXISTS `plugin_realms`;
/*!40101 SET @saved_cs_client     = @@character_set_client */;
/*!40101 SET character_set_client = utf8 */;
CREATE TABLE `plugin_realms` (
  `id` mediumint(8) unsigned NOT NULL AUTO_INCREMENT,
  `plugin` varchar(32) COLLATE utf8mb4_unicode_ci NOT NULL DEFAULT '',
  `file` mediumtext COLLATE utf8mb4_unicode_ci NOT NULL,
  `display` varchar(64) COLLATE utf8mb4_unicode_ci NOT NULL DEFAULT '',
  PRIMARY KEY (`id`),
  KEY `plugin` (`plugin`)
) ENGINE=InnoDB AUTO_INCREMENT=2 DEFAULT CHARSET=utf8mb4 COLLATE=utf8mb4_unicode_ci ROW_FORMAT=DYNAMIC;
/*!40101 SET character_set_client = @saved_cs_client */;

--
-- Dumping data for table `plugin_realms`
--

LOCK TABLES `plugin_realms` WRITE;
/*!40000 ALTER TABLE `plugin_realms` DISABLE KEYS */;
INSERT INTO `plugin_realms` VALUES (1,'internal','plugins.php','Plugin Management');
/*!40000 ALTER TABLE `plugin_realms` ENABLE KEYS */;
UNLOCK TABLES;

--
-- Table structure for table `poller`
--

DROP TABLE IF EXISTS `poller`;
/*!40101 SET @saved_cs_client     = @@character_set_client */;
/*!40101 SET character_set_client = utf8 */;
CREATE TABLE `poller` (
  `id` smallint(5) unsigned NOT NULL AUTO_INCREMENT,
  `disabled` char(2) COLLATE utf8mb4_unicode_ci DEFAULT '',
  `name` varchar(30) COLLATE utf8mb4_unicode_ci DEFAULT NULL,
  `notes` varchar(1024) COLLATE utf8mb4_unicode_ci DEFAULT '',
  `status` int(10) unsigned NOT NULL DEFAULT 0,
  `timezone` varchar(40) COLLATE utf8mb4_unicode_ci DEFAULT '',
  `hostname` varchar(100) COLLATE utf8mb4_unicode_ci NOT NULL DEFAULT '',
  `dbdefault` varchar(20) COLLATE utf8mb4_unicode_ci NOT NULL DEFAULT 'cacti',
  `dbhost` varchar(64) COLLATE utf8mb4_unicode_ci NOT NULL DEFAULT 'cacti',
  `dbuser` varchar(20) COLLATE utf8mb4_unicode_ci NOT NULL DEFAULT '',
  `dbpass` varchar(64) COLLATE utf8mb4_unicode_ci NOT NULL DEFAULT '',
  `dbport` int(10) unsigned DEFAULT 3306,
  `dbssl` char(3) COLLATE utf8mb4_unicode_ci DEFAULT '',
  `dbsslca` varchar(255) COLLATE utf8mb4_unicode_ci DEFAULT NULL,
  `dbsslcert` varchar(255) COLLATE utf8mb4_unicode_ci DEFAULT NULL,
  `dbsslkey` varchar(255) COLLATE utf8mb4_unicode_ci DEFAULT NULL,
  `total_time` double DEFAULT 0,
  `max_time` double DEFAULT NULL,
  `min_time` double DEFAULT NULL,
  `avg_time` double DEFAULT NULL,
  `total_polls` int(11) DEFAULT 0,
  `processes` int(11) DEFAULT 1,
  `threads` double DEFAULT 1,
  `sync_interval` int(11) DEFAULT 7200,
  `snmp` mediumint(8) unsigned DEFAULT 0,
  `script` mediumint(8) unsigned DEFAULT 0,
  `server` mediumint(8) unsigned DEFAULT 0,
  `last_update` timestamp NOT NULL DEFAULT '0000-00-00 00:00:00',
  `last_status` timestamp NOT NULL DEFAULT '0000-00-00 00:00:00',
  `last_sync` timestamp NOT NULL DEFAULT '0000-00-00 00:00:00',
  `requires_sync` char(3) COLLATE utf8mb4_unicode_ci NOT NULL DEFAULT '',
  PRIMARY KEY (`id`),
  KEY `name` (`name`),
  KEY `disabled` (`disabled`)
) ENGINE=InnoDB AUTO_INCREMENT=2 DEFAULT CHARSET=utf8mb4 COLLATE=utf8mb4_unicode_ci ROW_FORMAT=DYNAMIC COMMENT='Pollers for Cacti';
/*!40101 SET character_set_client = @saved_cs_client */;

--
-- Dumping data for table `poller`
--

LOCK TABLES `poller` WRITE;
/*!40000 ALTER TABLE `poller` DISABLE KEYS */;
INSERT INTO `poller` VALUES (1,'','Main Poller','',2,'','VMinfraserv05.prosper2.net','cacti','cacti','','',3306,'',NULL,NULL,NULL,12.4086,299.83294701576,3.4033358097076,7.6928339950405,50751,1,1,7200,151,0,83,'2020-03-29 01:30:14','2020-03-29 01:30:14','0000-00-00 00:00:00','');
/*!40000 ALTER TABLE `poller` ENABLE KEYS */;
UNLOCK TABLES;

--
-- Table structure for table `poller_command`
--

DROP TABLE IF EXISTS `poller_command`;
/*!40101 SET @saved_cs_client     = @@character_set_client */;
/*!40101 SET character_set_client = utf8 */;
CREATE TABLE `poller_command` (
  `poller_id` smallint(5) unsigned NOT NULL DEFAULT 1,
  `time` timestamp NOT NULL DEFAULT '0000-00-00 00:00:00',
  `action` tinyint(3) unsigned NOT NULL DEFAULT 0,
  `command` varchar(191) COLLATE utf8mb4_unicode_ci NOT NULL DEFAULT '',
  `last_updated` timestamp NOT NULL DEFAULT current_timestamp() ON UPDATE current_timestamp(),
  PRIMARY KEY (`poller_id`,`action`,`command`),
  KEY `poller_id_last_updated` (`poller_id`,`last_updated`)
) ENGINE=InnoDB DEFAULT CHARSET=utf8mb4 COLLATE=utf8mb4_unicode_ci ROW_FORMAT=DYNAMIC;
/*!40101 SET character_set_client = @saved_cs_client */;

--
-- Dumping data for table `poller_command`
--

LOCK TABLES `poller_command` WRITE;
/*!40000 ALTER TABLE `poller_command` DISABLE KEYS */;
/*!40000 ALTER TABLE `poller_command` ENABLE KEYS */;
UNLOCK TABLES;

--
-- Table structure for table `poller_data_template_field_mappings`
--

DROP TABLE IF EXISTS `poller_data_template_field_mappings`;
/*!40101 SET @saved_cs_client     = @@character_set_client */;
/*!40101 SET character_set_client = utf8 */;
CREATE TABLE `poller_data_template_field_mappings` (
  `data_template_id` int(10) unsigned NOT NULL DEFAULT 0,
  `data_name` varchar(40) COLLATE utf8mb4_unicode_ci NOT NULL DEFAULT '',
  `data_source_names` varchar(125) COLLATE utf8mb4_unicode_ci NOT NULL DEFAULT '',
  `last_updated` timestamp NOT NULL DEFAULT current_timestamp() ON UPDATE current_timestamp(),
  PRIMARY KEY (`data_template_id`,`data_name`,`data_source_names`)
) ENGINE=InnoDB DEFAULT CHARSET=utf8mb4 COLLATE=utf8mb4_unicode_ci ROW_FORMAT=DYNAMIC COMMENT='Tracks mapping of Data Templates to their Data Source Names';
/*!40101 SET character_set_client = @saved_cs_client */;

--
-- Dumping data for table `poller_data_template_field_mappings`
--

LOCK TABLES `poller_data_template_field_mappings` WRITE;
/*!40000 ALTER TABLE `poller_data_template_field_mappings` DISABLE KEYS */;
INSERT INTO `poller_data_template_field_mappings` VALUES (2,'avg','avg','2019-01-19 14:59:37'),(2,'dev','dev','2019-01-19 14:59:37'),(2,'loss','loss','2019-01-19 14:59:37'),(2,'max','max','2019-01-19 14:59:37'),(2,'min','min','2019-01-19 14:59:37'),(5,'availReal','availReal','2019-01-19 14:59:28'),(5,'availSwap','availSwap','2019-01-19 14:59:28'),(5,'memBuffer','memBuffer','2019-01-19 14:59:28'),(5,'memCached','memCached','2019-01-19 14:59:28'),(5,'totalReal','totalReal','2019-01-19 14:59:28'),(5,'totalSwap','totalSwap','2019-01-19 14:59:28'),(5,'usedReal','usedReal','2019-01-19 14:59:28'),(5,'usedSwap','usedSwap','2019-01-19 14:59:28');
/*!40000 ALTER TABLE `poller_data_template_field_mappings` ENABLE KEYS */;
UNLOCK TABLES;

--
-- Table structure for table `poller_item`
--

DROP TABLE IF EXISTS `poller_item`;
/*!40101 SET @saved_cs_client     = @@character_set_client */;
/*!40101 SET character_set_client = utf8 */;
CREATE TABLE `poller_item` (
  `local_data_id` mediumint(8) unsigned NOT NULL DEFAULT 0,
  `poller_id` int(10) unsigned NOT NULL DEFAULT 1,
  `host_id` mediumint(8) unsigned NOT NULL DEFAULT 0,
  `action` tinyint(2) unsigned NOT NULL DEFAULT 1,
  `present` tinyint(4) NOT NULL DEFAULT 1,
  `last_updated` timestamp NOT NULL DEFAULT current_timestamp() ON UPDATE current_timestamp(),
  `hostname` varchar(100) COLLATE utf8mb4_unicode_ci NOT NULL DEFAULT '',
  `snmp_community` varchar(100) COLLATE utf8mb4_unicode_ci NOT NULL DEFAULT '',
  `snmp_version` tinyint(1) unsigned NOT NULL DEFAULT 0,
  `snmp_username` varchar(50) COLLATE utf8mb4_unicode_ci NOT NULL DEFAULT '',
  `snmp_password` varchar(50) COLLATE utf8mb4_unicode_ci NOT NULL DEFAULT '',
  `snmp_auth_protocol` char(6) COLLATE utf8mb4_unicode_ci NOT NULL DEFAULT '',
  `snmp_priv_passphrase` varchar(200) COLLATE utf8mb4_unicode_ci NOT NULL DEFAULT '',
  `snmp_priv_protocol` char(6) COLLATE utf8mb4_unicode_ci NOT NULL DEFAULT '',
  `snmp_context` varchar(64) COLLATE utf8mb4_unicode_ci DEFAULT '',
  `snmp_engine_id` varchar(64) COLLATE utf8mb4_unicode_ci DEFAULT '',
  `snmp_port` mediumint(5) unsigned NOT NULL DEFAULT 161,
  `snmp_timeout` mediumint(8) unsigned NOT NULL DEFAULT 0,
  `rrd_name` varchar(19) COLLATE utf8mb4_unicode_ci NOT NULL DEFAULT '',
  `rrd_path` varchar(255) COLLATE utf8mb4_unicode_ci NOT NULL DEFAULT '',
  `rrd_num` tinyint(2) unsigned NOT NULL DEFAULT 0,
  `rrd_step` mediumint(8) NOT NULL DEFAULT 300,
  `rrd_next_step` mediumint(8) NOT NULL DEFAULT 0,
  `arg1` mediumtext COLLATE utf8mb4_unicode_ci DEFAULT NULL,
  `arg2` varchar(255) COLLATE utf8mb4_unicode_ci DEFAULT NULL,
  `arg3` varchar(255) COLLATE utf8mb4_unicode_ci DEFAULT NULL,
  PRIMARY KEY (`local_data_id`,`rrd_name`),
  KEY `host_id` (`host_id`),
  KEY `action` (`action`),
  KEY `present` (`present`),
  KEY `poller_id_host_id` (`poller_id`,`host_id`),
  KEY `poller_id_rrd_next_step` (`poller_id`,`rrd_next_step`),
  KEY `poller_id_action` (`poller_id`,`action`),
  KEY `poller_id_last_updated` (`poller_id`,`last_updated`)
) ENGINE=InnoDB DEFAULT CHARSET=utf8mb4 COLLATE=utf8mb4_unicode_ci ROW_FORMAT=DYNAMIC;
/*!40101 SET character_set_client = @saved_cs_client */;

--
-- Dumping data for table `poller_item`
--

LOCK TABLES `poller_item` WRITE;
/*!40000 ALTER TABLE `poller_item` DISABLE KEYS */;
INSERT INTO `poller_item` VALUES (1,1,1,2,1,'2020-02-29 02:07:27','10.254.0.1','rocomm',2,'','','','','','','',161,500,'','/usr/share/cacti/rra/rdc01_loss_1.rrd',1,300,0,'/usr/share/cacti/scripts/ss_fping.php ss_fping \'10.254.0.1\' \'10\' \'ICMP\' \'\'','',''),(2,1,1,0,1,'2020-02-29 02:07:27','10.254.0.1','rocomm',2,'','','','','','','',161,500,'5min_cpu','/usr/share/cacti/rra/rdc01_5min_cpu_2.rrd',1,300,0,'.1.3.6.1.4.1.9.2.1.58.0','',''),(4,1,1,0,1,'2020-02-29 02:07:27','10.254.0.1','rocomm',2,'','','','','','','',161,500,'discards_in','/usr/share/cacti/rra/rdc01_errors_in_4.rrd',4,300,0,'.1.3.6.1.2.1.2.2.1.13.3','',''),(4,1,1,0,1,'2020-02-29 02:07:27','10.254.0.1','rocomm',2,'','','','','','','',161,500,'discards_out','/usr/share/cacti/rra/rdc01_errors_in_4.rrd',4,300,0,'.1.3.6.1.2.1.2.2.1.19.3','',''),(4,1,1,0,1,'2020-02-29 02:07:27','10.254.0.1','rocomm',2,'','','','','','','',161,500,'errors_in','/usr/share/cacti/rra/rdc01_errors_in_4.rrd',4,300,0,'.1.3.6.1.2.1.2.2.1.14.3','',''),(4,1,1,0,1,'2020-02-29 02:07:27','10.254.0.1','rocomm',2,'','','','','','','',161,500,'errors_out','/usr/share/cacti/rra/rdc01_errors_in_4.rrd',4,300,0,'.1.3.6.1.2.1.2.2.1.20.3','',''),(5,1,1,0,1,'2020-02-29 02:07:27','10.254.0.1','rocomm',2,'','','','','','','',161,500,'discards_in','/usr/share/cacti/rra/rdc01_errors_in_5.rrd',4,300,0,'.1.3.6.1.2.1.2.2.1.13.4','',''),(5,1,1,0,1,'2020-02-29 02:07:27','10.254.0.1','rocomm',2,'','','','','','','',161,500,'discards_out','/usr/share/cacti/rra/rdc01_errors_in_5.rrd',4,300,0,'.1.3.6.1.2.1.2.2.1.19.4','',''),(5,1,1,0,1,'2020-02-29 02:07:27','10.254.0.1','rocomm',2,'','','','','','','',161,500,'errors_in','/usr/share/cacti/rra/rdc01_errors_in_5.rrd',4,300,0,'.1.3.6.1.2.1.2.2.1.14.4','',''),(5,1,1,0,1,'2020-02-29 02:07:27','10.254.0.1','rocomm',2,'','','','','','','',161,500,'errors_out','/usr/share/cacti/rra/rdc01_errors_in_5.rrd',4,300,0,'.1.3.6.1.2.1.2.2.1.20.4','',''),(10,1,1,0,1,'2020-02-29 02:07:27','10.254.0.1','rocomm',2,'','','','','','','',161,500,'traffic_in','/usr/share/cacti/rra/rdc01_traffic_in_10.rrd',2,300,0,'.1.3.6.1.2.1.31.1.1.1.6.2','',''),(10,1,1,0,1,'2020-02-29 02:07:27','10.254.0.1','rocomm',2,'','','','','','','',161,500,'traffic_out','/usr/share/cacti/rra/rdc01_traffic_in_10.rrd',2,300,0,'.1.3.6.1.2.1.31.1.1.1.10.2','',''),(11,1,1,0,1,'2020-02-29 02:07:27','10.254.0.1','rocomm',2,'','','','','','','',161,500,'traffic_in','/usr/share/cacti/rra/rdc01_traffic_in_11.rrd',2,300,0,'.1.3.6.1.2.1.31.1.1.1.6.3','',''),(11,1,1,0,1,'2020-02-29 02:07:27','10.254.0.1','rocomm',2,'','','','','','','',161,500,'traffic_out','/usr/share/cacti/rra/rdc01_traffic_in_11.rrd',2,300,0,'.1.3.6.1.2.1.31.1.1.1.10.3','',''),(12,1,1,0,1,'2020-02-29 02:07:27','10.254.0.1','rocomm',2,'','','','','','','',161,500,'traffic_in','/usr/share/cacti/rra/rdc01_traffic_in_12.rrd',2,300,0,'.1.3.6.1.2.1.31.1.1.1.6.4','',''),(12,1,1,0,1,'2020-02-29 02:07:27','10.254.0.1','rocomm',2,'','','','','','','',161,500,'traffic_out','/usr/share/cacti/rra/rdc01_traffic_in_12.rrd',2,300,0,'.1.3.6.1.2.1.31.1.1.1.10.4','',''),(13,1,1,0,1,'2020-02-29 02:07:27','10.254.0.1','rocomm',2,'','','','','','','',161,500,'traffic_in','/usr/share/cacti/rra/rdc01_traffic_in_13.rrd',2,300,0,'.1.3.6.1.2.1.31.1.1.1.6.10','',''),(13,1,1,0,1,'2020-02-29 02:07:27','10.254.0.1','rocomm',2,'','','','','','','',161,500,'traffic_out','/usr/share/cacti/rra/rdc01_traffic_in_13.rrd',2,300,0,'.1.3.6.1.2.1.31.1.1.1.10.10','',''),(14,1,1,0,1,'2020-02-29 02:07:27','10.254.0.1','rocomm',2,'','','','','','','',161,500,'traffic_in','/usr/share/cacti/rra/rdc01_traffic_in_14.rrd',2,300,0,'.1.3.6.1.2.1.31.1.1.1.6.20','',''),(14,1,1,0,1,'2020-02-29 02:07:27','10.254.0.1','rocomm',2,'','','','','','','',161,500,'traffic_out','/usr/share/cacti/rra/rdc01_traffic_in_14.rrd',2,300,0,'.1.3.6.1.2.1.31.1.1.1.10.20','',''),(27,1,3,2,1,'2019-01-19 15:12:48','10.254.10.105','rocomm',2,'','','','','','','',161,500,'','/usr/share/cacti/rra/vminfraserv05cacti_loss_27.rrd',1,300,0,'/usr/share/cacti/scripts/ss_fping.php ss_fping \'10.254.10.105\' \'10\' \'ICMP\' \'\'','',''),(29,1,3,2,1,'2019-04-29 04:45:29','10.254.10.105','rocomm',2,'','','','','','','',161,500,'hdd_total','/usr/share/cacti/rra/vminfraserv05cacti_hdd_used_29.rrd',2,300,0,'/usr/share/cacti/scripts/ss_host_disk.php ss_host_disk \'10.254.10.105\' \'3\' \'2:161:500:1:10:rocomm::::::\' \'get\' \'total\' \'1\'','',''),(29,1,3,2,1,'2019-04-29 04:45:29','10.254.10.105','rocomm',2,'','','','','','','',161,500,'hdd_used','/usr/share/cacti/rra/vminfraserv05cacti_hdd_used_29.rrd',2,300,0,'/usr/share/cacti/scripts/ss_host_disk.php ss_host_disk \'10.254.10.105\' \'3\' \'2:161:500:1:10:rocomm::::::\' \'get\' \'used\' \'1\'','',''),(30,1,3,2,1,'2019-04-29 04:45:29','10.254.10.105','rocomm',2,'','','','','','','',161,500,'hdd_total','/usr/share/cacti/rra/vminfraserv05cacti_hdd_used_30.rrd',2,300,0,'/usr/share/cacti/scripts/ss_host_disk.php ss_host_disk \'10.254.10.105\' \'3\' \'2:161:500:1:10:rocomm::::::\' \'get\' \'total\' \'3\'','',''),(30,1,3,2,1,'2019-04-29 04:45:29','10.254.10.105','rocomm',2,'','','','','','','',161,500,'hdd_used','/usr/share/cacti/rra/vminfraserv05cacti_hdd_used_30.rrd',2,300,0,'/usr/share/cacti/scripts/ss_host_disk.php ss_host_disk \'10.254.10.105\' \'3\' \'2:161:500:1:10:rocomm::::::\' \'get\' \'used\' \'3\'','',''),(31,1,3,2,1,'2019-04-29 04:45:29','10.254.10.105','rocomm',2,'','','','','','','',161,500,'hdd_total','/usr/share/cacti/rra/vminfraserv05cacti_hdd_used_31.rrd',2,300,0,'/usr/share/cacti/scripts/ss_host_disk.php ss_host_disk \'10.254.10.105\' \'3\' \'2:161:500:1:10:rocomm::::::\' \'get\' \'total\' \'6\'','',''),(31,1,3,2,1,'2019-04-29 04:45:29','10.254.10.105','rocomm',2,'','','','','','','',161,500,'hdd_used','/usr/share/cacti/rra/vminfraserv05cacti_hdd_used_31.rrd',2,300,0,'/usr/share/cacti/scripts/ss_host_disk.php ss_host_disk \'10.254.10.105\' \'3\' \'2:161:500:1:10:rocomm::::::\' \'get\' \'used\' \'6\'','',''),(32,1,3,2,1,'2019-04-29 04:45:29','10.254.10.105','rocomm',2,'','','','','','','',161,500,'hdd_total','/usr/share/cacti/rra/vminfraserv05cacti_hdd_used_32.rrd',2,300,0,'/usr/share/cacti/scripts/ss_host_disk.php ss_host_disk \'10.254.10.105\' \'3\' \'2:161:500:1:10:rocomm::::::\' \'get\' \'total\' \'7\'','',''),(32,1,3,2,1,'2019-04-29 04:45:29','10.254.10.105','rocomm',2,'','','','','','','',161,500,'hdd_used','/usr/share/cacti/rra/vminfraserv05cacti_hdd_used_32.rrd',2,300,0,'/usr/share/cacti/scripts/ss_host_disk.php ss_host_disk \'10.254.10.105\' \'3\' \'2:161:500:1:10:rocomm::::::\' \'get\' \'used\' \'7\'','',''),(33,1,3,2,1,'2019-04-29 04:45:29','10.254.10.105','rocomm',2,'','','','','','','',161,500,'hdd_total','/usr/share/cacti/rra/vminfraserv05cacti_hdd_used_33.rrd',2,300,0,'/usr/share/cacti/scripts/ss_host_disk.php ss_host_disk \'10.254.10.105\' \'3\' \'2:161:500:1:10:rocomm::::::\' \'get\' \'total\' \'8\'','',''),(33,1,3,2,1,'2019-04-29 04:45:29','10.254.10.105','rocomm',2,'','','','','','','',161,500,'hdd_used','/usr/share/cacti/rra/vminfraserv05cacti_hdd_used_33.rrd',2,300,0,'/usr/share/cacti/scripts/ss_host_disk.php ss_host_disk \'10.254.10.105\' \'3\' \'2:161:500:1:10:rocomm::::::\' \'get\' \'used\' \'8\'','',''),(34,1,3,2,1,'2019-04-29 04:45:29','10.254.10.105','rocomm',2,'','','','','','','',161,500,'hdd_total','/usr/share/cacti/rra/vminfraserv05cacti_hdd_used_34.rrd',2,300,0,'/usr/share/cacti/scripts/ss_host_disk.php ss_host_disk \'10.254.10.105\' \'3\' \'2:161:500:1:10:rocomm::::::\' \'get\' \'total\' \'10\'','',''),(34,1,3,2,1,'2019-04-29 04:45:29','10.254.10.105','rocomm',2,'','','','','','','',161,500,'hdd_used','/usr/share/cacti/rra/vminfraserv05cacti_hdd_used_34.rrd',2,300,0,'/usr/share/cacti/scripts/ss_host_disk.php ss_host_disk \'10.254.10.105\' \'3\' \'2:161:500:1:10:rocomm::::::\' \'get\' \'used\' \'10\'','',''),(35,1,3,2,1,'2019-04-29 04:45:29','10.254.10.105','rocomm',2,'','','','','','','',161,500,'hdd_total','/usr/share/cacti/rra/vminfraserv05cacti_hdd_used_35.rrd',2,300,0,'/usr/share/cacti/scripts/ss_host_disk.php ss_host_disk \'10.254.10.105\' \'3\' \'2:161:500:1:10:rocomm::::::\' \'get\' \'total\' \'31\'','',''),(35,1,3,2,1,'2019-04-29 04:45:29','10.254.10.105','rocomm',2,'','','','','','','',161,500,'hdd_used','/usr/share/cacti/rra/vminfraserv05cacti_hdd_used_35.rrd',2,300,0,'/usr/share/cacti/scripts/ss_host_disk.php ss_host_disk \'10.254.10.105\' \'3\' \'2:161:500:1:10:rocomm::::::\' \'get\' \'used\' \'31\'','',''),(36,1,3,2,1,'2019-04-29 04:45:29','10.254.10.105','rocomm',2,'','','','','','','',161,500,'cpu','/usr/share/cacti/rra/vminfraserv05cacti_cpu_36.rrd',1,300,0,'/usr/share/cacti/scripts/ss_host_cpu.php ss_host_cpu \'10.254.10.105\' \'3\' \'2:161:500:1:10:rocomm::::::\' \'get\' \'usage\' \'4000\'','',''),(37,1,4,2,1,'2020-02-29 02:07:49','10.1.0.1','rocomm',2,'','','','','','','',161,500,'','/usr/share/cacti/rra/rhq01_loss_37.rrd',1,300,0,'/usr/share/cacti/scripts/ss_fping.php ss_fping \'10.1.0.1\' \'10\' \'ICMP\' \'\'','',''),(38,1,4,0,1,'2020-02-29 02:07:49','10.1.0.1','rocomm',2,'','','','','','','',161,500,'5min_cpu','/usr/share/cacti/rra/rhq01_5min_cpu_38.rrd',1,300,0,'.1.3.6.1.4.1.9.2.1.58.0','',''),(115,1,12,2,1,'2019-01-19 16:18:32','10.254.110.193','rocomm',2,'','','','','','','',161,500,'','/usr/share/cacti/rra/esxi01_loss_115.rrd',1,300,0,'/usr/share/cacti/scripts/ss_fping.php ss_fping \'10.254.110.193\' \'10\' \'ICMP\' \'\'','',''),(117,1,12,2,1,'2019-01-19 16:18:32','10.254.110.193','rocomm',2,'','','','','','','',161,500,'hdd_total','/usr/share/cacti/rra/esxi01_hdd_used_117.rrd',2,300,0,'/usr/share/cacti/scripts/ss_host_disk.php ss_host_disk \'10.254.110.193\' \'12\' \'2:161:500:1:10:rocomm::::::\' \'get\' \'total\' \'5\'','',''),(117,1,12,2,1,'2019-01-19 16:18:32','10.254.110.193','rocomm',2,'','','','','','','',161,500,'hdd_used','/usr/share/cacti/rra/esxi01_hdd_used_117.rrd',2,300,0,'/usr/share/cacti/scripts/ss_host_disk.php ss_host_disk \'10.254.110.193\' \'12\' \'2:161:500:1:10:rocomm::::::\' \'get\' \'used\' \'5\'','',''),(118,1,12,2,1,'2019-01-19 16:18:32','10.254.110.193','rocomm',2,'','','','','','','',161,500,'cpu','/usr/share/cacti/rra/esxi01_cpu_118.rrd',1,300,0,'/usr/share/cacti/scripts/ss_host_cpu.php ss_host_cpu \'10.254.110.193\' \'12\' \'2:161:500:1:10:rocomm::::::\' \'get\' \'usage\' \'0\'','',''),(119,1,12,2,1,'2019-01-19 16:18:32','10.254.110.193','rocomm',2,'','','','','','','',161,500,'cpu','/usr/share/cacti/rra/esxi01_cpu_119.rrd',1,300,0,'/usr/share/cacti/scripts/ss_host_cpu.php ss_host_cpu \'10.254.110.193\' \'12\' \'2:161:500:1:10:rocomm::::::\' \'get\' \'usage\' \'1\'','',''),(120,1,12,2,1,'2019-01-19 16:18:32','10.254.110.193','rocomm',2,'','','','','','','',161,500,'cpu','/usr/share/cacti/rra/esxi01_cpu_120.rrd',1,300,0,'/usr/share/cacti/scripts/ss_host_cpu.php ss_host_cpu \'10.254.110.193\' \'12\' \'2:161:500:1:10:rocomm::::::\' \'get\' \'usage\' \'2\'','',''),(121,1,12,2,1,'2019-01-19 16:18:32','10.254.110.193','rocomm',2,'','','','','','','',161,500,'cpu','/usr/share/cacti/rra/esxi01_cpu_121.rrd',1,300,0,'/usr/share/cacti/scripts/ss_host_cpu.php ss_host_cpu \'10.254.110.193\' \'12\' \'2:161:500:1:10:rocomm::::::\' \'get\' \'usage\' \'3\'','',''),(122,1,12,2,1,'2019-01-19 16:18:32','10.254.110.193','rocomm',2,'','','','','','','',161,500,'cpu','/usr/share/cacti/rra/esxi01_cpu_122.rrd',1,300,0,'/usr/share/cacti/scripts/ss_host_cpu.php ss_host_cpu \'10.254.110.193\' \'12\' \'2:161:500:1:10:rocomm::::::\' \'get\' \'usage\' \'4\'','',''),(123,1,12,2,1,'2019-01-19 16:18:33','10.254.110.193','rocomm',2,'','','','','','','',161,500,'cpu','/usr/share/cacti/rra/esxi01_cpu_123.rrd',1,300,0,'/usr/share/cacti/scripts/ss_host_cpu.php ss_host_cpu \'10.254.110.193\' \'12\' \'2:161:500:1:10:rocomm::::::\' \'get\' \'usage\' \'5\'','',''),(124,1,12,2,1,'2019-01-19 16:18:33','10.254.110.193','rocomm',2,'','','','','','','',161,500,'cpu','/usr/share/cacti/rra/esxi01_cpu_124.rrd',1,300,0,'/usr/share/cacti/scripts/ss_host_cpu.php ss_host_cpu \'10.254.110.193\' \'12\' \'2:161:500:1:10:rocomm::::::\' \'get\' \'usage\' \'6\'','',''),(125,1,12,2,1,'2019-01-19 16:18:33','10.254.110.193','rocomm',2,'','','','','','','',161,500,'cpu','/usr/share/cacti/rra/esxi01_cpu_125.rrd',1,300,0,'/usr/share/cacti/scripts/ss_host_cpu.php ss_host_cpu \'10.254.110.193\' \'12\' \'2:161:500:1:10:rocomm::::::\' \'get\' \'usage\' \'7\'','',''),(126,1,12,2,1,'2019-01-19 16:18:33','10.254.110.193','rocomm',2,'','','','','','','',161,500,'cpu','/usr/share/cacti/rra/esxi01_cpu_126.rrd',1,300,0,'/usr/share/cacti/scripts/ss_host_cpu.php ss_host_cpu \'10.254.110.193\' \'12\' \'2:161:500:1:10:rocomm::::::\' \'get\' \'usage\' \'4000\'','',''),(151,1,3,2,1,'2019-01-20 07:16:37','10.254.10.105','rocomm',2,'','','','','','','',161,500,'','/usr/share/cacti/rra/vminfraserv05cacti_usedreal_151.rrd',1,300,0,'/usr/share/cacti/scripts/ss_netsnmp_memory.php ss_netsnmp_memory \'10.254.10.105\' \'2\' \'rocomm\' \'161\' \'500\' \'\' \'\' \'\' \'\' \'\' \'\'','',''),(165,1,1,0,1,'2020-02-29 02:07:27','10.254.0.1','rocomm',2,'','','','','','','',161,500,'traffic_in','/usr/share/cacti/rra/rdc01_traffic_in_165.rrd',2,300,0,'.1.3.6.1.2.1.31.1.1.1.6.6','',''),(165,1,1,0,1,'2020-02-29 02:07:27','10.254.0.1','rocomm',2,'','','','','','','',161,500,'traffic_out','/usr/share/cacti/rra/rdc01_traffic_in_165.rrd',2,300,0,'.1.3.6.1.2.1.31.1.1.1.10.6','',''),(169,1,4,0,1,'2020-02-29 02:07:49','10.1.0.1','rocomm',2,'','','','','','','',161,500,'traffic_in','/usr/share/cacti/rra/rhq01_traffic_in_169.rrd',2,300,0,'.1.3.6.1.2.1.31.1.1.1.6.2','',''),(169,1,4,0,1,'2020-02-29 02:07:49','10.1.0.1','rocomm',2,'','','','','','','',161,500,'traffic_out','/usr/share/cacti/rra/rhq01_traffic_in_169.rrd',2,300,0,'.1.3.6.1.2.1.31.1.1.1.10.2','',''),(170,1,4,0,1,'2020-02-29 02:07:49','10.1.0.1','rocomm',2,'','','','','','','',161,500,'traffic_in','/usr/share/cacti/rra/rhq01_traffic_in_170.rrd',2,300,0,'.1.3.6.1.2.1.31.1.1.1.6.28','',''),(170,1,4,0,1,'2020-02-29 02:07:49','10.1.0.1','rocomm',2,'','','','','','','',161,500,'traffic_out','/usr/share/cacti/rra/rhq01_traffic_in_170.rrd',2,300,0,'.1.3.6.1.2.1.31.1.1.1.10.28','',''),(177,1,4,0,1,'2020-02-29 02:07:49','10.1.0.1','rocomm',2,'','','','','','','',161,500,'traffic_in','/usr/share/cacti/rra/rhq01_traffic_in_177.rrd',2,300,0,'.1.3.6.1.2.1.31.1.1.1.6.3','',''),(177,1,4,0,1,'2020-02-29 02:07:49','10.1.0.1','rocomm',2,'','','','','','','',161,500,'traffic_out','/usr/share/cacti/rra/rhq01_traffic_in_177.rrd',2,300,0,'.1.3.6.1.2.1.31.1.1.1.10.3','',''),(178,1,1,0,1,'2020-02-29 02:07:27','10.254.0.1','rocomm',2,'','','','','','','',161,500,'traffic_in','/usr/share/cacti/rra/rdc01_traffic_in_178.rrd',2,300,0,'.1.3.6.1.2.1.31.1.1.1.6.5','',''),(178,1,1,0,1,'2020-02-29 02:07:27','10.254.0.1','rocomm',2,'','','','','','','',161,500,'traffic_out','/usr/share/cacti/rra/rdc01_traffic_in_178.rrd',2,300,0,'.1.3.6.1.2.1.31.1.1.1.10.5','',''),(179,1,1,0,1,'2020-02-29 02:07:27','10.254.0.1','rocomm',2,'','','','','','','',161,500,'traffic_in','/usr/share/cacti/rra/rdc01_traffic_in_179.rrd',2,300,0,'.1.3.6.1.2.1.31.1.1.1.6.41','',''),(179,1,1,0,1,'2020-02-29 02:07:27','10.254.0.1','rocomm',2,'','','','','','','',161,500,'traffic_out','/usr/share/cacti/rra/rdc01_traffic_in_179.rrd',2,300,0,'.1.3.6.1.2.1.31.1.1.1.10.41','',''),(180,1,1,0,1,'2020-02-29 02:07:27','10.254.0.1','rocomm',2,'','','','','','','',161,500,'discards_in','/usr/share/cacti/rra/rdc01_errors_in_180.rrd',4,300,0,'.1.3.6.1.2.1.2.2.1.13.5','',''),(180,1,1,0,1,'2020-02-29 02:07:27','10.254.0.1','rocomm',2,'','','','','','','',161,500,'discards_out','/usr/share/cacti/rra/rdc01_errors_in_180.rrd',4,300,0,'.1.3.6.1.2.1.2.2.1.19.5','',''),(180,1,1,0,1,'2020-02-29 02:07:27','10.254.0.1','rocomm',2,'','','','','','','',161,500,'errors_in','/usr/share/cacti/rra/rdc01_errors_in_180.rrd',4,300,0,'.1.3.6.1.2.1.2.2.1.14.5','',''),(180,1,1,0,1,'2020-02-29 02:07:27','10.254.0.1','rocomm',2,'','','','','','','',161,500,'errors_out','/usr/share/cacti/rra/rdc01_errors_in_180.rrd',4,300,0,'.1.3.6.1.2.1.2.2.1.20.5','',''),(181,1,1,0,1,'2020-02-29 02:07:27','10.254.0.1','rocomm',2,'','','','','','','',161,500,'discards_in','/usr/share/cacti/rra/rdc01_errors_in_181.rrd',4,300,0,'.1.3.6.1.2.1.2.2.1.13.6','',''),(181,1,1,0,1,'2020-02-29 02:07:27','10.254.0.1','rocomm',2,'','','','','','','',161,500,'discards_out','/usr/share/cacti/rra/rdc01_errors_in_181.rrd',4,300,0,'.1.3.6.1.2.1.2.2.1.19.6','',''),(181,1,1,0,1,'2020-02-29 02:07:27','10.254.0.1','rocomm',2,'','','','','','','',161,500,'errors_in','/usr/share/cacti/rra/rdc01_errors_in_181.rrd',4,300,0,'.1.3.6.1.2.1.2.2.1.14.6','',''),(181,1,1,0,1,'2020-02-29 02:07:27','10.254.0.1','rocomm',2,'','','','','','','',161,500,'errors_out','/usr/share/cacti/rra/rdc01_errors_in_181.rrd',4,300,0,'.1.3.6.1.2.1.2.2.1.20.6','',''),(186,1,1,0,1,'2020-02-29 02:07:27','10.254.0.1','rocomm',2,'','','','','','','',161,500,'traffic_in','/usr/share/cacti/rra/rdc01_traffic_in_186.rrd',2,300,0,'.1.3.6.1.2.1.31.1.1.1.6.37','',''),(186,1,1,0,1,'2020-02-29 02:07:27','10.254.0.1','rocomm',2,'','','','','','','',161,500,'traffic_out','/usr/share/cacti/rra/rdc01_traffic_in_186.rrd',2,300,0,'.1.3.6.1.2.1.31.1.1.1.10.37','',''),(187,1,17,2,1,'2020-01-28 00:07:57','10.254.254.252','rocomm',2,'','','','','','','',161,500,'','/usr/share/cacti/rra/fwdc01_loss_187.rrd',1,300,0,'/usr/share/cacti/scripts/ss_fping.php ss_fping \'10.254.254.252\' \'10\' \'ICMP\' \'\'','',''),(188,1,17,0,1,'2020-01-28 00:08:55','10.254.254.252','rocomm',2,'','','','','','','',161,500,'traffic_in','/usr/share/cacti/rra/fwdc01_traffic_in_188.rrd',2,300,0,'.1.3.6.1.2.1.31.1.1.1.6.4','',''),(188,1,17,0,1,'2020-01-28 00:08:55','10.254.254.252','rocomm',2,'','','','','','','',161,500,'traffic_out','/usr/share/cacti/rra/fwdc01_traffic_in_188.rrd',2,300,0,'.1.3.6.1.2.1.31.1.1.1.10.4','',''),(189,1,17,0,1,'2020-01-28 00:08:55','10.254.254.252','rocomm',2,'','','','','','','',161,500,'traffic_in','/usr/share/cacti/rra/fwdc01_traffic_in_189.rrd',2,300,0,'.1.3.6.1.2.1.31.1.1.1.6.5','',''),(189,1,17,0,1,'2020-01-28 00:08:55','10.254.254.252','rocomm',2,'','','','','','','',161,500,'traffic_out','/usr/share/cacti/rra/fwdc01_traffic_in_189.rrd',2,300,0,'.1.3.6.1.2.1.31.1.1.1.10.5','',''),(191,1,17,0,1,'2020-02-11 15:21:43','10.254.254.252','rocomm',2,'','','','','','','',161,500,'traffic_in','/usr/share/cacti/rra/fwdc01_traffic_in_191.rrd',2,300,0,'.1.3.6.1.2.1.31.1.1.1.6.101020252','',''),(191,1,17,0,1,'2020-02-11 15:21:43','10.254.254.252','rocomm',2,'','','','','','','',161,500,'traffic_out','/usr/share/cacti/rra/fwdc01_traffic_in_191.rrd',2,300,0,'.1.3.6.1.2.1.31.1.1.1.10.101020252','',''),(192,1,17,0,1,'2020-02-11 15:21:43','10.254.254.252','rocomm',2,'','','','','','','',161,500,'traffic_in','/usr/share/cacti/rra/fwdc01_traffic_in_192.rrd',2,300,0,'.1.3.6.1.2.1.31.1.1.1.6.300000001','',''),(192,1,17,0,1,'2020-02-11 15:21:43','10.254.254.252','rocomm',2,'','','','','','','',161,500,'traffic_out','/usr/share/cacti/rra/fwdc01_traffic_in_192.rrd',2,300,0,'.1.3.6.1.2.1.31.1.1.1.10.300000001','',''),(193,1,17,0,1,'2020-02-11 15:21:43','10.254.254.252','rocomm',2,'','','','','','','',161,500,'traffic_in','/usr/share/cacti/rra/fwdc01_traffic_in_193.rrd',2,300,0,'.1.3.6.1.2.1.31.1.1.1.6.400000200','',''),(193,1,17,0,1,'2020-02-11 15:21:43','10.254.254.252','rocomm',2,'','','','','','','',161,500,'traffic_out','/usr/share/cacti/rra/fwdc01_traffic_in_193.rrd',2,300,0,'.1.3.6.1.2.1.31.1.1.1.10.400000200','',''),(194,1,17,0,1,'2020-02-11 15:21:43','10.254.254.252','rocomm',2,'','','','','','','',161,500,'traffic_in','/usr/share/cacti/rra/fwdc01_traffic_in_194.rrd',2,300,0,'.1.3.6.1.2.1.31.1.1.1.6.400000206','',''),(194,1,17,0,1,'2020-02-11 15:21:43','10.254.254.252','rocomm',2,'','','','','','','',161,500,'traffic_out','/usr/share/cacti/rra/fwdc01_traffic_in_194.rrd',2,300,0,'.1.3.6.1.2.1.31.1.1.1.10.400000206','',''),(195,1,17,0,1,'2020-02-11 15:21:43','10.254.254.252','rocomm',2,'','','','','','','',161,500,'traffic_in','/usr/share/cacti/rra/fwdc01_traffic_in_195.rrd',2,300,0,'.1.3.6.1.2.1.31.1.1.1.6.400000210','',''),(195,1,17,0,1,'2020-02-11 15:21:43','10.254.254.252','rocomm',2,'','','','','','','',161,500,'traffic_out','/usr/share/cacti/rra/fwdc01_traffic_in_195.rrd',2,300,0,'.1.3.6.1.2.1.31.1.1.1.10.400000210','',''),(196,1,17,0,1,'2020-02-11 15:21:43','10.254.254.252','rocomm',2,'','','','','','','',161,500,'traffic_in','/usr/share/cacti/rra/fwdc01_traffic_in_196.rrd',2,300,0,'.1.3.6.1.2.1.31.1.1.1.6.400000216','',''),(196,1,17,0,1,'2020-02-11 15:21:43','10.254.254.252','rocomm',2,'','','','','','','',161,500,'traffic_out','/usr/share/cacti/rra/fwdc01_traffic_in_196.rrd',2,300,0,'.1.3.6.1.2.1.31.1.1.1.10.400000216','',''),(197,1,17,0,1,'2020-01-28 00:09:31','10.254.254.252','rocomm',2,'','','','','','','',161,500,'discards_in','/usr/share/cacti/rra/fwdc01_errors_in_197.rrd',4,300,0,'.1.3.6.1.2.1.2.2.1.13.4','',''),(197,1,17,0,1,'2020-01-28 00:09:31','10.254.254.252','rocomm',2,'','','','','','','',161,500,'discards_out','/usr/share/cacti/rra/fwdc01_errors_in_197.rrd',4,300,0,'.1.3.6.1.2.1.2.2.1.19.4','',''),(197,1,17,0,1,'2020-01-28 00:09:31','10.254.254.252','rocomm',2,'','','','','','','',161,500,'errors_in','/usr/share/cacti/rra/fwdc01_errors_in_197.rrd',4,300,0,'.1.3.6.1.2.1.2.2.1.14.4','',''),(197,1,17,0,1,'2020-01-28 00:09:31','10.254.254.252','rocomm',2,'','','','','','','',161,500,'errors_out','/usr/share/cacti/rra/fwdc01_errors_in_197.rrd',4,300,0,'.1.3.6.1.2.1.2.2.1.20.4','',''),(198,1,17,0,1,'2020-01-28 00:09:31','10.254.254.252','rocomm',2,'','','','','','','',161,500,'discards_in','/usr/share/cacti/rra/fwdc01_errors_in_198.rrd',4,300,0,'.1.3.6.1.2.1.2.2.1.13.5','',''),(198,1,17,0,1,'2020-01-28 00:09:31','10.254.254.252','rocomm',2,'','','','','','','',161,500,'discards_out','/usr/share/cacti/rra/fwdc01_errors_in_198.rrd',4,300,0,'.1.3.6.1.2.1.2.2.1.19.5','',''),(198,1,17,0,1,'2020-01-28 00:09:31','10.254.254.252','rocomm',2,'','','','','','','',161,500,'errors_in','/usr/share/cacti/rra/fwdc01_errors_in_198.rrd',4,300,0,'.1.3.6.1.2.1.2.2.1.14.5','',''),(198,1,17,0,1,'2020-01-28 00:09:31','10.254.254.252','rocomm',2,'','','','','','','',161,500,'errors_out','/usr/share/cacti/rra/fwdc01_errors_in_198.rrd',4,300,0,'.1.3.6.1.2.1.2.2.1.20.5','',''),(210,1,17,0,1,'2020-02-01 12:08:32','10.254.254.252','rocomm',2,'','','','','','','',161,500,'traffic_in','/usr/share/cacti/rra/fwdc01_traffic_in_210.rrd',2,300,0,'.1.3.6.1.2.1.31.1.1.1.6.3','',''),(210,1,17,0,1,'2020-02-01 12:08:32','10.254.254.252','rocomm',2,'','','','','','','',161,500,'traffic_out','/usr/share/cacti/rra/fwdc01_traffic_in_210.rrd',2,300,0,'.1.3.6.1.2.1.31.1.1.1.10.3','',''),(211,1,17,0,1,'2020-02-11 15:21:43','10.254.254.252','rocomm',2,'','','','','','','',161,500,'traffic_in','/usr/share/cacti/rra/fwdc01_traffic_in_211.rrd',2,300,0,'.1.3.6.1.2.1.31.1.1.1.6.400002255','',''),(211,1,17,0,1,'2020-02-11 15:21:43','10.254.254.252','rocomm',2,'','','','','','','',161,500,'traffic_out','/usr/share/cacti/rra/fwdc01_traffic_in_211.rrd',2,300,0,'.1.3.6.1.2.1.31.1.1.1.10.400002255','',''),(212,1,18,2,1,'2020-02-02 00:18:05','10.254.10.241','rocomm',2,'','','','','','','',161,500,'','/usr/share/cacti/rra/vmwinserv11_loss_212.rrd',1,300,0,'/usr/share/cacti/scripts/ss_fping.php ss_fping \'10.254.10.241\' \'10\' \'ICMP\' \'\'','',''),(213,1,18,2,1,'2020-02-02 00:18:45','10.254.10.241','rocomm',2,'','','','','','','',161,500,'hdd_total','/usr/share/cacti/rra/vmwinserv11_hdd_used_213.rrd',2,300,0,'/usr/share/cacti/scripts/ss_host_disk.php ss_host_disk \'10.254.10.241\' \'18\' \'2:161:500:1:10:rocomm::::::\' \'get\' \'total\' \'1\'','',''),(213,1,18,2,1,'2020-02-02 00:18:45','10.254.10.241','rocomm',2,'','','','','','','',161,500,'hdd_used','/usr/share/cacti/rra/vmwinserv11_hdd_used_213.rrd',2,300,0,'/usr/share/cacti/scripts/ss_host_disk.php ss_host_disk \'10.254.10.241\' \'18\' \'2:161:500:1:10:rocomm::::::\' \'get\' \'used\' \'1\'','',''),(215,1,18,2,1,'2020-03-21 06:40:29','10.254.10.241','rocomm',2,'','','','','','','',161,500,'hdd_total','/usr/share/cacti/rra/vmwinserv11_hdd_used_215.rrd',2,300,0,'/usr/share/cacti/scripts/ss_host_disk.php ss_host_disk \'10.254.10.241\' \'18\' \'2:161:500:1:10:rocomm::::::\' \'get\' \'total\' \'2\'','',''),(215,1,18,2,1,'2020-03-21 06:40:29','10.254.10.241','rocomm',2,'','','','','','','',161,500,'hdd_used','/usr/share/cacti/rra/vmwinserv11_hdd_used_215.rrd',2,300,0,'/usr/share/cacti/scripts/ss_host_disk.php ss_host_disk \'10.254.10.241\' \'18\' \'2:161:500:1:10:rocomm::::::\' \'get\' \'used\' \'2\'','',''),(216,1,18,2,1,'2020-02-02 00:18:45','10.254.10.241','rocomm',2,'','','','','','','',161,500,'hdd_total','/usr/share/cacti/rra/vmwinserv11_hdd_used_216.rrd',2,300,0,'/usr/share/cacti/scripts/ss_host_disk.php ss_host_disk \'10.254.10.241\' \'18\' \'2:161:500:1:10:rocomm::::::\' \'get\' \'total\' \'4\'','',''),(216,1,18,2,1,'2020-02-02 00:18:45','10.254.10.241','rocomm',2,'','','','','','','',161,500,'hdd_used','/usr/share/cacti/rra/vmwinserv11_hdd_used_216.rrd',2,300,0,'/usr/share/cacti/scripts/ss_host_disk.php ss_host_disk \'10.254.10.241\' \'18\' \'2:161:500:1:10:rocomm::::::\' \'get\' \'used\' \'4\'','',''),(217,1,18,2,1,'2020-02-02 00:18:46','10.254.10.241','rocomm',2,'','','','','','','',161,500,'hdd_total','/usr/share/cacti/rra/vmwinserv11_hdd_used_217.rrd',2,300,0,'/usr/share/cacti/scripts/ss_host_disk.php ss_host_disk \'10.254.10.241\' \'18\' \'2:161:500:1:10:rocomm::::::\' \'get\' \'total\' \'5\'','',''),(217,1,18,2,1,'2020-02-02 00:18:46','10.254.10.241','rocomm',2,'','','','','','','',161,500,'hdd_used','/usr/share/cacti/rra/vmwinserv11_hdd_used_217.rrd',2,300,0,'/usr/share/cacti/scripts/ss_host_disk.php ss_host_disk \'10.254.10.241\' \'18\' \'2:161:500:1:10:rocomm::::::\' \'get\' \'used\' \'5\'','',''),(218,1,18,2,1,'2020-02-02 00:18:46','10.254.10.241','rocomm',2,'','','','','','','',161,500,'cpu','/usr/share/cacti/rra/vmwinserv11_cpu_218.rrd',1,300,0,'/usr/share/cacti/scripts/ss_host_cpu.php ss_host_cpu \'10.254.10.241\' \'18\' \'2:161:500:1:10:rocomm::::::\' \'get\' \'usage\' \'0\'','',''),(219,1,18,2,1,'2020-02-02 00:18:46','10.254.10.241','rocomm',2,'','','','','','','',161,500,'cpu','/usr/share/cacti/rra/vmwinserv11_cpu_219.rrd',1,300,0,'/usr/share/cacti/scripts/ss_host_cpu.php ss_host_cpu \'10.254.10.241\' \'18\' \'2:161:500:1:10:rocomm::::::\' \'get\' \'usage\' \'1\'','',''),(220,1,18,2,1,'2020-02-02 00:18:46','10.254.10.241','rocomm',2,'','','','','','','',161,500,'cpu','/usr/share/cacti/rra/vmwinserv11_cpu_220.rrd',1,300,0,'/usr/share/cacti/scripts/ss_host_cpu.php ss_host_cpu \'10.254.10.241\' \'18\' \'2:161:500:1:10:rocomm::::::\' \'get\' \'usage\' \'2\'','',''),(221,1,18,2,1,'2020-02-02 00:18:46','10.254.10.241','rocomm',2,'','','','','','','',161,500,'cpu','/usr/share/cacti/rra/vmwinserv11_cpu_221.rrd',1,300,0,'/usr/share/cacti/scripts/ss_host_cpu.php ss_host_cpu \'10.254.10.241\' \'18\' \'2:161:500:1:10:rocomm::::::\' \'get\' \'usage\' \'3\'','',''),(222,1,18,2,1,'2020-02-02 00:18:46','10.254.10.241','rocomm',2,'','','','','','','',161,500,'cpu','/usr/share/cacti/rra/vmwinserv11_cpu_222.rrd',1,300,0,'/usr/share/cacti/scripts/ss_host_cpu.php ss_host_cpu \'10.254.10.241\' \'18\' \'2:161:500:1:10:rocomm::::::\' \'get\' \'usage\' \'4000\'','',''),(223,1,18,0,1,'2020-02-02 00:18:46','10.254.10.241','rocomm',2,'','','','','','','',161,500,'traffic_in','/usr/share/cacti/rra/vmwinserv11_traffic_in_223.rrd',2,300,0,'.1.3.6.1.2.1.31.1.1.1.6.8','',''),(223,1,18,0,1,'2020-02-02 00:18:46','10.254.10.241','rocomm',2,'','','','','','','',161,500,'traffic_out','/usr/share/cacti/rra/vmwinserv11_traffic_in_223.rrd',2,300,0,'.1.3.6.1.2.1.31.1.1.1.10.8','',''),(225,1,19,0,1,'2020-02-09 10:09:33','10.254.254.1','rocomm',2,'','','','','','','',161,500,'5min_cpu','/usr/share/cacti/rra/l2dc01-inside01_5min_cpu_225.rrd',1,300,0,'.1.3.6.1.4.1.9.2.1.58.0','',''),(226,1,19,2,1,'2020-02-09 10:09:33','10.254.254.1','rocomm',2,'','','','','','','',161,500,'','/usr/share/cacti/rra/l2dc01-inside01_loss_226.rrd',1,300,0,'/usr/share/cacti/scripts/ss_fping.php ss_fping \'10.254.254.1\' \'10\' \'ICMP\' \'\'','',''),(235,1,19,0,1,'2020-02-09 10:09:54','10.254.254.1','rocomm',2,'','','','','','','',161,500,'discards_in','/usr/share/cacti/rra/l2dc01-inside01_errors_in_235.rrd',4,300,0,'.1.3.6.1.2.1.2.2.1.13.10101','',''),(235,1,19,0,1,'2020-02-09 10:09:54','10.254.254.1','rocomm',2,'','','','','','','',161,500,'discards_out','/usr/share/cacti/rra/l2dc01-inside01_errors_in_235.rrd',4,300,0,'.1.3.6.1.2.1.2.2.1.19.10101','',''),(235,1,19,0,1,'2020-02-09 10:09:54','10.254.254.1','rocomm',2,'','','','','','','',161,500,'errors_in','/usr/share/cacti/rra/l2dc01-inside01_errors_in_235.rrd',4,300,0,'.1.3.6.1.2.1.2.2.1.14.10101','',''),(235,1,19,0,1,'2020-02-09 10:09:54','10.254.254.1','rocomm',2,'','','','','','','',161,500,'errors_out','/usr/share/cacti/rra/l2dc01-inside01_errors_in_235.rrd',4,300,0,'.1.3.6.1.2.1.2.2.1.20.10101','',''),(236,1,19,0,1,'2020-02-09 10:10:17','10.254.254.1','rocomm',2,'','','','','','','',161,500,'traffic_in','/usr/share/cacti/rra/l2dc01-inside01_traffic_in_236.rrd',2,300,0,'.1.3.6.1.2.1.31.1.1.1.6.10001','',''),(236,1,19,0,1,'2020-02-09 10:10:17','10.254.254.1','rocomm',2,'','','','','','','',161,500,'traffic_out','/usr/share/cacti/rra/l2dc01-inside01_traffic_in_236.rrd',2,300,0,'.1.3.6.1.2.1.31.1.1.1.10.10001','',''),(237,1,19,0,1,'2020-02-09 10:10:18','10.254.254.1','rocomm',2,'','','','','','','',161,500,'traffic_in','/usr/share/cacti/rra/l2dc01-inside01_traffic_in_237.rrd',2,300,0,'.1.3.6.1.2.1.31.1.1.1.6.10002','',''),(237,1,19,0,1,'2020-02-09 10:10:18','10.254.254.1','rocomm',2,'','','','','','','',161,500,'traffic_out','/usr/share/cacti/rra/l2dc01-inside01_traffic_in_237.rrd',2,300,0,'.1.3.6.1.2.1.31.1.1.1.10.10002','',''),(238,1,19,0,1,'2020-02-09 10:10:20','10.254.254.1','rocomm',2,'','','','','','','',161,500,'traffic_in','/usr/share/cacti/rra/l2dc01-inside01_traffic_in_238.rrd',2,300,0,'.1.3.6.1.2.1.31.1.1.1.6.10003','',''),(238,1,19,0,1,'2020-02-09 10:10:20','10.254.254.1','rocomm',2,'','','','','','','',161,500,'traffic_out','/usr/share/cacti/rra/l2dc01-inside01_traffic_in_238.rrd',2,300,0,'.1.3.6.1.2.1.31.1.1.1.10.10003','',''),(239,1,19,0,1,'2020-02-09 10:10:21','10.254.254.1','rocomm',2,'','','','','','','',161,500,'traffic_in','/usr/share/cacti/rra/l2dc01-inside01_traffic_in_239.rrd',2,300,0,'.1.3.6.1.2.1.31.1.1.1.6.10004','',''),(239,1,19,0,1,'2020-02-09 10:10:21','10.254.254.1','rocomm',2,'','','','','','','',161,500,'traffic_out','/usr/share/cacti/rra/l2dc01-inside01_traffic_in_239.rrd',2,300,0,'.1.3.6.1.2.1.31.1.1.1.10.10004','',''),(240,1,19,0,1,'2020-02-09 10:10:22','10.254.254.1','rocomm',2,'','','','','','','',161,500,'traffic_in','/usr/share/cacti/rra/l2dc01-inside01_traffic_in_240.rrd',2,300,0,'.1.3.6.1.2.1.31.1.1.1.6.10005','',''),(240,1,19,0,1,'2020-02-09 10:10:22','10.254.254.1','rocomm',2,'','','','','','','',161,500,'traffic_out','/usr/share/cacti/rra/l2dc01-inside01_traffic_in_240.rrd',2,300,0,'.1.3.6.1.2.1.31.1.1.1.10.10005','',''),(241,1,19,0,1,'2020-02-09 10:10:23','10.254.254.1','rocomm',2,'','','','','','','',161,500,'traffic_in','/usr/share/cacti/rra/l2dc01-inside01_traffic_in_241.rrd',2,300,0,'.1.3.6.1.2.1.31.1.1.1.6.10006','',''),(241,1,19,0,1,'2020-02-09 10:10:23','10.254.254.1','rocomm',2,'','','','','','','',161,500,'traffic_out','/usr/share/cacti/rra/l2dc01-inside01_traffic_in_241.rrd',2,300,0,'.1.3.6.1.2.1.31.1.1.1.10.10006','',''),(242,1,19,0,1,'2020-02-09 10:10:24','10.254.254.1','rocomm',2,'','','','','','','',161,500,'traffic_in','/usr/share/cacti/rra/l2dc01-inside01_traffic_in_242.rrd',2,300,0,'.1.3.6.1.2.1.31.1.1.1.6.10007','',''),(242,1,19,0,1,'2020-02-09 10:10:24','10.254.254.1','rocomm',2,'','','','','','','',161,500,'traffic_out','/usr/share/cacti/rra/l2dc01-inside01_traffic_in_242.rrd',2,300,0,'.1.3.6.1.2.1.31.1.1.1.10.10007','',''),(243,1,19,0,1,'2020-02-09 10:10:25','10.254.254.1','rocomm',2,'','','','','','','',161,500,'traffic_in','/usr/share/cacti/rra/l2dc01-inside01_traffic_in_243.rrd',2,300,0,'.1.3.6.1.2.1.31.1.1.1.6.10008','',''),(243,1,19,0,1,'2020-02-09 10:10:25','10.254.254.1','rocomm',2,'','','','','','','',161,500,'traffic_out','/usr/share/cacti/rra/l2dc01-inside01_traffic_in_243.rrd',2,300,0,'.1.3.6.1.2.1.31.1.1.1.10.10008','',''),(244,1,19,0,1,'2020-02-09 10:10:25','10.254.254.1','rocomm',2,'','','','','','','',161,500,'traffic_in','/usr/share/cacti/rra/l2dc01-inside01_traffic_in_244.rrd',2,300,0,'.1.3.6.1.2.1.31.1.1.1.6.10101','',''),(244,1,19,0,1,'2020-02-09 10:10:25','10.254.254.1','rocomm',2,'','','','','','','',161,500,'traffic_out','/usr/share/cacti/rra/l2dc01-inside01_traffic_in_244.rrd',2,300,0,'.1.3.6.1.2.1.31.1.1.1.10.10101','',''),(245,1,20,0,1,'2020-02-09 10:10:59','10.254.254.2','rocomm',2,'','','','','','','',161,500,'5min_cpu','/usr/share/cacti/rra/l2dc01-outside01_5min_cpu_245.rrd',1,300,0,'.1.3.6.1.4.1.9.2.1.58.0','',''),(246,1,20,2,1,'2020-02-09 10:10:59','10.254.254.2','rocomm',2,'','','','','','','',161,500,'','/usr/share/cacti/rra/l2dc01-outside01_loss_246.rrd',1,300,0,'/usr/share/cacti/scripts/ss_fping.php ss_fping \'10.254.254.2\' \'10\' \'ICMP\' \'\'','',''),(247,1,20,0,1,'2020-02-09 10:11:25','10.254.254.2','rocomm',2,'','','','','','','',161,500,'traffic_in','/usr/share/cacti/rra/l2dc01-outside01_traffic_in_247.rrd',2,300,0,'.1.3.6.1.2.1.31.1.1.1.6.10001','',''),(247,1,20,0,1,'2020-02-09 10:11:25','10.254.254.2','rocomm',2,'','','','','','','',161,500,'traffic_out','/usr/share/cacti/rra/l2dc01-outside01_traffic_in_247.rrd',2,300,0,'.1.3.6.1.2.1.31.1.1.1.10.10001','',''),(248,1,20,0,1,'2020-02-09 10:11:25','10.254.254.2','rocomm',2,'','','','','','','',161,500,'traffic_in','/usr/share/cacti/rra/l2dc01-outside01_traffic_in_248.rrd',2,300,0,'.1.3.6.1.2.1.31.1.1.1.6.10002','',''),(248,1,20,0,1,'2020-02-09 10:11:25','10.254.254.2','rocomm',2,'','','','','','','',161,500,'traffic_out','/usr/share/cacti/rra/l2dc01-outside01_traffic_in_248.rrd',2,300,0,'.1.3.6.1.2.1.31.1.1.1.10.10002','',''),(249,1,20,0,1,'2020-02-09 10:11:25','10.254.254.2','rocomm',2,'','','','','','','',161,500,'traffic_in','/usr/share/cacti/rra/l2dc01-outside01_traffic_in_249.rrd',2,300,0,'.1.3.6.1.2.1.31.1.1.1.6.10003','',''),(249,1,20,0,1,'2020-02-09 10:11:25','10.254.254.2','rocomm',2,'','','','','','','',161,500,'traffic_out','/usr/share/cacti/rra/l2dc01-outside01_traffic_in_249.rrd',2,300,0,'.1.3.6.1.2.1.31.1.1.1.10.10003','',''),(250,1,20,0,1,'2020-02-09 10:11:26','10.254.254.2','rocomm',2,'','','','','','','',161,500,'traffic_in','/usr/share/cacti/rra/l2dc01-outside01_traffic_in_250.rrd',2,300,0,'.1.3.6.1.2.1.31.1.1.1.6.10004','',''),(250,1,20,0,1,'2020-02-09 10:11:26','10.254.254.2','rocomm',2,'','','','','','','',161,500,'traffic_out','/usr/share/cacti/rra/l2dc01-outside01_traffic_in_250.rrd',2,300,0,'.1.3.6.1.2.1.31.1.1.1.10.10004','',''),(251,1,20,0,1,'2020-02-09 10:11:26','10.254.254.2','rocomm',2,'','','','','','','',161,500,'traffic_in','/usr/share/cacti/rra/l2dc01-outside01_traffic_in_251.rrd',2,300,0,'.1.3.6.1.2.1.31.1.1.1.6.10005','',''),(251,1,20,0,1,'2020-02-09 10:11:26','10.254.254.2','rocomm',2,'','','','','','','',161,500,'traffic_out','/usr/share/cacti/rra/l2dc01-outside01_traffic_in_251.rrd',2,300,0,'.1.3.6.1.2.1.31.1.1.1.10.10005','',''),(252,1,20,0,1,'2020-02-09 10:11:26','10.254.254.2','rocomm',2,'','','','','','','',161,500,'traffic_in','/usr/share/cacti/rra/l2dc01-outside01_traffic_in_252.rrd',2,300,0,'.1.3.6.1.2.1.31.1.1.1.6.10006','',''),(252,1,20,0,1,'2020-02-09 10:11:26','10.254.254.2','rocomm',2,'','','','','','','',161,500,'traffic_out','/usr/share/cacti/rra/l2dc01-outside01_traffic_in_252.rrd',2,300,0,'.1.3.6.1.2.1.31.1.1.1.10.10006','',''),(253,1,20,0,1,'2020-02-09 10:11:26','10.254.254.2','rocomm',2,'','','','','','','',161,500,'traffic_in','/usr/share/cacti/rra/l2dc01-outside01_traffic_in_253.rrd',2,300,0,'.1.3.6.1.2.1.31.1.1.1.6.10007','',''),(253,1,20,0,1,'2020-02-09 10:11:26','10.254.254.2','rocomm',2,'','','','','','','',161,500,'traffic_out','/usr/share/cacti/rra/l2dc01-outside01_traffic_in_253.rrd',2,300,0,'.1.3.6.1.2.1.31.1.1.1.10.10007','',''),(254,1,20,0,1,'2020-02-09 10:11:26','10.254.254.2','rocomm',2,'','','','','','','',161,500,'traffic_in','/usr/share/cacti/rra/l2dc01-outside01_traffic_in_254.rrd',2,300,0,'.1.3.6.1.2.1.31.1.1.1.6.10008','',''),(254,1,20,0,1,'2020-02-09 10:11:26','10.254.254.2','rocomm',2,'','','','','','','',161,500,'traffic_out','/usr/share/cacti/rra/l2dc01-outside01_traffic_in_254.rrd',2,300,0,'.1.3.6.1.2.1.31.1.1.1.10.10008','',''),(255,1,20,0,1,'2020-02-09 10:11:26','10.254.254.2','rocomm',2,'','','','','','','',161,500,'traffic_in','/usr/share/cacti/rra/l2dc01-outside01_traffic_in_255.rrd',2,300,0,'.1.3.6.1.2.1.31.1.1.1.6.10101','',''),(255,1,20,0,1,'2020-02-09 10:11:26','10.254.254.2','rocomm',2,'','','','','','','',161,500,'traffic_out','/usr/share/cacti/rra/l2dc01-outside01_traffic_in_255.rrd',2,300,0,'.1.3.6.1.2.1.31.1.1.1.10.10101','',''),(256,1,21,2,1,'2020-02-09 12:04:40','10.254.10.251','rocomm',2,'','','','','','','',161,500,'','/usr/share/cacti/rra/vmnetserv01_loss_256.rrd',1,300,0,'/usr/share/cacti/scripts/ss_fping.php ss_fping \'10.254.10.251\' \'10\' \'ICMP\' \'\'','',''),(257,1,21,2,1,'2020-02-09 12:04:40','10.254.10.251','rocomm',2,'','','','','','','',161,500,'','/usr/share/cacti/rra/vmnetserv01_usedreal_257.rrd',1,300,0,'/usr/share/cacti/scripts/ss_netsnmp_memory.php ss_netsnmp_memory \'10.254.10.251\' \'2\' \'rocomm\' \'161\' \'500\' \'\' \'\' \'\' \'\' \'\' \'\'','',''),(258,1,21,2,1,'2020-02-09 12:05:20','10.254.10.251','rocomm',2,'','','','','','','',161,500,'hdd_total','/usr/share/cacti/rra/vmnetserv01_hdd_used_258.rrd',2,300,0,'/usr/share/cacti/scripts/ss_host_disk.php ss_host_disk \'10.254.10.251\' \'21\' \'2:161:500:1:10:rocomm::::::\' \'get\' \'total\' \'1\'','',''),(258,1,21,2,1,'2020-02-09 12:05:20','10.254.10.251','rocomm',2,'','','','','','','',161,500,'hdd_used','/usr/share/cacti/rra/vmnetserv01_hdd_used_258.rrd',2,300,0,'/usr/share/cacti/scripts/ss_host_disk.php ss_host_disk \'10.254.10.251\' \'21\' \'2:161:500:1:10:rocomm::::::\' \'get\' \'used\' \'1\'','',''),(259,1,21,2,1,'2020-02-09 12:05:20','10.254.10.251','rocomm',2,'','','','','','','',161,500,'hdd_total','/usr/share/cacti/rra/vmnetserv01_hdd_used_259.rrd',2,300,0,'/usr/share/cacti/scripts/ss_host_disk.php ss_host_disk \'10.254.10.251\' \'21\' \'2:161:500:1:10:rocomm::::::\' \'get\' \'total\' \'3\'','',''),(259,1,21,2,1,'2020-02-09 12:05:20','10.254.10.251','rocomm',2,'','','','','','','',161,500,'hdd_used','/usr/share/cacti/rra/vmnetserv01_hdd_used_259.rrd',2,300,0,'/usr/share/cacti/scripts/ss_host_disk.php ss_host_disk \'10.254.10.251\' \'21\' \'2:161:500:1:10:rocomm::::::\' \'get\' \'used\' \'3\'','',''),(260,1,21,2,1,'2020-02-09 12:05:21','10.254.10.251','rocomm',2,'','','','','','','',161,500,'hdd_total','/usr/share/cacti/rra/vmnetserv01_hdd_used_260.rrd',2,300,0,'/usr/share/cacti/scripts/ss_host_disk.php ss_host_disk \'10.254.10.251\' \'21\' \'2:161:500:1:10:rocomm::::::\' \'get\' \'total\' \'6\'','',''),(260,1,21,2,1,'2020-02-09 12:05:21','10.254.10.251','rocomm',2,'','','','','','','',161,500,'hdd_used','/usr/share/cacti/rra/vmnetserv01_hdd_used_260.rrd',2,300,0,'/usr/share/cacti/scripts/ss_host_disk.php ss_host_disk \'10.254.10.251\' \'21\' \'2:161:500:1:10:rocomm::::::\' \'get\' \'used\' \'6\'','',''),(261,1,21,2,1,'2020-02-09 12:05:21','10.254.10.251','rocomm',2,'','','','','','','',161,500,'hdd_total','/usr/share/cacti/rra/vmnetserv01_hdd_used_261.rrd',2,300,0,'/usr/share/cacti/scripts/ss_host_disk.php ss_host_disk \'10.254.10.251\' \'21\' \'2:161:500:1:10:rocomm::::::\' \'get\' \'total\' \'7\'','',''),(261,1,21,2,1,'2020-02-09 12:05:21','10.254.10.251','rocomm',2,'','','','','','','',161,500,'hdd_used','/usr/share/cacti/rra/vmnetserv01_hdd_used_261.rrd',2,300,0,'/usr/share/cacti/scripts/ss_host_disk.php ss_host_disk \'10.254.10.251\' \'21\' \'2:161:500:1:10:rocomm::::::\' \'get\' \'used\' \'7\'','',''),(262,1,21,2,1,'2020-02-09 12:05:21','10.254.10.251','rocomm',2,'','','','','','','',161,500,'hdd_total','/usr/share/cacti/rra/vmnetserv01_hdd_used_262.rrd',2,300,0,'/usr/share/cacti/scripts/ss_host_disk.php ss_host_disk \'10.254.10.251\' \'21\' \'2:161:500:1:10:rocomm::::::\' \'get\' \'total\' \'8\'','',''),(262,1,21,2,1,'2020-02-09 12:05:21','10.254.10.251','rocomm',2,'','','','','','','',161,500,'hdd_used','/usr/share/cacti/rra/vmnetserv01_hdd_used_262.rrd',2,300,0,'/usr/share/cacti/scripts/ss_host_disk.php ss_host_disk \'10.254.10.251\' \'21\' \'2:161:500:1:10:rocomm::::::\' \'get\' \'used\' \'8\'','',''),(263,1,21,2,1,'2020-02-09 12:05:21','10.254.10.251','rocomm',2,'','','','','','','',161,500,'hdd_total','/usr/share/cacti/rra/vmnetserv01_hdd_used_263.rrd',2,300,0,'/usr/share/cacti/scripts/ss_host_disk.php ss_host_disk \'10.254.10.251\' \'21\' \'2:161:500:1:10:rocomm::::::\' \'get\' \'total\' \'10\'','',''),(263,1,21,2,1,'2020-02-09 12:05:21','10.254.10.251','rocomm',2,'','','','','','','',161,500,'hdd_used','/usr/share/cacti/rra/vmnetserv01_hdd_used_263.rrd',2,300,0,'/usr/share/cacti/scripts/ss_host_disk.php ss_host_disk \'10.254.10.251\' \'21\' \'2:161:500:1:10:rocomm::::::\' \'get\' \'used\' \'10\'','',''),(264,1,21,2,1,'2020-02-09 12:05:21','10.254.10.251','rocomm',2,'','','','','','','',161,500,'hdd_total','/usr/share/cacti/rra/vmnetserv01_hdd_used_264.rrd',2,300,0,'/usr/share/cacti/scripts/ss_host_disk.php ss_host_disk \'10.254.10.251\' \'21\' \'2:161:500:1:10:rocomm::::::\' \'get\' \'total\' \'35\'','',''),(264,1,21,2,1,'2020-02-09 12:05:21','10.254.10.251','rocomm',2,'','','','','','','',161,500,'hdd_used','/usr/share/cacti/rra/vmnetserv01_hdd_used_264.rrd',2,300,0,'/usr/share/cacti/scripts/ss_host_disk.php ss_host_disk \'10.254.10.251\' \'21\' \'2:161:500:1:10:rocomm::::::\' \'get\' \'used\' \'35\'','',''),(265,1,21,2,1,'2020-02-09 12:05:22','10.254.10.251','rocomm',2,'','','','','','','',161,500,'hdd_total','/usr/share/cacti/rra/vmnetserv01_hdd_used_265.rrd',2,300,0,'/usr/share/cacti/scripts/ss_host_disk.php ss_host_disk \'10.254.10.251\' \'21\' \'2:161:500:1:10:rocomm::::::\' \'get\' \'total\' \'37\'','',''),(265,1,21,2,1,'2020-02-09 12:05:22','10.254.10.251','rocomm',2,'','','','','','','',161,500,'hdd_used','/usr/share/cacti/rra/vmnetserv01_hdd_used_265.rrd',2,300,0,'/usr/share/cacti/scripts/ss_host_disk.php ss_host_disk \'10.254.10.251\' \'21\' \'2:161:500:1:10:rocomm::::::\' \'get\' \'used\' \'37\'','',''),(266,1,21,2,1,'2020-02-09 12:05:22','10.254.10.251','rocomm',2,'','','','','','','',161,500,'hdd_total','/usr/share/cacti/rra/vmnetserv01_hdd_used_266.rrd',2,300,0,'/usr/share/cacti/scripts/ss_host_disk.php ss_host_disk \'10.254.10.251\' \'21\' \'2:161:500:1:10:rocomm::::::\' \'get\' \'total\' \'38\'','',''),(266,1,21,2,1,'2020-02-09 12:05:22','10.254.10.251','rocomm',2,'','','','','','','',161,500,'hdd_used','/usr/share/cacti/rra/vmnetserv01_hdd_used_266.rrd',2,300,0,'/usr/share/cacti/scripts/ss_host_disk.php ss_host_disk \'10.254.10.251\' \'21\' \'2:161:500:1:10:rocomm::::::\' \'get\' \'used\' \'38\'','',''),(267,1,21,2,1,'2020-02-09 12:05:22','10.254.10.251','rocomm',2,'','','','','','','',161,500,'hdd_total','/usr/share/cacti/rra/vmnetserv01_hdd_used_267.rrd',2,300,0,'/usr/share/cacti/scripts/ss_host_disk.php ss_host_disk \'10.254.10.251\' \'21\' \'2:161:500:1:10:rocomm::::::\' \'get\' \'total\' \'55\'','',''),(267,1,21,2,1,'2020-02-09 12:05:22','10.254.10.251','rocomm',2,'','','','','','','',161,500,'hdd_used','/usr/share/cacti/rra/vmnetserv01_hdd_used_267.rrd',2,300,0,'/usr/share/cacti/scripts/ss_host_disk.php ss_host_disk \'10.254.10.251\' \'21\' \'2:161:500:1:10:rocomm::::::\' \'get\' \'used\' \'55\'','',''),(268,1,21,2,1,'2020-02-09 12:05:22','10.254.10.251','rocomm',2,'','','','','','','',161,500,'hdd_total','/usr/share/cacti/rra/vmnetserv01_hdd_used_268.rrd',2,300,0,'/usr/share/cacti/scripts/ss_host_disk.php ss_host_disk \'10.254.10.251\' \'21\' \'2:161:500:1:10:rocomm::::::\' \'get\' \'total\' \'60\'','',''),(268,1,21,2,1,'2020-02-09 12:05:22','10.254.10.251','rocomm',2,'','','','','','','',161,500,'hdd_used','/usr/share/cacti/rra/vmnetserv01_hdd_used_268.rrd',2,300,0,'/usr/share/cacti/scripts/ss_host_disk.php ss_host_disk \'10.254.10.251\' \'21\' \'2:161:500:1:10:rocomm::::::\' \'get\' \'used\' \'60\'','',''),(269,1,21,2,1,'2020-02-09 12:05:22','10.254.10.251','rocomm',2,'','','','','','','',161,500,'hdd_total','/usr/share/cacti/rra/vmnetserv01_hdd_used_269.rrd',2,300,0,'/usr/share/cacti/scripts/ss_host_disk.php ss_host_disk \'10.254.10.251\' \'21\' \'2:161:500:1:10:rocomm::::::\' \'get\' \'total\' \'61\'','',''),(269,1,21,2,1,'2020-02-09 12:05:22','10.254.10.251','rocomm',2,'','','','','','','',161,500,'hdd_used','/usr/share/cacti/rra/vmnetserv01_hdd_used_269.rrd',2,300,0,'/usr/share/cacti/scripts/ss_host_disk.php ss_host_disk \'10.254.10.251\' \'21\' \'2:161:500:1:10:rocomm::::::\' \'get\' \'used\' \'61\'','',''),(270,1,21,2,1,'2020-03-21 06:40:31','10.254.10.251','rocomm',2,'','','','','','','',161,500,'hdd_total','/usr/share/cacti/rra/vmnetserv01_hdd_used_270.rrd',2,300,0,'/usr/share/cacti/scripts/ss_host_disk.php ss_host_disk \'10.254.10.251\' \'21\' \'2:161:500:1:10:rocomm::::::\' \'get\' \'total\' \'82\'','',''),(270,1,21,2,1,'2020-03-21 06:40:31','10.254.10.251','rocomm',2,'','','','','','','',161,500,'hdd_used','/usr/share/cacti/rra/vmnetserv01_hdd_used_270.rrd',2,300,0,'/usr/share/cacti/scripts/ss_host_disk.php ss_host_disk \'10.254.10.251\' \'21\' \'2:161:500:1:10:rocomm::::::\' \'get\' \'used\' \'82\'','',''),(271,1,21,2,1,'2020-02-09 12:05:22','10.254.10.251','rocomm',2,'','','','','','','',161,500,'cpu','/usr/share/cacti/rra/vmnetserv01_cpu_271.rrd',1,300,0,'/usr/share/cacti/scripts/ss_host_cpu.php ss_host_cpu \'10.254.10.251\' \'21\' \'2:161:500:1:10:rocomm::::::\' \'get\' \'usage\' \'0\'','',''),(272,1,21,2,1,'2020-02-09 12:05:23','10.254.10.251','rocomm',2,'','','','','','','',161,500,'cpu','/usr/share/cacti/rra/vmnetserv01_cpu_272.rrd',1,300,0,'/usr/share/cacti/scripts/ss_host_cpu.php ss_host_cpu \'10.254.10.251\' \'21\' \'2:161:500:1:10:rocomm::::::\' \'get\' \'usage\' \'1\'','',''),(273,1,21,2,1,'2020-02-09 12:05:23','10.254.10.251','rocomm',2,'','','','','','','',161,500,'cpu','/usr/share/cacti/rra/vmnetserv01_cpu_273.rrd',1,300,0,'/usr/share/cacti/scripts/ss_host_cpu.php ss_host_cpu \'10.254.10.251\' \'21\' \'2:161:500:1:10:rocomm::::::\' \'get\' \'usage\' \'2\'','',''),(274,1,21,2,1,'2020-02-09 12:05:23','10.254.10.251','rocomm',2,'','','','','','','',161,500,'cpu','/usr/share/cacti/rra/vmnetserv01_cpu_274.rrd',1,300,0,'/usr/share/cacti/scripts/ss_host_cpu.php ss_host_cpu \'10.254.10.251\' \'21\' \'2:161:500:1:10:rocomm::::::\' \'get\' \'usage\' \'3\'','',''),(275,1,21,2,1,'2020-02-09 12:05:23','10.254.10.251','rocomm',2,'','','','','','','',161,500,'cpu','/usr/share/cacti/rra/vmnetserv01_cpu_275.rrd',1,300,0,'/usr/share/cacti/scripts/ss_host_cpu.php ss_host_cpu \'10.254.10.251\' \'21\' \'2:161:500:1:10:rocomm::::::\' \'get\' \'usage\' \'4000\'','',''),(276,1,21,0,1,'2020-02-09 12:05:23','10.254.10.251','rocomm',2,'','','','','','','',161,500,'traffic_in','/usr/share/cacti/rra/vmnetserv01_traffic_in_276.rrd',2,300,0,'.1.3.6.1.2.1.31.1.1.1.6.2','',''),(276,1,21,0,1,'2020-02-09 12:05:23','10.254.10.251','rocomm',2,'','','','','','','',161,500,'traffic_out','/usr/share/cacti/rra/vmnetserv01_traffic_in_276.rrd',2,300,0,'.1.3.6.1.2.1.31.1.1.1.10.2','',''),(277,1,22,2,1,'2020-02-29 02:05:33','10.254.10.206','rocomm',2,'','','','','','','',161,500,'','/usr/share/cacti/rra/mc01_loss_277.rrd',1,300,0,'/usr/share/cacti/scripts/ss_fping.php ss_fping \'10.254.10.206\' \'10\' \'ICMP\' \'\'','',''),(278,1,17,0,1,'2020-02-11 15:22:18','10.254.254.252','rocomm',2,'','','','','','','',161,500,'traffic_in','/usr/share/cacti/rra/fwdc01_traffic_in_278.rrd',2,300,0,'.1.3.6.1.2.1.31.1.1.1.6.101020011','',''),(278,1,17,0,1,'2020-02-11 15:22:18','10.254.254.252','rocomm',2,'','','','','','','',161,500,'traffic_out','/usr/share/cacti/rra/fwdc01_traffic_in_278.rrd',2,300,0,'.1.3.6.1.2.1.31.1.1.1.10.101020011','',''),(280,1,17,0,1,'2020-02-11 15:22:18','10.254.254.252','rocomm',2,'','','','','','','',161,500,'traffic_in','/usr/share/cacti/rra/fwdc01_traffic_in_280.rrd',2,300,0,'.1.3.6.1.2.1.31.1.1.1.6.101020016','',''),(280,1,17,0,1,'2020-02-11 15:22:18','10.254.254.252','rocomm',2,'','','','','','','',161,500,'traffic_out','/usr/share/cacti/rra/fwdc01_traffic_in_280.rrd',2,300,0,'.1.3.6.1.2.1.31.1.1.1.10.101020016','',''),(281,1,17,0,1,'2020-02-11 15:22:18','10.254.254.252','rocomm',2,'','','','','','','',161,500,'traffic_in','/usr/share/cacti/rra/fwdc01_traffic_in_281.rrd',2,300,0,'.1.3.6.1.2.1.31.1.1.1.6.101024011','',''),(281,1,17,0,1,'2020-02-11 15:22:18','10.254.254.252','rocomm',2,'','','','','','','',161,500,'traffic_out','/usr/share/cacti/rra/fwdc01_traffic_in_281.rrd',2,300,0,'.1.3.6.1.2.1.31.1.1.1.10.101024011','',''),(283,1,17,0,1,'2020-02-11 15:22:19','10.254.254.252','rocomm',2,'','','','','','','',161,500,'traffic_in','/usr/share/cacti/rra/fwdc01_traffic_in_283.rrd',2,300,0,'.1.3.6.1.2.1.31.1.1.1.6.101024016','',''),(283,1,17,0,1,'2020-02-11 15:22:19','10.254.254.252','rocomm',2,'','','','','','','',161,500,'traffic_out','/usr/share/cacti/rra/fwdc01_traffic_in_283.rrd',2,300,0,'.1.3.6.1.2.1.31.1.1.1.10.101024016','',''),(284,1,17,0,1,'2020-02-11 15:22:19','10.254.254.252','rocomm',2,'','','','','','','',161,500,'traffic_in','/usr/share/cacti/rra/fwdc01_traffic_in_284.rrd',2,300,0,'.1.3.6.1.2.1.31.1.1.1.6.300000064','',''),(284,1,17,0,1,'2020-02-11 15:22:19','10.254.254.252','rocomm',2,'','','','','','','',161,500,'traffic_out','/usr/share/cacti/rra/fwdc01_traffic_in_284.rrd',2,300,0,'.1.3.6.1.2.1.31.1.1.1.10.300000064','',''),(285,1,4,0,1,'2020-02-29 02:07:49','10.1.0.1','rocomm',2,'','','','','','','',161,500,'traffic_in','/usr/share/cacti/rra/rhq01_traffic_in_285.rrd',2,300,0,'.1.3.6.1.2.1.31.1.1.1.6.1','',''),(285,1,4,0,1,'2020-02-29 02:07:49','10.1.0.1','rocomm',2,'','','','','','','',161,500,'traffic_out','/usr/share/cacti/rra/rhq01_traffic_in_285.rrd',2,300,0,'.1.3.6.1.2.1.31.1.1.1.10.1','',''),(286,1,4,0,1,'2020-02-29 02:07:49','10.1.0.1','rocomm',2,'','','','','','','',161,500,'traffic_in','/usr/share/cacti/rra/rhq01_traffic_in_286.rrd',2,300,0,'.1.3.6.1.2.1.31.1.1.1.6.29','',''),(286,1,4,0,1,'2020-02-29 02:07:49','10.1.0.1','rocomm',2,'','','','','','','',161,500,'traffic_out','/usr/share/cacti/rra/rhq01_traffic_in_286.rrd',2,300,0,'.1.3.6.1.2.1.31.1.1.1.10.29','',''),(287,1,4,0,1,'2020-02-29 02:07:49','10.1.0.1','rocomm',2,'','','','','','','',161,500,'traffic_in','/usr/share/cacti/rra/rhq01_traffic_in_287.rrd',2,300,0,'.1.3.6.1.2.1.31.1.1.1.6.37','',''),(287,1,4,0,1,'2020-02-29 02:07:49','10.1.0.1','rocomm',2,'','','','','','','',161,500,'traffic_out','/usr/share/cacti/rra/rhq01_traffic_in_287.rrd',2,300,0,'.1.3.6.1.2.1.31.1.1.1.10.37','',''),(288,1,4,0,1,'2020-02-29 02:07:49','10.1.0.1','rocomm',2,'','','','','','','',161,500,'traffic_in','/usr/share/cacti/rra/rhq01_traffic_in_288.rrd',2,300,0,'.1.3.6.1.2.1.31.1.1.1.6.38','',''),(288,1,4,0,1,'2020-02-29 02:07:49','10.1.0.1','rocomm',2,'','','','','','','',161,500,'traffic_out','/usr/share/cacti/rra/rhq01_traffic_in_288.rrd',2,300,0,'.1.3.6.1.2.1.31.1.1.1.10.38','',''),(289,1,4,0,1,'2020-02-29 02:07:49','10.1.0.1','rocomm',2,'','','','','','','',161,500,'traffic_in','/usr/share/cacti/rra/rhq01_traffic_in_289.rrd',2,300,0,'.1.3.6.1.2.1.31.1.1.1.6.39','',''),(289,1,4,0,1,'2020-02-29 02:07:49','10.1.0.1','rocomm',2,'','','','','','','',161,500,'traffic_out','/usr/share/cacti/rra/rhq01_traffic_in_289.rrd',2,300,0,'.1.3.6.1.2.1.31.1.1.1.10.39','',''),(290,1,4,0,1,'2020-02-29 02:07:49','10.1.0.1','rocomm',2,'','','','','','','',161,500,'traffic_in','/usr/share/cacti/rra/rhq01_traffic_in_290.rrd',2,300,0,'.1.3.6.1.2.1.31.1.1.1.6.40','',''),(290,1,4,0,1,'2020-02-29 02:07:49','10.1.0.1','rocomm',2,'','','','','','','',161,500,'traffic_out','/usr/share/cacti/rra/rhq01_traffic_in_290.rrd',2,300,0,'.1.3.6.1.2.1.31.1.1.1.10.40','',''),(291,1,4,0,1,'2020-02-29 02:07:49','10.1.0.1','rocomm',2,'','','','','','','',161,500,'traffic_in','/usr/share/cacti/rra/rhq01_traffic_in_291.rrd',2,300,0,'.1.3.6.1.2.1.31.1.1.1.6.41','',''),(291,1,4,0,1,'2020-02-29 02:07:49','10.1.0.1','rocomm',2,'','','','','','','',161,500,'traffic_out','/usr/share/cacti/rra/rhq01_traffic_in_291.rrd',2,300,0,'.1.3.6.1.2.1.31.1.1.1.10.41','',''),(292,1,4,0,1,'2020-02-29 02:07:49','10.1.0.1','rocomm',2,'','','','','','','',161,500,'traffic_in','/usr/share/cacti/rra/rhq01_traffic_in_292.rrd',2,300,0,'.1.3.6.1.2.1.31.1.1.1.6.43','',''),(292,1,4,0,1,'2020-02-29 02:07:49','10.1.0.1','rocomm',2,'','','','','','','',161,500,'traffic_out','/usr/share/cacti/rra/rhq01_traffic_in_292.rrd',2,300,0,'.1.3.6.1.2.1.31.1.1.1.10.43','',''),(293,1,4,0,1,'2020-02-29 02:07:49','10.1.0.1','rocomm',2,'','','','','','','',161,500,'traffic_in','/usr/share/cacti/rra/rhq01_traffic_in_293.rrd',2,300,0,'.1.3.6.1.2.1.31.1.1.1.6.44','',''),(293,1,4,0,1,'2020-02-29 02:07:49','10.1.0.1','rocomm',2,'','','','','','','',161,500,'traffic_out','/usr/share/cacti/rra/rhq01_traffic_in_293.rrd',2,300,0,'.1.3.6.1.2.1.31.1.1.1.10.44','',''),(294,1,4,0,1,'2020-02-29 02:07:49','10.1.0.1','rocomm',2,'','','','','','','',161,500,'traffic_in','/usr/share/cacti/rra/rhq01_traffic_in_294.rrd',2,300,0,'.1.3.6.1.2.1.31.1.1.1.6.48','',''),(294,1,4,0,1,'2020-02-29 02:07:49','10.1.0.1','rocomm',2,'','','','','','','',161,500,'traffic_out','/usr/share/cacti/rra/rhq01_traffic_in_294.rrd',2,300,0,'.1.3.6.1.2.1.31.1.1.1.10.48','',''),(295,1,23,0,1,'2020-02-12 01:34:05','10.254.10.201','rocomm',2,'','','','','','','',161,500,'5min_cpu','/usr/share/cacti/rra/vmwlc01_5min_cpu_295.rrd',1,300,0,'.1.3.6.1.4.1.9.2.1.58.0','',''),(296,1,23,2,1,'2020-02-12 01:34:05','10.254.10.201','rocomm',2,'','','','','','','',161,500,'','/usr/share/cacti/rra/vmwlc01_loss_296.rrd',1,300,0,'/usr/share/cacti/scripts/ss_fping.php ss_fping \'10.254.10.201\' \'10\' \'ICMP\' \'\'','',''),(297,1,23,0,1,'2020-02-12 01:34:19','10.254.10.201','rocomm',2,'','','','','','','',161,500,'traffic_in','/usr/share/cacti/rra/vmwlc01_traffic_in_297.rrd',2,300,0,'.1.3.6.1.2.1.31.1.1.1.6.1','',''),(297,1,23,0,1,'2020-02-12 01:34:19','10.254.10.201','rocomm',2,'','','','','','','',161,500,'traffic_out','/usr/share/cacti/rra/vmwlc01_traffic_in_297.rrd',2,300,0,'.1.3.6.1.2.1.31.1.1.1.10.1','',''),(298,1,22,0,1,'2020-02-29 02:06:04','10.254.10.206','rocomm',2,'','','','','','','',161,500,'traffic_in','/usr/share/cacti/rra/mc01_traffic_in_298.rrd',2,300,0,'.1.3.6.1.2.1.31.1.1.1.6.4097','',''),(298,1,22,0,1,'2020-02-29 02:06:04','10.254.10.206','rocomm',2,'','','','','','','',161,500,'traffic_out','/usr/share/cacti/rra/mc01_traffic_in_298.rrd',2,300,0,'.1.3.6.1.2.1.31.1.1.1.10.4097','','');
/*!40000 ALTER TABLE `poller_item` ENABLE KEYS */;
UNLOCK TABLES;

--
-- Table structure for table `poller_output`
--

DROP TABLE IF EXISTS `poller_output`;
/*!40101 SET @saved_cs_client     = @@character_set_client */;
/*!40101 SET character_set_client = utf8 */;
CREATE TABLE `poller_output` (
  `local_data_id` mediumint(8) unsigned NOT NULL DEFAULT 0,
  `rrd_name` varchar(19) COLLATE utf8mb4_unicode_ci NOT NULL DEFAULT '',
  `time` timestamp NOT NULL DEFAULT '0000-00-00 00:00:00',
  `output` varchar(512) COLLATE utf8mb4_unicode_ci NOT NULL DEFAULT '',
  PRIMARY KEY (`local_data_id`,`rrd_name`,`time`) USING BTREE
) ENGINE=InnoDB DEFAULT CHARSET=utf8mb4 COLLATE=utf8mb4_unicode_ci ROW_FORMAT=DYNAMIC;
/*!40101 SET character_set_client = @saved_cs_client */;

--
-- Dumping data for table `poller_output`
--

LOCK TABLES `poller_output` WRITE;
/*!40000 ALTER TABLE `poller_output` DISABLE KEYS */;
/*!40000 ALTER TABLE `poller_output` ENABLE KEYS */;
UNLOCK TABLES;

--
-- Table structure for table `poller_output_boost`
--

DROP TABLE IF EXISTS `poller_output_boost`;
/*!40101 SET @saved_cs_client     = @@character_set_client */;
/*!40101 SET character_set_client = utf8 */;
CREATE TABLE `poller_output_boost` (
  `local_data_id` mediumint(8) unsigned NOT NULL DEFAULT 0,
  `rrd_name` varchar(19) COLLATE utf8mb4_unicode_ci NOT NULL DEFAULT '',
  `time` timestamp NOT NULL DEFAULT '0000-00-00 00:00:00',
  `output` varchar(512) COLLATE utf8mb4_unicode_ci NOT NULL,
  PRIMARY KEY (`local_data_id`,`time`,`rrd_name`) USING BTREE
) ENGINE=InnoDB DEFAULT CHARSET=utf8mb4 COLLATE=utf8mb4_unicode_ci ROW_FORMAT=DYNAMIC;
/*!40101 SET character_set_client = @saved_cs_client */;

--
-- Dumping data for table `poller_output_boost`
--

LOCK TABLES `poller_output_boost` WRITE;
/*!40000 ALTER TABLE `poller_output_boost` DISABLE KEYS */;
/*!40000 ALTER TABLE `poller_output_boost` ENABLE KEYS */;
UNLOCK TABLES;

--
-- Table structure for table `poller_output_boost_processes`
--

DROP TABLE IF EXISTS `poller_output_boost_processes`;
/*!40101 SET @saved_cs_client     = @@character_set_client */;
/*!40101 SET character_set_client = utf8 */;
CREATE TABLE `poller_output_boost_processes` (
  `sock_int_value` bigint(20) unsigned NOT NULL AUTO_INCREMENT,
  `status` varchar(255) COLLATE utf8mb4_unicode_ci DEFAULT NULL,
  PRIMARY KEY (`sock_int_value`)
) ENGINE=InnoDB DEFAULT CHARSET=utf8mb4 COLLATE=utf8mb4_unicode_ci ROW_FORMAT=DYNAMIC;
/*!40101 SET character_set_client = @saved_cs_client */;

--
-- Dumping data for table `poller_output_boost_processes`
--

LOCK TABLES `poller_output_boost_processes` WRITE;
/*!40000 ALTER TABLE `poller_output_boost_processes` DISABLE KEYS */;
/*!40000 ALTER TABLE `poller_output_boost_processes` ENABLE KEYS */;
UNLOCK TABLES;

--
-- Table structure for table `poller_output_realtime`
--

DROP TABLE IF EXISTS `poller_output_realtime`;
/*!40101 SET @saved_cs_client     = @@character_set_client */;
/*!40101 SET character_set_client = utf8 */;
CREATE TABLE `poller_output_realtime` (
  `local_data_id` mediumint(8) unsigned NOT NULL DEFAULT 0,
  `rrd_name` varchar(19) COLLATE utf8mb4_unicode_ci NOT NULL DEFAULT '',
  `time` timestamp NOT NULL DEFAULT '0000-00-00 00:00:00',
  `output` mediumtext COLLATE utf8mb4_unicode_ci NOT NULL,
  `poller_id` varchar(256) COLLATE utf8mb4_unicode_ci NOT NULL DEFAULT '1',
  PRIMARY KEY (`local_data_id`,`rrd_name`,`time`,`poller_id`),
  KEY `poller_id` (`poller_id`(191)),
  KEY `time` (`time`)
) ENGINE=InnoDB DEFAULT CHARSET=utf8mb4 COLLATE=utf8mb4_unicode_ci ROW_FORMAT=DYNAMIC;
/*!40101 SET character_set_client = @saved_cs_client */;

--
-- Dumping data for table `poller_output_realtime`
--

LOCK TABLES `poller_output_realtime` WRITE;
/*!40000 ALTER TABLE `poller_output_realtime` DISABLE KEYS */;
/*!40000 ALTER TABLE `poller_output_realtime` ENABLE KEYS */;
UNLOCK TABLES;

--
-- Table structure for table `poller_reindex`
--

DROP TABLE IF EXISTS `poller_reindex`;
/*!40101 SET @saved_cs_client     = @@character_set_client */;
/*!40101 SET character_set_client = utf8 */;
CREATE TABLE `poller_reindex` (
  `host_id` mediumint(8) unsigned NOT NULL DEFAULT 0,
  `data_query_id` mediumint(8) unsigned NOT NULL DEFAULT 0,
  `action` tinyint(3) unsigned NOT NULL DEFAULT 0,
  `present` tinyint(4) NOT NULL DEFAULT 1,
  `op` char(1) COLLATE utf8mb4_unicode_ci NOT NULL DEFAULT '',
  `assert_value` varchar(100) COLLATE utf8mb4_unicode_ci NOT NULL DEFAULT '',
  `arg1` varchar(255) COLLATE utf8mb4_unicode_ci NOT NULL DEFAULT '',
  PRIMARY KEY (`host_id`,`data_query_id`,`arg1`(187)),
  KEY `present` (`present`)
) ENGINE=InnoDB DEFAULT CHARSET=utf8mb4 COLLATE=utf8mb4_unicode_ci ROW_FORMAT=DYNAMIC;
/*!40101 SET character_set_client = @saved_cs_client */;

--
-- Dumping data for table `poller_reindex`
--

LOCK TABLES `poller_reindex` WRITE;
/*!40000 ALTER TABLE `poller_reindex` DISABLE KEYS */;
INSERT INTO `poller_reindex` VALUES (1,1,0,1,'<','78658682','.1.3.6.1.2.1.1.3.0'),(3,1,0,1,'<','67264787','.1.3.6.1.2.1.1.3.0'),(3,2,0,1,'<','67264787','.1.3.6.1.2.1.1.3.0'),(3,3,0,1,'<','67264787','.1.3.6.1.2.1.1.3.0'),(4,1,0,1,'<','201855067','.1.3.6.1.2.1.1.3.0'),(12,1,0,1,'<','68947500','.1.3.6.1.2.1.1.3.0'),(12,2,0,1,'<','68947500','.1.3.6.1.2.1.1.3.0'),(12,3,0,1,'<','68947500','.1.3.6.1.2.1.1.3.0'),(17,1,0,1,'<','78639548','.1.3.6.1.2.1.1.3.0'),(18,1,0,1,'<','68106113','.1.3.6.1.2.1.1.3.0'),(18,2,0,1,'<','68106113','.1.3.6.1.2.1.1.3.0'),(18,3,0,1,'<','68106113','.1.3.6.1.2.1.1.3.0'),(19,1,0,1,'<','1104081','.1.3.6.1.2.1.1.3.0'),(20,1,0,1,'<','381850384','.1.3.6.1.2.1.1.3.0'),(21,1,0,1,'<','68914571','.1.3.6.1.2.1.1.3.0'),(21,2,0,1,'<','68914571','.1.3.6.1.2.1.1.3.0'),(21,3,0,1,'<','68914571','.1.3.6.1.2.1.1.3.0'),(22,1,0,1,'<','186000900','.1.3.6.1.2.1.1.3.0'),(23,1,0,1,'<','9316632','.1.3.6.1.2.1.1.3.0');
/*!40000 ALTER TABLE `poller_reindex` ENABLE KEYS */;
UNLOCK TABLES;

--
-- Table structure for table `poller_resource_cache`
--

DROP TABLE IF EXISTS `poller_resource_cache`;
/*!40101 SET @saved_cs_client     = @@character_set_client */;
/*!40101 SET character_set_client = utf8 */;
CREATE TABLE `poller_resource_cache` (
  `id` int(10) unsigned NOT NULL AUTO_INCREMENT,
  `resource_type` varchar(20) COLLATE utf8mb4_unicode_ci DEFAULT NULL,
  `md5sum` varchar(32) COLLATE utf8mb4_unicode_ci DEFAULT NULL,
  `path` varchar(191) COLLATE utf8mb4_unicode_ci DEFAULT NULL,
  `update_time` timestamp NOT NULL DEFAULT '0000-00-00 00:00:00',
  `contents` longblob DEFAULT NULL,
  `attributes` int(10) unsigned DEFAULT 0,
  PRIMARY KEY (`id`),
  UNIQUE KEY `path` (`path`)
) ENGINE=InnoDB DEFAULT CHARSET=utf8mb4 COLLATE=utf8mb4_unicode_ci ROW_FORMAT=DYNAMIC COMMENT='Caches all scripts, resources files, and plugins';
/*!40101 SET character_set_client = @saved_cs_client */;

--
-- Dumping data for table `poller_resource_cache`
--

LOCK TABLES `poller_resource_cache` WRITE;
/*!40000 ALTER TABLE `poller_resource_cache` DISABLE KEYS */;
/*!40000 ALTER TABLE `poller_resource_cache` ENABLE KEYS */;
UNLOCK TABLES;

--
-- Table structure for table `poller_time`
--

DROP TABLE IF EXISTS `poller_time`;
/*!40101 SET @saved_cs_client     = @@character_set_client */;
/*!40101 SET character_set_client = utf8 */;
CREATE TABLE `poller_time` (
  `id` bigint(20) unsigned NOT NULL AUTO_INCREMENT,
  `pid` int(11) unsigned NOT NULL DEFAULT 0,
  `poller_id` int(10) unsigned NOT NULL DEFAULT 1,
  `start_time` timestamp NOT NULL DEFAULT '0000-00-00 00:00:00',
  `end_time` timestamp NOT NULL DEFAULT '0000-00-00 00:00:00',
  PRIMARY KEY (`id`),
  KEY `poller_id_end_time` (`poller_id`,`end_time`)
) ENGINE=InnoDB AUTO_INCREMENT=101503 DEFAULT CHARSET=utf8mb4 COLLATE=utf8mb4_unicode_ci ROW_FORMAT=DYNAMIC;
/*!40101 SET character_set_client = @saved_cs_client */;

--
-- Dumping data for table `poller_time`
--

LOCK TABLES `poller_time` WRITE;
/*!40000 ALTER TABLE `poller_time` DISABLE KEYS */;
INSERT INTO `poller_time` VALUES (101501,29536,1,'2020-03-29 01:30:01','2020-03-29 01:30:13'),(101502,29539,1,'2020-03-29 01:30:02','2020-03-29 01:30:04');
/*!40000 ALTER TABLE `poller_time` ENABLE KEYS */;
UNLOCK TABLES;

--
-- Table structure for table `reports`
--

DROP TABLE IF EXISTS `reports`;
/*!40101 SET @saved_cs_client     = @@character_set_client */;
/*!40101 SET character_set_client = utf8 */;
CREATE TABLE `reports` (
  `id` mediumint(8) unsigned NOT NULL AUTO_INCREMENT,
  `user_id` mediumint(8) unsigned NOT NULL DEFAULT 0,
  `name` varchar(100) COLLATE utf8mb4_unicode_ci NOT NULL DEFAULT '',
  `cformat` char(2) COLLATE utf8mb4_unicode_ci NOT NULL DEFAULT '',
  `format_file` varchar(255) COLLATE utf8mb4_unicode_ci NOT NULL DEFAULT '',
  `font_size` smallint(2) unsigned NOT NULL DEFAULT 0,
  `alignment` smallint(2) unsigned NOT NULL DEFAULT 0,
  `graph_linked` char(2) COLLATE utf8mb4_unicode_ci NOT NULL DEFAULT '',
  `intrvl` smallint(2) unsigned NOT NULL DEFAULT 0,
  `count` smallint(2) unsigned NOT NULL DEFAULT 0,
  `offset` int(12) unsigned NOT NULL DEFAULT 0,
  `mailtime` bigint(20) unsigned NOT NULL DEFAULT 0,
  `subject` varchar(64) COLLATE utf8mb4_unicode_ci NOT NULL DEFAULT '',
  `from_name` varchar(40) COLLATE utf8mb4_unicode_ci NOT NULL,
  `from_email` mediumtext COLLATE utf8mb4_unicode_ci NOT NULL,
  `email` mediumtext COLLATE utf8mb4_unicode_ci NOT NULL,
  `bcc` mediumtext COLLATE utf8mb4_unicode_ci NOT NULL,
  `attachment_type` smallint(2) unsigned NOT NULL DEFAULT 1,
  `graph_height` smallint(2) unsigned NOT NULL DEFAULT 0,
  `graph_width` smallint(2) unsigned NOT NULL DEFAULT 0,
  `graph_columns` smallint(2) unsigned NOT NULL DEFAULT 0,
  `thumbnails` char(2) COLLATE utf8mb4_unicode_ci NOT NULL DEFAULT '',
  `lastsent` bigint(20) unsigned NOT NULL DEFAULT 0,
  `enabled` char(2) COLLATE utf8mb4_unicode_ci DEFAULT '',
  PRIMARY KEY (`id`),
  KEY `mailtime` (`mailtime`)
) ENGINE=InnoDB DEFAULT CHARSET=utf8mb4 COLLATE=utf8mb4_unicode_ci ROW_FORMAT=DYNAMIC COMMENT='Cacri Reporting Reports';
/*!40101 SET character_set_client = @saved_cs_client */;

--
-- Dumping data for table `reports`
--

LOCK TABLES `reports` WRITE;
/*!40000 ALTER TABLE `reports` DISABLE KEYS */;
/*!40000 ALTER TABLE `reports` ENABLE KEYS */;
UNLOCK TABLES;

--
-- Table structure for table `reports_items`
--

DROP TABLE IF EXISTS `reports_items`;
/*!40101 SET @saved_cs_client     = @@character_set_client */;
/*!40101 SET character_set_client = utf8 */;
CREATE TABLE `reports_items` (
  `id` int(10) unsigned NOT NULL AUTO_INCREMENT,
  `report_id` int(10) unsigned NOT NULL DEFAULT 0,
  `item_type` tinyint(1) unsigned NOT NULL DEFAULT 1,
  `tree_id` int(10) unsigned NOT NULL DEFAULT 0,
  `branch_id` int(10) unsigned NOT NULL DEFAULT 0,
  `tree_cascade` char(2) COLLATE utf8mb4_unicode_ci NOT NULL DEFAULT '',
  `graph_name_regexp` varchar(128) COLLATE utf8mb4_unicode_ci NOT NULL DEFAULT '',
  `host_template_id` int(10) unsigned NOT NULL DEFAULT 0,
  `host_id` int(10) unsigned NOT NULL DEFAULT 0,
  `graph_template_id` int(10) unsigned NOT NULL DEFAULT 0,
  `local_graph_id` int(10) unsigned NOT NULL DEFAULT 0,
  `timespan` int(10) unsigned NOT NULL DEFAULT 0,
  `align` tinyint(1) unsigned NOT NULL DEFAULT 1,
  `item_text` mediumtext COLLATE utf8mb4_unicode_ci NOT NULL,
  `font_size` smallint(2) unsigned NOT NULL DEFAULT 10,
  `sequence` smallint(5) unsigned NOT NULL DEFAULT 0,
  PRIMARY KEY (`id`),
  KEY `report_id` (`report_id`)
) ENGINE=InnoDB DEFAULT CHARSET=utf8mb4 COLLATE=utf8mb4_unicode_ci ROW_FORMAT=DYNAMIC COMMENT='Cacti Reporting Items';
/*!40101 SET character_set_client = @saved_cs_client */;

--
-- Dumping data for table `reports_items`
--

LOCK TABLES `reports_items` WRITE;
/*!40000 ALTER TABLE `reports_items` DISABLE KEYS */;
/*!40000 ALTER TABLE `reports_items` ENABLE KEYS */;
UNLOCK TABLES;

--
-- Table structure for table `sessions`
--

DROP TABLE IF EXISTS `sessions`;
/*!40101 SET @saved_cs_client     = @@character_set_client */;
/*!40101 SET character_set_client = utf8 */;
CREATE TABLE `sessions` (
  `id` varchar(32) COLLATE utf8mb4_unicode_ci NOT NULL,
  `remote_addr` varchar(25) COLLATE utf8mb4_unicode_ci NOT NULL DEFAULT '',
  `access` int(10) unsigned DEFAULT NULL,
  `data` mediumblob DEFAULT NULL,
  PRIMARY KEY (`id`)
) ENGINE=InnoDB DEFAULT CHARSET=utf8mb4 COLLATE=utf8mb4_unicode_ci ROW_FORMAT=DYNAMIC COMMENT='Used for Database based Session Storage';
/*!40101 SET character_set_client = @saved_cs_client */;

--
-- Dumping data for table `sessions`
--

LOCK TABLES `sessions` WRITE;
/*!40000 ALTER TABLE `sessions` DISABLE KEYS */;
/*!40000 ALTER TABLE `sessions` ENABLE KEYS */;
UNLOCK TABLES;

--
-- Table structure for table `settings`
--

DROP TABLE IF EXISTS `settings`;
/*!40101 SET @saved_cs_client     = @@character_set_client */;
/*!40101 SET character_set_client = utf8 */;
CREATE TABLE `settings` (
  `name` varchar(50) COLLATE utf8mb4_unicode_ci NOT NULL DEFAULT '',
  `value` varchar(2048) COLLATE utf8mb4_unicode_ci NOT NULL DEFAULT '',
  PRIMARY KEY (`name`)
) ENGINE=InnoDB DEFAULT CHARSET=utf8mb4 COLLATE=utf8mb4_unicode_ci ROW_FORMAT=DYNAMIC;
/*!40101 SET character_set_client = @saved_cs_client */;

--
-- Dumping data for table `settings`
--

LOCK TABLES `settings` WRITE;
/*!40000 ALTER TABLE `settings` DISABLE KEYS */;
INSERT INTO `settings` VALUES ('0',''),('1',''),('10',''),('100',''),('101',''),('102',''),('103',''),('104',''),('105',''),('106',''),('107',''),('108',''),('11',''),('12',''),('13',''),('14',''),('15',''),('16',''),('17',''),('18',''),('19',''),('2',''),('20',''),('21',''),('22',''),('23',''),('24',''),('25',''),('26',''),('27',''),('28',''),('29',''),('3',''),('30',''),('31',''),('32',''),('33',''),('34',''),('35',''),('36',''),('37',''),('38',''),('39',''),('4',''),('40',''),('41',''),('42',''),('43',''),('44',''),('45',''),('46',''),('47',''),('48',''),('49',''),('5',''),('50',''),('51',''),('52',''),('53',''),('54',''),('55',''),('56',''),('57',''),('58',''),('59',''),('6',''),('60',''),('61',''),('62',''),('63',''),('64',''),('65',''),('66',''),('67',''),('68',''),('69',''),('7',''),('70',''),('71',''),('72',''),('73',''),('74',''),('75',''),('76',''),('77',''),('78',''),('79',''),('8',''),('80',''),('81',''),('82',''),('83',''),('84',''),('85',''),('86',''),('87',''),('88',''),('89',''),('9',''),('90',''),('91',''),('92',''),('93',''),('94',''),('95',''),('96',''),('97',''),('98',''),('99',''),('admin_user','1'),('auth_cache_enabled','on'),('auth_method','1'),('autocomplete_enabled','1'),('autocomplete_rows','30'),('automation_email',''),('automation_fromemail',''),('automation_fromname',''),('automation_graphs_enabled','on'),('automation_tree_enabled','on'),('availability_method','2'),('axis_font',''),('axis_size','7'),('base_url','http://VMinfraserv05.prosper2.net'),('boost_parallel','1'),('boost_png_cache_directory','/usr/share/cacti/cache/boost/'),('boost_png_cache_enable',''),('boost_poller_mem_limit','1024'),('boost_redirect',''),('boost_rrd_update_enable',''),('boost_rrd_update_interval','60'),('boost_rrd_update_max_records','1000000'),('boost_rrd_update_max_records_per_select','50000'),('boost_rrd_update_max_runtime','1200'),('boost_rrd_update_string_length','2000'),('boost_rrd_update_system_enable',''),('clog_exclude',''),('concurrent_processes','1'),('cron_interval','300'),('data_source_trace',''),('date','2020-03-29 10:30:13'),('default_date_format','4'),('default_datechar','1'),('default_graph_height','150'),('default_graph_width','500'),('default_graphs_new_dropdown','-2'),('default_has',''),('default_image_format','1'),('default_interface_speed','1000'),('default_poller','1'),('default_site','0'),('default_template','0'),('deletion_verification','on'),('device_threads','1'),('disable_cache_replication',''),('drag_and_drop','on'),('ds_preselected_delete','on'),('dsstats_daily_interval','60'),('dsstats_enable',''),('dsstats_hourly_duration','60'),('dsstats_major_update_time','12:00am'),('dsstats_poller_mem_limit','1024'),('enable_snmp_agent','on'),('font_method','1'),('force_https',''),('graph_auth_method','1'),('graph_watermark','Generated by Cacti'),('graphs_auto_unlock',''),('grds_creation_method','0'),('guest_user','0'),('hide_console',''),('hide_form_description',''),('i18n_auto_detection','0'),('i18n_default_language','en-US'),('i18n_language_support','0'),('install_automation_range','192.168.1.0/24'),('install_cache_db','/tmp/cdubdhTO8'),('install_cache_result','3'),('install_complete','1585444863.7377'),('install_error',''),('install_eula','1'),('install_has_templates','1'),('install_language','en-US'),('install_mode','3'),('install_next','0'),('install_prev','0'),('install_profile','3'),('install_progress','100'),('install_rrdtool_version','1.4.0'),('install_started','1585444862.8557'),('install_step','98'),('install_template_Cacti_Stats_xml_gz','Cacti_Stats.xml.gz'),('install_template_Cisco_Router_xml_gz','Cisco_Router.xml.gz'),('install_template_Generic_SNMP_Device_xml_gz','Generic_SNMP_Device.xml.gz'),('install_template_Local_Linux_Machine_xml_gz','Local_Linux_Machine.xml.gz'),('install_template_NetSNMP_Device_xml_gz','NetSNMP_Device.xml.gz'),('install_template_Windows_Device_xml_gz','Windows_Device.xml.gz'),('install_theme','modern'),('install_updated','1585444863.7332'),('install_version','1.2.10'),('ldap_encryption','0'),('ldap_group_member_type','1'),('ldap_group_require',''),('ldap_mode','0'),('ldap_port','389'),('ldap_port_ssl','636'),('ldap_referrals','0'),('ldap_version','3'),('legend_font',''),('legend_size','8'),('log_destination','1'),('log_perror','on'),('log_pstats',''),('log_pwarn',''),('log_refresh_interval','60'),('log_validation',''),('log_verbosity','2'),('logrotate_enabled','on'),('logrotate_frequency','1'),('logrotate_lastrun','1585407614'),('logrotate_retain','7'),('max_data_query_field_length','40'),('max_display_rows','1000'),('max_get_size','10'),('max_threads','1'),('max_title_length','110'),('max_tree_width','300'),('min_tree_width','170'),('notify_admin',''),('num_rows_log','500'),('num_rows_table','30'),('oid_increasing_check_disable',''),('path_boost_log',''),('path_cactilog','/usr/share/cacti/log/cacti.log'),('path_php_binary','/bin/php'),('path_rrdtool','/bin/rrdtool'),('path_rrdtool_default_font',''),('path_snmpbulkwalk','/bin/snmpbulkwalk'),('path_snmpget','/bin/snmpget'),('path_snmpgetnext','/bin/snmpgetnext'),('path_snmptrap','/bin/snmptrap'),('path_snmpwalk','/bin/snmpwalk'),('path_spine','/bin/spine'),('path_spine_config',''),('path_stderrlog','/usr/share/cacti/log/cacti_stderr.log'),('path_webroot','/usr/share/cacti'),('php_servers','1'),('ping_failure_count','2'),('ping_method','2'),('ping_port','23'),('ping_recovery_count','3'),('ping_retries','1'),('ping_timeout','400'),('poller_debug',''),('poller_enabled','on'),('poller_interval','300'),('poller_lastrun_1','1585445401'),('poller_replicate_data_input_crc','0447416a4e1d7f52e6b4f604d6d87bf470987065'),('poller_replicate_data_input_fields_crc','a256f072298c57fc05a05a14f01060828622cec7'),('poller_replicate_data_source_cache_crc_1','d364533d90917fca2dd8cf4290cbf75e76c4f6e2'),('poller_replicate_device_cache_crc_1','1c693713afc691ad110f54212d4c47b1954f710d'),('poller_replicate_snmp_query_crc','ca6d6c227cde7289bd234adb9972f6387e4229d9'),('poller_sync_interval','7200'),('poller_type','2'),('process_leveling','on'),('realtime_cache_path','/usr/share/cacti/cache/realtime/'),('realtime_enabled','on'),('realtime_gwindow','300'),('realtime_interval','10'),('reindex_method','1'),('remote_agent_timeout','5'),('reports_allow_ln',''),('reports_default_image_format','1'),('reports_log_verbosity','2'),('reports_max_attach','10485760'),('rrd_archive','/usr/share/cacti/rra/archive/'),('rrd_autoclean',''),('rrd_autoclean_method','1'),('rrdp_fingerprint',''),('rrdp_fingerprint_backup',''),('rrdp_port','40301'),('rrdp_port_backup','40301'),('rrdtool_version','1.4.0'),('rsa_fingerprint','9d:86:69:06:5b:b2:7f:5d:2e:1d:b1:29:5a:5d:a9:7d'),('rsa_private_key','-----BEGIN RSA PRIVATE KEY-----MIIEpAIBAAKCAQEAw16Y1xHDn+3fwe0TGFVAURPNXKBFZPunv+0gDUC1k+zf/C8cMhZh5Amh1uKTMHffk9Oi9+FFJWFDjg1mPwiImh3la1uqChruh87udI6PNz0hhY205aSS1qH8/iJqM+gU39ZqD9R/Ytb7WLTeCuAJRMyQLkxbqs6pX5VLPgazWZavP+vVdBZAwen6fsu8COoo7xbkU1ym4xUGSgZDobIGjjuwH39IubVj2v4H+1BEv3Sm6nkYKNNr4Ya+RgC0MDDmHRhQb63qogReX1Vlr1Z9PStsm47T3e2QtsrDjGqYwpPwyJGThjh5OVEmE9ZI/JxiEb3AQJy+8ZBBh6+5Uvl9XwIDAQABAoIBAE0KGXT9oUmIcKq1BMmcnG8cQufan2KxxbVuGSyArtl1F+IG5bRulQ1qKvJkiCwdqQFO/D2JDE4wK4ZxjDcg81TqoxQRoly3wAW3uNoneRwMNBLJDWNc4TZXzD6ebYioZMrbbxls7wqXwad6MvDQ5XbGv7gyDhetxKZXZcNAuyqBC3c5pfg78Vf7HdpmSdXMtcIDCbTeulRZjqmc7Co6ZrP6UV1a3qAFfAJ7nWjvLkYyFPNWG6S3SHNaFYkT5ahE8m2NVMXEEmdh36Sgti+aa9T7H92XQo/RbA1ON6baOm7lJp30999rY6grAdeino58EoOKxI8hB6OVRT5augn59mkCgYEA6NOkjKbefVshibkvFeNXSQRqervxnDttcyvSuQkti07D5RKir6lYtJaVNu24V2rrMdm8sgYQhBCuoL5qRFKVfdhvBplHbwmhWX54wTTi/8GKQ4J3mEu5/ZGu5ABQVWvlRiRzPkEQTer9UrnUYAl41RrXc89TglY3OtXfxjqBUTsCgYEA1tCOMwUCVax/I1Jp+kb9twcQ5sOk3F0QUf6TX7ssQnF+LdsK0cHB0Ht17FvBcOC2en1dPg7XVwORP8hq/fSLFdNmF8+3ICidby8syyXq32O6E1jp5sZ0o3PwG+xo3TTyWVd65/Qz5abNDgSuyXzEJXDjizKnmnMuEM/yUcUXQi0CgYEA5e5tqQH64+2l129s0r7rqo6T4ZXObC48TutOdbJcqiElUQrwY25ozh+QSOjHjn1mvJp9wYo/sU0QSGsEY2jzfY7LRscFRuFJ2SoPcy8Zpt6p/zXPijXu/j5ra3vr2hBuIrFIpoh245xYhOREmnuAO2UAtbxgim0+qfohvpB0uZUCgYARf/4FpAPTrPDSlNUzYXMr5PR4iDm3BhHdTCr/YoUxiINqAu03t1wtutEZh0QUCQp0oh/lfVoHqa+8jXxB4hkulwE7MV3OzeA9fY9doWIn/rza9KRhe4tnAXvvGmxUkQqpQpotqVRNAjC0UqdWnMZx8mdnIKJMz9NR5U7tYGwLpQKBgQDL2Li4CAslcppIZB9ZEbAlKfPdN8CuyMs3v7ph620Jf5J+AtQr76VtHkQe44zXTVsGLr8MTtS0lOL4kqIJV2R0waCKIA9jc5MeHCAjNVip7TZqJ0SYeJ84N81UaWPFWKzQjTZ/z0JrbJGC2/7of4VW4sqiKv4Q6yuYB0y0vlJ3yg==-----END RSA PRIVATE KEY-----'),('rsa_public_key','-----BEGIN PUBLIC KEY-----MIIBIjANBgkqhkiG9w0BAQEFAAOCAQ8AMIIBCgKCAQEAw16Y1xHDn+3fwe0TGFVAURPNXKBFZPunv+0gDUC1k+zf/C8cMhZh5Amh1uKTMHffk9Oi9+FFJWFDjg1mPwiImh3la1uqChruh87udI6PNz0hhY205aSS1qH8/iJqM+gU39ZqD9R/Ytb7WLTeCuAJRMyQLkxbqs6pX5VLPgazWZavP+vVdBZAwen6fsu8COoo7xbkU1ym4xUGSgZDobIGjjuwH39IubVj2v4H+1BEv3Sm6nkYKNNr4Ya+RgC0MDDmHRhQb63qogReX1Vlr1Z9PStsm47T3e2QtsrDjGqYwpPwyJGThjh5OVEmE9ZI/JxiEb3AQJy+8ZBBh6+5Uvl9XwIDAQAB-----END PUBLIC KEY-----'),('script_timeout','25'),('secpass_expireaccount','0'),('secpass_expirepass','0'),('secpass_forceold',''),('secpass_history','0'),('secpass_lockfailed','0'),('secpass_minlen','8'),('secpass_reqmixcase','on'),('secpass_reqnum','on'),('secpass_reqspec','on'),('secpass_unlocktime','60'),('selected_theme','modern'),('selective_debug',''),('selective_device_debug',''),('selective_plugin_debug',''),('sess_allowed_templates_lastchange','1583399421'),('settings_dns_primary',''),('settings_dns_secondary',''),('settings_dns_timeout','500'),('settings_how','0'),('settings_ping_mail','0'),('settings_sendmail_path','/usr/sbin/sendmail'),('settings_smtp_host','localhost'),('settings_smtp_port','25'),('settings_smtp_secure','none'),('settings_smtp_timeout','10'),('settings_wordwrap','120'),('snmp_auth_protocol','MD5'),('snmp_bulk_walk_size','10'),('snmp_community','rocomm'),('snmp_context',''),('snmp_engine_id',''),('snmp_password',''),('snmp_port','161'),('snmp_priv_passphrase',''),('snmp_priv_protocol','DES'),('snmp_retries','3'),('snmp_security_level','authPriv'),('snmp_timeout','500'),('snmp_username',''),('snmp_version','2'),('spikekill_avgnan','last'),('spikekill_backupdir','/usr/share/cacti/cache/spikekill/'),('spikekill_basetime','12:00am'),('spikekill_batch','0'),('spikekill_deviations','10'),('spikekill_method','2'),('spikekill_number','5'),('spikekill_outliers','5'),('spikekill_percent','1000'),('spikekill_purge','7856352'),('spine_log_level','0'),('stats_poller','Time:12.4086 Method:spine Processes:1 Threads:1 Hosts:11 HostsPerProcess:11 DataSources:234 RRDsProcessed:86'),('stats_recache_1','Poller:1 RecacheTime:0.0 DevicesRecached:0'),('storage_location','0'),('strip_domain',''),('title_font',''),('title_size','10'),('unit_font',''),('unit_size','7'),('user_template','0');
/*!40000 ALTER TABLE `settings` ENABLE KEYS */;
UNLOCK TABLES;

--
-- Table structure for table `settings_tree`
--

DROP TABLE IF EXISTS `settings_tree`;
/*!40101 SET @saved_cs_client     = @@character_set_client */;
/*!40101 SET character_set_client = utf8 */;
CREATE TABLE `settings_tree` (
  `user_id` mediumint(8) unsigned NOT NULL DEFAULT 0,
  `graph_tree_item_id` mediumint(8) unsigned NOT NULL DEFAULT 0,
  `status` tinyint(1) NOT NULL DEFAULT 0,
  PRIMARY KEY (`user_id`,`graph_tree_item_id`)
) ENGINE=InnoDB DEFAULT CHARSET=utf8mb4 COLLATE=utf8mb4_unicode_ci ROW_FORMAT=DYNAMIC;
/*!40101 SET character_set_client = @saved_cs_client */;

--
-- Dumping data for table `settings_tree`
--

LOCK TABLES `settings_tree` WRITE;
/*!40000 ALTER TABLE `settings_tree` DISABLE KEYS */;
/*!40000 ALTER TABLE `settings_tree` ENABLE KEYS */;
UNLOCK TABLES;

--
-- Table structure for table `settings_user`
--

DROP TABLE IF EXISTS `settings_user`;
/*!40101 SET @saved_cs_client     = @@character_set_client */;
/*!40101 SET character_set_client = utf8 */;
CREATE TABLE `settings_user` (
  `user_id` smallint(8) unsigned NOT NULL DEFAULT 0,
  `name` varchar(50) COLLATE utf8mb4_unicode_ci NOT NULL DEFAULT '',
  `value` varchar(2048) COLLATE utf8mb4_unicode_ci NOT NULL DEFAULT '',
  PRIMARY KEY (`user_id`,`name`)
) ENGINE=InnoDB DEFAULT CHARSET=utf8mb4 COLLATE=utf8mb4_unicode_ci ROW_FORMAT=DYNAMIC;
/*!40101 SET character_set_client = @saved_cs_client */;

--
-- Dumping data for table `settings_user`
--

LOCK TABLES `settings_user` WRITE;
/*!40000 ALTER TABLE `settings_user` DISABLE KEYS */;
INSERT INTO `settings_user` VALUES (1,'allow_graph_dates_in_future','on'),(1,'axis_font',''),(1,'axis_size','8'),(1,'custom_fonts',''),(1,'day_shift_end','24:00'),(1,'day_shift_start','0:00'),(1,'default_date_format','4'),(1,'default_datechar','1'),(1,'default_height','100'),(1,'default_rra_id','1'),(1,'default_timeshift','7'),(1,'default_timespan','7'),(1,'default_tree_id','1'),(1,'default_view_mode','1'),(1,'default_width','300'),(1,'expand_hosts',''),(1,'first_weekdayid','1'),(1,'graph_template_id','0'),(1,'hide_disabled','on'),(1,'legend_font',''),(1,'legend_size','10'),(1,'num_columns','1'),(1,'num_columns_tree','1'),(1,'page_refresh','300'),(1,'preview_graphs_per_page','100'),(1,'realtime_gwindow','300'),(1,'realtime_interval','10'),(1,'realtime_nolegend','false'),(1,'realtime_size',''),(1,'selected_theme','modern'),(1,'sess_allowed_templates_lastchange','1583399421'),(1,'show_graph_title',''),(1,'thumbnail_section_preview','on'),(1,'thumbnail_section_tree_2',''),(1,'title_font',''),(1,'title_size','12'),(1,'treeview_graphs_per_page','100'),(1,'unit_font',''),(1,'unit_size','8'),(1,'user_language','en-US');
/*!40000 ALTER TABLE `settings_user` ENABLE KEYS */;
UNLOCK TABLES;

--
-- Table structure for table `settings_user_group`
--

DROP TABLE IF EXISTS `settings_user_group`;
/*!40101 SET @saved_cs_client     = @@character_set_client */;
/*!40101 SET character_set_client = utf8 */;
CREATE TABLE `settings_user_group` (
  `group_id` smallint(8) unsigned NOT NULL DEFAULT 0,
  `name` varchar(50) COLLATE utf8mb4_unicode_ci NOT NULL DEFAULT '',
  `value` varchar(2048) COLLATE utf8mb4_unicode_ci NOT NULL DEFAULT '',
  PRIMARY KEY (`group_id`,`name`)
) ENGINE=InnoDB DEFAULT CHARSET=utf8mb4 COLLATE=utf8mb4_unicode_ci ROW_FORMAT=DYNAMIC COMMENT='Stores the Default User Group Graph Settings';
/*!40101 SET character_set_client = @saved_cs_client */;

--
-- Dumping data for table `settings_user_group`
--

LOCK TABLES `settings_user_group` WRITE;
/*!40000 ALTER TABLE `settings_user_group` DISABLE KEYS */;
/*!40000 ALTER TABLE `settings_user_group` ENABLE KEYS */;
UNLOCK TABLES;

--
-- Table structure for table `sites`
--

DROP TABLE IF EXISTS `sites`;
/*!40101 SET @saved_cs_client     = @@character_set_client */;
/*!40101 SET character_set_client = utf8 */;
CREATE TABLE `sites` (
  `id` int(10) unsigned NOT NULL AUTO_INCREMENT,
  `name` varchar(100) COLLATE utf8mb4_unicode_ci NOT NULL DEFAULT '',
  `address1` varchar(100) COLLATE utf8mb4_unicode_ci DEFAULT '',
  `address2` varchar(100) COLLATE utf8mb4_unicode_ci DEFAULT '',
  `city` varchar(50) COLLATE utf8mb4_unicode_ci DEFAULT '',
  `state` varchar(20) COLLATE utf8mb4_unicode_ci DEFAULT NULL,
  `postal_code` varchar(20) COLLATE utf8mb4_unicode_ci DEFAULT '',
  `country` varchar(30) COLLATE utf8mb4_unicode_ci DEFAULT '',
  `timezone` varchar(40) COLLATE utf8mb4_unicode_ci DEFAULT '',
  `latitude` decimal(13,10) NOT NULL DEFAULT 0.0000000000,
  `longitude` decimal(13,10) NOT NULL DEFAULT 0.0000000000,
  `alternate_id` varchar(30) COLLATE utf8mb4_unicode_ci DEFAULT '',
  `notes` varchar(1024) COLLATE utf8mb4_unicode_ci DEFAULT NULL,
  `zoom` tinyint(3) unsigned DEFAULT NULL,
  PRIMARY KEY (`id`),
  KEY `name` (`name`),
  KEY `city` (`city`),
  KEY `state` (`state`),
  KEY `postal_code` (`postal_code`),
  KEY `country` (`country`),
  KEY `alternate_id` (`alternate_id`)
) ENGINE=InnoDB DEFAULT CHARSET=utf8mb4 COLLATE=utf8mb4_unicode_ci ROW_FORMAT=DYNAMIC COMMENT='Contains information about customer sites';
/*!40101 SET character_set_client = @saved_cs_client */;

--
-- Dumping data for table `sites`
--

LOCK TABLES `sites` WRITE;
/*!40000 ALTER TABLE `sites` DISABLE KEYS */;
/*!40000 ALTER TABLE `sites` ENABLE KEYS */;
UNLOCK TABLES;

--
-- Table structure for table `snmp_query`
--

DROP TABLE IF EXISTS `snmp_query`;
/*!40101 SET @saved_cs_client     = @@character_set_client */;
/*!40101 SET character_set_client = utf8 */;
CREATE TABLE `snmp_query` (
  `id` mediumint(8) unsigned NOT NULL AUTO_INCREMENT,
  `hash` varchar(32) COLLATE utf8mb4_unicode_ci NOT NULL DEFAULT '',
  `xml_path` varchar(255) COLLATE utf8mb4_unicode_ci NOT NULL DEFAULT '',
  `name` varchar(100) COLLATE utf8mb4_unicode_ci NOT NULL DEFAULT '',
  `description` varchar(255) COLLATE utf8mb4_unicode_ci DEFAULT NULL,
  `graph_template_id` mediumint(8) unsigned NOT NULL DEFAULT 0,
  `data_input_id` mediumint(8) unsigned NOT NULL DEFAULT 0,
  PRIMARY KEY (`id`),
  KEY `name` (`name`)
) ENGINE=InnoDB AUTO_INCREMENT=4 DEFAULT CHARSET=utf8mb4 COLLATE=utf8mb4_unicode_ci ROW_FORMAT=DYNAMIC;
/*!40101 SET character_set_client = @saved_cs_client */;

--
-- Dumping data for table `snmp_query`
--

LOCK TABLES `snmp_query` WRITE;
/*!40000 ALTER TABLE `snmp_query` DISABLE KEYS */;
INSERT INTO `snmp_query` VALUES (1,'c9425bca7d4b84c3a4e5565576984ea2','<path_cacti>/resource/snmp_queries/interface.xml','DQ - SNMP - Interface simple','Queries a host for a list of monitorable interfaces',0,2),(2,'9343eab1f4d88b0e61ffc9d020f35414','<path_cacti>/resource/script_server/host_disk.xml','DQ - SNMP - Get Mounted Partitions','Gets a list of partitions using SNMP',0,12),(3,'0d1ab53fe37487a5d0b9e1d3ee8c1d0d','<path_cacti>/resource/script_server/host_cpu.xml','DQ - SNMP - Get Processor Information','Gets usage for each processor in the system using the host MIB.',0,12);
/*!40000 ALTER TABLE `snmp_query` ENABLE KEYS */;
UNLOCK TABLES;

--
-- Table structure for table `snmp_query_graph`
--

DROP TABLE IF EXISTS `snmp_query_graph`;
/*!40101 SET @saved_cs_client     = @@character_set_client */;
/*!40101 SET character_set_client = utf8 */;
CREATE TABLE `snmp_query_graph` (
  `id` mediumint(8) unsigned NOT NULL AUTO_INCREMENT,
  `hash` varchar(32) COLLATE utf8mb4_unicode_ci NOT NULL DEFAULT '',
  `snmp_query_id` mediumint(8) unsigned NOT NULL DEFAULT 0,
  `name` varchar(100) COLLATE utf8mb4_unicode_ci NOT NULL DEFAULT '',
  `graph_template_id` mediumint(8) unsigned NOT NULL DEFAULT 0,
  PRIMARY KEY (`id`),
  KEY `graph_template_id_name` (`graph_template_id`,`name`),
  KEY `snmp_query_id_name` (`snmp_query_id`,`name`)
) ENGINE=InnoDB AUTO_INCREMENT=5 DEFAULT CHARSET=utf8mb4 COLLATE=utf8mb4_unicode_ci ROW_FORMAT=DYNAMIC;
/*!40101 SET character_set_client = @saved_cs_client */;

--
-- Dumping data for table `snmp_query_graph`
--

LOCK TABLES `snmp_query_graph` WRITE;
/*!40000 ALTER TABLE `snmp_query_graph` DISABLE KEYS */;
INSERT INTO `snmp_query_graph` VALUES (1,'dffc4015294223f79f0d64c8615ebf38',1,'GTass - Interface - Traffic (bps)',4),(2,'ee7f2b2eca6191730fcbb2320d70daa0',1,'GTass - Interface - Errors/Discards',3),(3,'07b4bef3446a3542e011ccdfd053160e',2,'GTass - Disk/Memory Usage Bytes',6),(4,'4a515b61441ea5f27ab7dee6c3cb7818',3,'GTass - CPU Usage Windows/Linux',7);
/*!40000 ALTER TABLE `snmp_query_graph` ENABLE KEYS */;
UNLOCK TABLES;

--
-- Table structure for table `snmp_query_graph_rrd`
--

DROP TABLE IF EXISTS `snmp_query_graph_rrd`;
/*!40101 SET @saved_cs_client     = @@character_set_client */;
/*!40101 SET character_set_client = utf8 */;
CREATE TABLE `snmp_query_graph_rrd` (
  `snmp_query_graph_id` mediumint(8) unsigned NOT NULL DEFAULT 0,
  `data_template_id` mediumint(8) unsigned NOT NULL DEFAULT 0,
  `data_template_rrd_id` mediumint(8) unsigned NOT NULL DEFAULT 0,
  `snmp_field_name` varchar(50) COLLATE utf8mb4_unicode_ci NOT NULL DEFAULT '0',
  PRIMARY KEY (`snmp_query_graph_id`,`data_template_id`,`data_template_rrd_id`),
  KEY `data_template_rrd_id` (`data_template_rrd_id`),
  KEY `snmp_query_graph_id` (`snmp_query_graph_id`)
) ENGINE=InnoDB DEFAULT CHARSET=utf8mb4 COLLATE=utf8mb4_unicode_ci ROW_FORMAT=DYNAMIC;
/*!40101 SET character_set_client = @saved_cs_client */;

--
-- Dumping data for table `snmp_query_graph_rrd`
--

LOCK TABLES `snmp_query_graph_rrd` WRITE;
/*!40000 ALTER TABLE `snmp_query_graph_rrd` DISABLE KEYS */;
INSERT INTO `snmp_query_graph_rrd` VALUES (1,4,11,'ifHCInOctets'),(1,4,12,'ifHCOutOctets'),(2,3,7,'ifInErrors'),(2,3,8,'ifInDiscards'),(2,3,9,'ifOutDiscards'),(2,3,10,'ifOutErrors'),(3,6,21,'hrStorageUsed'),(3,6,22,'hrStorageSize'),(4,7,23,'hrProcessorLoad');
/*!40000 ALTER TABLE `snmp_query_graph_rrd` ENABLE KEYS */;
UNLOCK TABLES;

--
-- Table structure for table `snmp_query_graph_rrd_sv`
--

DROP TABLE IF EXISTS `snmp_query_graph_rrd_sv`;
/*!40101 SET @saved_cs_client     = @@character_set_client */;
/*!40101 SET character_set_client = utf8 */;
CREATE TABLE `snmp_query_graph_rrd_sv` (
  `id` mediumint(8) unsigned NOT NULL AUTO_INCREMENT,
  `hash` varchar(32) COLLATE utf8mb4_unicode_ci NOT NULL DEFAULT '',
  `snmp_query_graph_id` mediumint(8) unsigned NOT NULL DEFAULT 0,
  `data_template_id` mediumint(8) unsigned NOT NULL DEFAULT 0,
  `sequence` mediumint(8) unsigned NOT NULL DEFAULT 0,
  `field_name` varchar(100) COLLATE utf8mb4_unicode_ci NOT NULL DEFAULT '',
  `text` varchar(255) COLLATE utf8mb4_unicode_ci NOT NULL DEFAULT '',
  PRIMARY KEY (`id`),
  KEY `snmp_query_graph_id` (`snmp_query_graph_id`),
  KEY `data_template_id` (`data_template_id`)
) ENGINE=InnoDB AUTO_INCREMENT=8 DEFAULT CHARSET=utf8mb4 COLLATE=utf8mb4_unicode_ci ROW_FORMAT=DYNAMIC;
/*!40101 SET character_set_client = @saved_cs_client */;

--
-- Dumping data for table `snmp_query_graph_rrd_sv`
--

LOCK TABLES `snmp_query_graph_rrd_sv` WRITE;
/*!40000 ALTER TABLE `snmp_query_graph_rrd_sv` DISABLE KEYS */;
INSERT INTO `snmp_query_graph_rrd_sv` VALUES (1,'30f33508e6de3d0009cfc49060ebad3c',1,4,3,'name','|host_description| - Traffic - |query_ifName|'),(2,'ffd72a948c5e45a5b8160cf869ff0aee',1,4,5,'name','|host_description| - Traffic - |query_ifDescr|'),(3,'c8b6b0c650d13388dc12f30f3a9ecd4c',1,4,6,'name','|host_description| - Traffic - |query_ifAlias|'),(4,'0a7d311084526956040156bc717bd8cc',2,3,5,'name','|host_description| - Errors - |query_ifName|'),(5,'8752c717b18f00b988badc69e18cad3c',2,3,6,'name','|host_description| - Errors - |query_ifDescr|'),(6,'b5347ed84a0708487990483c350a3616',2,3,7,'name','|host_description| - Errors - |query_ifAlias|'),(7,'b5a724edc36c10891fa2a5c370d55b6f',4,7,1,'name','|host_description| - CPU Utilization - CPU|query_hrProcessorFrwID|');
/*!40000 ALTER TABLE `snmp_query_graph_rrd_sv` ENABLE KEYS */;
UNLOCK TABLES;

--
-- Table structure for table `snmp_query_graph_sv`
--

DROP TABLE IF EXISTS `snmp_query_graph_sv`;
/*!40101 SET @saved_cs_client     = @@character_set_client */;
/*!40101 SET character_set_client = utf8 */;
CREATE TABLE `snmp_query_graph_sv` (
  `id` mediumint(8) unsigned NOT NULL AUTO_INCREMENT,
  `hash` varchar(32) COLLATE utf8mb4_unicode_ci NOT NULL DEFAULT '',
  `snmp_query_graph_id` mediumint(8) unsigned NOT NULL DEFAULT 0,
  `sequence` mediumint(8) unsigned NOT NULL DEFAULT 0,
  `field_name` varchar(100) COLLATE utf8mb4_unicode_ci NOT NULL DEFAULT '',
  `text` varchar(255) COLLATE utf8mb4_unicode_ci NOT NULL DEFAULT '',
  PRIMARY KEY (`id`),
  KEY `snmp_query_graph_id` (`snmp_query_graph_id`)
) ENGINE=InnoDB AUTO_INCREMENT=7 DEFAULT CHARSET=utf8mb4 COLLATE=utf8mb4_unicode_ci ROW_FORMAT=DYNAMIC;
/*!40101 SET character_set_client = @saved_cs_client */;

--
-- Dumping data for table `snmp_query_graph_sv`
--

LOCK TABLES `snmp_query_graph_sv` WRITE;
/*!40000 ALTER TABLE `snmp_query_graph_sv` DISABLE KEYS */;
INSERT INTO `snmp_query_graph_sv` VALUES (1,'97c2473077eeec31a313d400c8aed49a',1,2,'title','|host_description| - Traffic - |query_ifName| - |query_ifAlias|'),(2,'8a66c0942697ea0839f7b2b376469c3e',1,4,'title','|host_description| - Traffic - |query_ifName|'),(3,'e64791e6f7881f03c3dc7aa8ff4e630e',2,6,'title','|host_description| - Errors - |query_ifName| - |query_ifAlias|'),(4,'37338ebb33de8079b439d252b15b8e7a',2,7,'title','|host_description| - Errors - |query_ifName|'),(5,'a1903cacb80a64a2fff37cf725a9698d',3,1,'title','|host_description| - Bytes - |query_hrStorageDescr|'),(6,'fa2f07ab54fce72eea684ba893dd9c95',4,1,'title','|host_description| - CPU Utilization - CPU|query_hrProcessorFrwID|');
/*!40000 ALTER TABLE `snmp_query_graph_sv` ENABLE KEYS */;
UNLOCK TABLES;

--
-- Table structure for table `snmpagent_cache`
--

DROP TABLE IF EXISTS `snmpagent_cache`;
/*!40101 SET @saved_cs_client     = @@character_set_client */;
/*!40101 SET character_set_client = utf8 */;
CREATE TABLE `snmpagent_cache` (
  `oid` varchar(50) COLLATE utf8mb4_unicode_ci NOT NULL,
  `name` varchar(50) COLLATE utf8mb4_unicode_ci NOT NULL,
  `mib` varchar(50) COLLATE utf8mb4_unicode_ci NOT NULL,
  `type` varchar(50) COLLATE utf8mb4_unicode_ci NOT NULL DEFAULT '',
  `otype` varchar(50) COLLATE utf8mb4_unicode_ci NOT NULL DEFAULT '',
  `kind` varchar(50) COLLATE utf8mb4_unicode_ci NOT NULL DEFAULT '',
  `max-access` varchar(50) COLLATE utf8mb4_unicode_ci NOT NULL DEFAULT 'not-accessible',
  `value` varchar(255) COLLATE utf8mb4_unicode_ci NOT NULL DEFAULT '',
  `description` varchar(5000) COLLATE utf8mb4_unicode_ci NOT NULL DEFAULT '',
  PRIMARY KEY (`oid`),
  KEY `name` (`name`),
  KEY `mib_name` (`mib`,`name`)
) ENGINE=InnoDB DEFAULT CHARSET=utf8mb4 COLLATE=utf8mb4_unicode_ci ROW_FORMAT=DYNAMIC COMMENT='SNMP MIB CACHE';
/*!40101 SET character_set_client = @saved_cs_client */;

--
-- Dumping data for table `snmpagent_cache`
--

LOCK TABLES `snmpagent_cache` WRITE;
/*!40000 ALTER TABLE `snmpagent_cache` DISABLE KEYS */;
INSERT INTO `snmpagent_cache` VALUES ('.1.3.6.1.4.1.23925','cacti','CACTI-MIB','','MODULE-IDENTITY','Node','not-accessible','','Initial version of this MIB module.'),('.1.3.6.1.4.1.23925.1','cactiAppl','CACTI-MIB','','OBJECT-IDENTITY','Node','not-accessible','','reserved for Cacti application data'),('.1.3.6.1.4.1.23925.1.1.0','cactiApplLastUpdate','CACTI-MIB','Unsigned32','DATA','Scalar','read-only','1585445414','Unix timestamp when this data has been updated for the last time.'),('.1.3.6.1.4.1.23925.1.10.0','cactiApplSpineMaxThreads','CACTI-MIB','Unsigned32','DATA','Scalar','read-only','1','Represents the maximum threads allowed per process.'),('.1.3.6.1.4.1.23925.1.11.0','cactiApplSpineScriptServers','CACTI-MIB','Unsigned32','DATA','Scalar','read-only','1','Represents the maximum number of script servers a spine process is<br>allowed to run.'),('.1.3.6.1.4.1.23925.1.12.0','cactiApplSpineScriptTimeout','CACTI-MIB','Unsigned32','DATA','Scalar','read-only','25','Describes the maximum time Cacti will wait on a script to complete.'),('.1.3.6.1.4.1.23925.1.13.0','cactiApplSpineMaxOids','CACTI-MIB','Unsigned32','DATA','Scalar','read-only','10','The maximum number of snmp get OID\'s to issue per snmpbulkwalk<br>request.'),('.1.3.6.1.4.1.23925.1.14','cactiApplDeviceTable','CACTI-MIB','SEQUENCE OF','OBJECT-TYPE','Table','not-accessible','','A table of registered hosts on a Cacti system.<br>The maximum number of entries is implementation dependent.'),('.1.3.6.1.4.1.23925.1.14.1','cactiApplDeviceEntry','CACTI-MIB','CactiApplDeviceEntry','OBJECT-TYPE','Row','not-accessible','','An entry in the table of registered hosts on a Cacti system. A row<br>in this table cannot be created or deleted by SNMP operations on<br>columns of the table.'),('.1.3.6.1.4.1.23925.1.14.1.1','cactiApplDeviceIndex','CACTI-MIB','Unsigned32','OBJECT-TYPE','Column','read-only','','A unique device identifier. This ID will be created by Cacti itself.'),('.1.3.6.1.4.1.23925.1.14.1.1.1','cactiApplDeviceIndex','CACTI-MIB','Unsigned32','DATA','Column Data','read-only','1',''),('.1.3.6.1.4.1.23925.1.14.1.1.12','cactiApplDeviceIndex','CACTI-MIB','Unsigned32','DATA','Column Data','read-only','12',''),('.1.3.6.1.4.1.23925.1.14.1.1.15','cactiApplDeviceIndex','CACTI-MIB','Unsigned32','DATA','Column Data','read-only','15',''),('.1.3.6.1.4.1.23925.1.14.1.1.17','cactiApplDeviceIndex','CACTI-MIB','Unsigned32','DATA','Column Data','read-only','17',''),('.1.3.6.1.4.1.23925.1.14.1.1.18','cactiApplDeviceIndex','CACTI-MIB','Unsigned32','DATA','Column Data','read-only','18',''),('.1.3.6.1.4.1.23925.1.14.1.1.19','cactiApplDeviceIndex','CACTI-MIB','Unsigned32','DATA','Column Data','read-only','19',''),('.1.3.6.1.4.1.23925.1.14.1.1.20','cactiApplDeviceIndex','CACTI-MIB','Unsigned32','DATA','Column Data','read-only','20',''),('.1.3.6.1.4.1.23925.1.14.1.1.21','cactiApplDeviceIndex','CACTI-MIB','Unsigned32','DATA','Column Data','read-only','21',''),('.1.3.6.1.4.1.23925.1.14.1.1.22','cactiApplDeviceIndex','CACTI-MIB','Unsigned32','DATA','Column Data','read-only','22',''),('.1.3.6.1.4.1.23925.1.14.1.1.23','cactiApplDeviceIndex','CACTI-MIB','Unsigned32','DATA','Column Data','read-only','23',''),('.1.3.6.1.4.1.23925.1.14.1.1.3','cactiApplDeviceIndex','CACTI-MIB','Unsigned32','DATA','Column Data','read-only','3',''),('.1.3.6.1.4.1.23925.1.14.1.1.4','cactiApplDeviceIndex','CACTI-MIB','Unsigned32','DATA','Column Data','read-only','4',''),('.1.3.6.1.4.1.23925.1.14.1.2','cactiApplDeviceDescription','CACTI-MIB','DisplayString','OBJECT-TYPE','Column','read-only','','A meaning description of a device.'),('.1.3.6.1.4.1.23925.1.14.1.2.1','cactiApplDeviceDescription','CACTI-MIB','DisplayString','DATA','Column Data','read-only','Rdc01',''),('.1.3.6.1.4.1.23925.1.14.1.2.12','cactiApplDeviceDescription','CACTI-MIB','DisplayString','DATA','Column Data','read-only','esxi01',''),('.1.3.6.1.4.1.23925.1.14.1.2.15','cactiApplDeviceDescription','CACTI-MIB','DisplayString','DATA','Column Data','read-only','Rbranch01',''),('.1.3.6.1.4.1.23925.1.14.1.2.17','cactiApplDeviceDescription','CACTI-MIB','DisplayString','DATA','Column Data','read-only','FWdc01',''),('.1.3.6.1.4.1.23925.1.14.1.2.18','cactiApplDeviceDescription','CACTI-MIB','DisplayString','DATA','Column Data','read-only','VMwinserv11',''),('.1.3.6.1.4.1.23925.1.14.1.2.19','cactiApplDeviceDescription','CACTI-MIB','DisplayString','DATA','Column Data','read-only','L2dc01-inside01',''),('.1.3.6.1.4.1.23925.1.14.1.2.20','cactiApplDeviceDescription','CACTI-MIB','DisplayString','DATA','Column Data','read-only','L2dc01-outside01',''),('.1.3.6.1.4.1.23925.1.14.1.2.21','cactiApplDeviceDescription','CACTI-MIB','DisplayString','DATA','Column Data','read-only','vmnetserv01',''),('.1.3.6.1.4.1.23925.1.14.1.2.22','cactiApplDeviceDescription','CACTI-MIB','DisplayString','DATA','Column Data','read-only','mc01',''),('.1.3.6.1.4.1.23925.1.14.1.2.23','cactiApplDeviceDescription','CACTI-MIB','DisplayString','DATA','Column Data','read-only','VMwlc01',''),('.1.3.6.1.4.1.23925.1.14.1.2.3','cactiApplDeviceDescription','CACTI-MIB','DisplayString','DATA','Column Data','read-only','VMinfraserv05(cacti)',''),('.1.3.6.1.4.1.23925.1.14.1.2.4','cactiApplDeviceDescription','CACTI-MIB','DisplayString','DATA','Column Data','read-only','Rhq01',''),('.1.3.6.1.4.1.23925.1.14.1.3','cactiApplDeviceHostname','CACTI-MIB','DisplayString','OBJECT-TYPE','Column','read-only','','Fully qualified devicename or IP address.'),('.1.3.6.1.4.1.23925.1.14.1.3.1','cactiApplDeviceHostname','CACTI-MIB','DisplayString','DATA','Column Data','read-only','10.254.0.1',''),('.1.3.6.1.4.1.23925.1.14.1.3.12','cactiApplDeviceHostname','CACTI-MIB','DisplayString','DATA','Column Data','read-only','10.254.110.193',''),('.1.3.6.1.4.1.23925.1.14.1.3.15','cactiApplDeviceHostname','CACTI-MIB','DisplayString','DATA','Column Data','read-only','10.101.0.1',''),('.1.3.6.1.4.1.23925.1.14.1.3.17','cactiApplDeviceHostname','CACTI-MIB','DisplayString','DATA','Column Data','read-only','10.254.254.252',''),('.1.3.6.1.4.1.23925.1.14.1.3.18','cactiApplDeviceHostname','CACTI-MIB','DisplayString','DATA','Column Data','read-only','10.254.10.241',''),('.1.3.6.1.4.1.23925.1.14.1.3.19','cactiApplDeviceHostname','CACTI-MIB','DisplayString','DATA','Column Data','read-only','10.254.254.1',''),('.1.3.6.1.4.1.23925.1.14.1.3.20','cactiApplDeviceHostname','CACTI-MIB','DisplayString','DATA','Column Data','read-only','10.254.254.2',''),('.1.3.6.1.4.1.23925.1.14.1.3.21','cactiApplDeviceHostname','CACTI-MIB','DisplayString','DATA','Column Data','read-only','10.254.10.251',''),('.1.3.6.1.4.1.23925.1.14.1.3.22','cactiApplDeviceHostname','CACTI-MIB','DisplayString','DATA','Column Data','read-only','10.254.10.206',''),('.1.3.6.1.4.1.23925.1.14.1.3.23','cactiApplDeviceHostname','CACTI-MIB','DisplayString','DATA','Column Data','read-only','10.254.10.201',''),('.1.3.6.1.4.1.23925.1.14.1.3.3','cactiApplDeviceHostname','CACTI-MIB','DisplayString','DATA','Column Data','read-only','10.254.10.105',''),('.1.3.6.1.4.1.23925.1.14.1.3.4','cactiApplDeviceHostname','CACTI-MIB','DisplayString','DATA','Column Data','read-only','10.1.0.1',''),('.1.3.6.1.4.1.23925.1.14.1.4','cactiApplDeviceStatus','CACTI-MIB','INTEGER','OBJECT-TYPE','Column','read-only','','The status a device can have within Cacti:<br>unknown(0)     - device has not been polled yet<br>down(1)        - device became unresponsive<br>recovering(2)  - device was down and became reachable again<br>up(3)          - device is reachable<br>disabled(4)    - device will not be monitored'),('.1.3.6.1.4.1.23925.1.14.1.4.1','cactiApplDeviceStatus','CACTI-MIB','INTEGER','DATA','Column Data','read-only','3',''),('.1.3.6.1.4.1.23925.1.14.1.4.12','cactiApplDeviceStatus','CACTI-MIB','INTEGER','DATA','Column Data','read-only','3',''),('.1.3.6.1.4.1.23925.1.14.1.4.15','cactiApplDeviceStatus','CACTI-MIB','INTEGER','DATA','Column Data','read-only','4',''),('.1.3.6.1.4.1.23925.1.14.1.4.17','cactiApplDeviceStatus','CACTI-MIB','INTEGER','DATA','Column Data','read-only','3',''),('.1.3.6.1.4.1.23925.1.14.1.4.18','cactiApplDeviceStatus','CACTI-MIB','INTEGER','DATA','Column Data','read-only','3',''),('.1.3.6.1.4.1.23925.1.14.1.4.19','cactiApplDeviceStatus','CACTI-MIB','INTEGER','DATA','Column Data','read-only','1',''),('.1.3.6.1.4.1.23925.1.14.1.4.20','cactiApplDeviceStatus','CACTI-MIB','INTEGER','DATA','Column Data','read-only','1',''),('.1.3.6.1.4.1.23925.1.14.1.4.21','cactiApplDeviceStatus','CACTI-MIB','INTEGER','DATA','Column Data','read-only','3',''),('.1.3.6.1.4.1.23925.1.14.1.4.22','cactiApplDeviceStatus','CACTI-MIB','INTEGER','DATA','Column Data','read-only','1',''),('.1.3.6.1.4.1.23925.1.14.1.4.23','cactiApplDeviceStatus','CACTI-MIB','INTEGER','DATA','Column Data','read-only','1',''),('.1.3.6.1.4.1.23925.1.14.1.4.3','cactiApplDeviceStatus','CACTI-MIB','INTEGER','DATA','Column Data','read-only','3',''),('.1.3.6.1.4.1.23925.1.14.1.4.4','cactiApplDeviceStatus','CACTI-MIB','INTEGER','DATA','Column Data','read-only','1',''),('.1.3.6.1.4.1.23925.1.14.1.5','cactiApplDeviceEventCount','CACTI-MIB','Unsigned32','OBJECT-TYPE','Column','read-only','','Total number of events registered for that device since last reset.'),('.1.3.6.1.4.1.23925.1.14.1.5.1','cactiApplDeviceEventCount','CACTI-MIB','Unsigned32','DATA','Column Data','read-only','0',''),('.1.3.6.1.4.1.23925.1.14.1.5.12','cactiApplDeviceEventCount','CACTI-MIB','Unsigned32','DATA','Column Data','read-only','0',''),('.1.3.6.1.4.1.23925.1.14.1.5.15','cactiApplDeviceEventCount','CACTI-MIB','Unsigned32','DATA','Column Data','read-only','5278',''),('.1.3.6.1.4.1.23925.1.14.1.5.17','cactiApplDeviceEventCount','CACTI-MIB','Unsigned32','DATA','Column Data','read-only','0',''),('.1.3.6.1.4.1.23925.1.14.1.5.18','cactiApplDeviceEventCount','CACTI-MIB','Unsigned32','DATA','Column Data','read-only','0',''),('.1.3.6.1.4.1.23925.1.14.1.5.19','cactiApplDeviceEventCount','CACTI-MIB','Unsigned32','DATA','Column Data','read-only','2525',''),('.1.3.6.1.4.1.23925.1.14.1.5.20','cactiApplDeviceEventCount','CACTI-MIB','Unsigned32','DATA','Column Data','read-only','2655',''),('.1.3.6.1.4.1.23925.1.14.1.5.21','cactiApplDeviceEventCount','CACTI-MIB','Unsigned32','DATA','Column Data','read-only','0',''),('.1.3.6.1.4.1.23925.1.14.1.5.22','cactiApplDeviceEventCount','CACTI-MIB','Unsigned32','DATA','Column Data','read-only','2656',''),('.1.3.6.1.4.1.23925.1.14.1.5.23','cactiApplDeviceEventCount','CACTI-MIB','Unsigned32','DATA','Column Data','read-only','2247',''),('.1.3.6.1.4.1.23925.1.14.1.5.3','cactiApplDeviceEventCount','CACTI-MIB','Unsigned32','DATA','Column Data','read-only','0',''),('.1.3.6.1.4.1.23925.1.14.1.5.4','cactiApplDeviceEventCount','CACTI-MIB','Unsigned32','DATA','Column Data','read-only','2747',''),('.1.3.6.1.4.1.23925.1.14.1.6','cactiApplDeviceFailDate','CACTI-MIB','DisplayString','OBJECT-TYPE','Column','read-only','','Date of last fail'),('.1.3.6.1.4.1.23925.1.14.1.6.1','cactiApplDeviceFailDate','CACTI-MIB','DisplayString','DATA','Column Data','read-only','2020-03-20 11:10:00',''),('.1.3.6.1.4.1.23925.1.14.1.6.12','cactiApplDeviceFailDate','CACTI-MIB','DisplayString','DATA','Column Data','read-only','2020-02-17 18:31:00',''),('.1.3.6.1.4.1.23925.1.14.1.6.15','cactiApplDeviceFailDate','CACTI-MIB','DisplayString','DATA','Column Data','read-only','2020-01-15 00:30:00',''),('.1.3.6.1.4.1.23925.1.14.1.6.17','cactiApplDeviceFailDate','CACTI-MIB','DisplayString','DATA','Column Data','read-only','2020-03-21 19:55:00',''),('.1.3.6.1.4.1.23925.1.14.1.6.18','cactiApplDeviceFailDate','CACTI-MIB','DisplayString','DATA','Column Data','read-only','2020-02-24 18:00:00',''),('.1.3.6.1.4.1.23925.1.14.1.6.19','cactiApplDeviceFailDate','CACTI-MIB','DisplayString','DATA','Column Data','read-only','2020-03-20 11:10:00',''),('.1.3.6.1.4.1.23925.1.14.1.6.20','cactiApplDeviceFailDate','CACTI-MIB','DisplayString','DATA','Column Data','read-only','2020-03-19 23:45:00',''),('.1.3.6.1.4.1.23925.1.14.1.6.21','cactiApplDeviceFailDate','CACTI-MIB','DisplayString','DATA','Column Data','read-only','2020-02-25 12:20:00',''),('.1.3.6.1.4.1.23925.1.14.1.6.22','cactiApplDeviceFailDate','CACTI-MIB','DisplayString','DATA','Column Data','read-only','2020-03-19 23:40:00',''),('.1.3.6.1.4.1.23925.1.14.1.6.23','cactiApplDeviceFailDate','CACTI-MIB','DisplayString','DATA','Column Data','read-only','2020-03-21 10:20:00',''),('.1.3.6.1.4.1.23925.1.14.1.6.3','cactiApplDeviceFailDate','CACTI-MIB','DisplayString','DATA','Column Data','read-only','2020-02-17 18:31:00',''),('.1.3.6.1.4.1.23925.1.14.1.6.4','cactiApplDeviceFailDate','CACTI-MIB','DisplayString','DATA','Column Data','read-only','2020-03-19 15:10:00',''),('.1.3.6.1.4.1.23925.1.14.1.7','cactiApplDeviceRecoveryDate','CACTI-MIB','DisplayString','OBJECT-TYPE','Column','read-only','','Date of lats recovery'),('.1.3.6.1.4.1.23925.1.14.1.7.1','cactiApplDeviceRecoveryDate','CACTI-MIB','DisplayString','DATA','Column Data','read-only','0000-00-00 00:00:00',''),('.1.3.6.1.4.1.23925.1.14.1.7.12','cactiApplDeviceRecoveryDate','CACTI-MIB','DisplayString','DATA','Column Data','read-only','2020-01-17 09:40:00',''),('.1.3.6.1.4.1.23925.1.14.1.7.15','cactiApplDeviceRecoveryDate','CACTI-MIB','DisplayString','DATA','Column Data','read-only','2019-08-15 08:45:00',''),('.1.3.6.1.4.1.23925.1.14.1.7.17','cactiApplDeviceRecoveryDate','CACTI-MIB','DisplayString','DATA','Column Data','read-only','2020-03-20 17:05:00',''),('.1.3.6.1.4.1.23925.1.14.1.7.18','cactiApplDeviceRecoveryDate','CACTI-MIB','DisplayString','DATA','Column Data','read-only','0000-00-00 00:00:00',''),('.1.3.6.1.4.1.23925.1.14.1.7.19','cactiApplDeviceRecoveryDate','CACTI-MIB','DisplayString','DATA','Column Data','read-only','0000-00-00 00:00:00',''),('.1.3.6.1.4.1.23925.1.14.1.7.20','cactiApplDeviceRecoveryDate','CACTI-MIB','DisplayString','DATA','Column Data','read-only','0000-00-00 00:00:00',''),('.1.3.6.1.4.1.23925.1.14.1.7.21','cactiApplDeviceRecoveryDate','CACTI-MIB','DisplayString','DATA','Column Data','read-only','2020-02-26 01:05:00',''),('.1.3.6.1.4.1.23925.1.14.1.7.22','cactiApplDeviceRecoveryDate','CACTI-MIB','DisplayString','DATA','Column Data','read-only','2020-02-29 11:05:00',''),('.1.3.6.1.4.1.23925.1.14.1.7.23','cactiApplDeviceRecoveryDate','CACTI-MIB','DisplayString','DATA','Column Data','read-only','2020-02-27 11:35:00',''),('.1.3.6.1.4.1.23925.1.14.1.7.3','cactiApplDeviceRecoveryDate','CACTI-MIB','DisplayString','DATA','Column Data','read-only','0000-00-00 00:00:00',''),('.1.3.6.1.4.1.23925.1.14.1.7.4','cactiApplDeviceRecoveryDate','CACTI-MIB','DisplayString','DATA','Column Data','read-only','2020-03-19 16:00:00',''),('.1.3.6.1.4.1.23925.1.14.1.8','cactiApplDeviceLastError','CACTI-MIB','DisplayString','OBJECT-TYPE','Column','read-only','','Description of last error being detected.'),('.1.3.6.1.4.1.23925.1.14.1.8.1','cactiApplDeviceLastError','CACTI-MIB','DisplayString','DATA','Column Data','read-only','Device did not respond to SNMP',''),('.1.3.6.1.4.1.23925.1.14.1.8.12','cactiApplDeviceLastError','CACTI-MIB','DisplayString','DATA','Column Data','read-only','Device did not respond to SNMP',''),('.1.3.6.1.4.1.23925.1.14.1.8.15','cactiApplDeviceLastError','CACTI-MIB','DisplayString','DATA','Column Data','read-only','Device did not respond to SNMP',''),('.1.3.6.1.4.1.23925.1.14.1.8.17','cactiApplDeviceLastError','CACTI-MIB','DisplayString','DATA','Column Data','read-only','Device did not respond to SNMP',''),('.1.3.6.1.4.1.23925.1.14.1.8.18','cactiApplDeviceLastError','CACTI-MIB','DisplayString','DATA','Column Data','read-only','Device did not respond to SNMP',''),('.1.3.6.1.4.1.23925.1.14.1.8.19','cactiApplDeviceLastError','CACTI-MIB','DisplayString','DATA','Column Data','read-only','Device did not respond to SNMP',''),('.1.3.6.1.4.1.23925.1.14.1.8.20','cactiApplDeviceLastError','CACTI-MIB','DisplayString','DATA','Column Data','read-only','Device did not respond to SNMP',''),('.1.3.6.1.4.1.23925.1.14.1.8.21','cactiApplDeviceLastError','CACTI-MIB','DisplayString','DATA','Column Data','read-only','Device did not respond to SNMP',''),('.1.3.6.1.4.1.23925.1.14.1.8.22','cactiApplDeviceLastError','CACTI-MIB','DisplayString','DATA','Column Data','read-only','Device did not respond to SNMP',''),('.1.3.6.1.4.1.23925.1.14.1.8.23','cactiApplDeviceLastError','CACTI-MIB','DisplayString','DATA','Column Data','read-only','Device did not respond to SNMP',''),('.1.3.6.1.4.1.23925.1.14.1.8.3','cactiApplDeviceLastError','CACTI-MIB','DisplayString','DATA','Column Data','read-only','Device did not respond to SNMP',''),('.1.3.6.1.4.1.23925.1.14.1.8.4','cactiApplDeviceLastError','CACTI-MIB','DisplayString','DATA','Column Data','read-only','Device did not respond to SNMP',''),('.1.3.6.1.4.1.23925.1.15','cactiApplPollerTable','CACTI-MIB','SEQUENCE OF','OBJECT-TYPE','Table','not-accessible','','A table of pollers registered on a Cacti system.<br>The maximum number of entries is implementation dependent.'),('.1.3.6.1.4.1.23925.1.15.1','cactiApplPollerEntry','CACTI-MIB','CactiApplPollerEntry','OBJECT-TYPE','Row','not-accessible','','An entry in the table of registered pollers to a Cacti system. A row<br>in this table cannot be created or deleted by SNMP operations on<br>columns of the table.'),('.1.3.6.1.4.1.23925.1.15.1.1','cactiApplPollerIndex','CACTI-MIB','Unsigned32','OBJECT-TYPE','Column','read-only','','A unique poller identifier. This ID will be created by Cacti itself.'),('.1.3.6.1.4.1.23925.1.15.1.2','cactiApplPollerHostname','CACTI-MIB','DisplayString','OBJECT-TYPE','Column','read-only','','Name of the device where the poller is running on.'),('.1.3.6.1.4.1.23925.1.15.1.3','cactiApplPollerIpAddress','CACTI-MIB','DisplayString','OBJECT-TYPE','Column','read-only','','IP address of the poller\'s host.'),('.1.3.6.1.4.1.23925.1.15.1.4','cactiApplPollerLastUpdate','CACTI-MIB','DisplayString','OBJECT-TYPE','Column','read-only','','Timestamp of last update.'),('.1.3.6.1.4.1.23925.1.16','cactiApplPluginTable','CACTI-MIB','SEQUENCE OF','OBJECT-TYPE','Table','not-accessible','','A table of registered plugins on a Cacti system.<br>The maximum number of entries is implementation dependent.'),('.1.3.6.1.4.1.23925.1.16.1','cactiApplPluginEntry','CACTI-MIB','CactiApplPluginEntry','OBJECT-TYPE','Row','not-accessible','','An entry in the table of all installed Cacti plugins. A row<br>in this table cannot be created or deleted by SNMP operations on<br>columns of the table.'),('.1.3.6.1.4.1.23925.1.16.1.1','cactiApplPluginIndex','CACTI-MIB','Unsigned32','OBJECT-TYPE','Column','read-only','','A unique plugin identifier. This ID will be administrated by Cacti itself.'),('.1.3.6.1.4.1.23925.1.16.1.2','cactiApplPluginType','CACTI-MIB','INTEGER','OBJECT-TYPE','Column','read-only','','Describes whether or not the plugin has been registered as a system plugin.<br>System plugins offer a lot of functions normal Cacti plugins rely on.'),('.1.3.6.1.4.1.23925.1.16.1.3','cactiApplPluginName','CACTI-MIB','DisplayString','OBJECT-TYPE','Column','read-only','','The official name of a plugin given by its author.'),('.1.3.6.1.4.1.23925.1.16.1.4','cactiApplPluginStatus','CACTI-MIB','INTEGER','OBJECT-TYPE','Column','read-only','','The status a plugin can have within Cacti:<br>disabledold(-2)   - plugin (old PIA) is available, but has not been installed<br>activeold(-1)     - plugin (old PIA) is installed and active<br>notinstalled(0)   - plugin (new PIA) is available, but has not been installed<br>active(1)         - plugin (new PIA) is installed and active<br>setupmode(2)      - plugin (new PIA) is installed, but configuration is needed<br>disabled(4)       - plugin (new PIA) is installed, but without function'),('.1.3.6.1.4.1.23925.1.16.1.5','cactiApplPluginVersion','CACTI-MIB','DisplayString','OBJECT-TYPE','Column','read-only','','Version string of the Cacti plugin being installed.'),('.1.3.6.1.4.1.23925.1.2.0','cactiApplVersion','CACTI-MIB','DisplayString','DATA','Scalar','read-only','1.2.3','Returns the version string of Cacti'),('.1.3.6.1.4.1.23925.1.3.0','cactiApplSnmpVersion','CACTI-MIB','TcCactiApplSnmpVersion','DATA','Scalar','read-only','3','Represents the type of SNMP used by Cacti:<br><br>NET-SNMP<br>UCD-SNMP<br>PHP-SNMP'),('.1.3.6.1.4.1.23925.1.4.0','cactiApplRrdtoolVersion','CACTI-MIB','DisplayString','DATA','Scalar','read-only','1.4.0','The version of RRDtool used by Cacti'),('.1.3.6.1.4.1.23925.1.5.0','cactiApplPollerEnabled','CACTI-MIB','TruthValue','DATA','Scalar','read-only','1','If Cacti polling has been enabled this object is set to true(1).'),('.1.3.6.1.4.1.23925.1.6.0','cactiApplPollerType','CACTI-MIB','TcCactiApplPollerType','DATA','Scalar','read-only','2','Describes the polling engine used by Cacti:<br><br>cmd         - php based poller<br>spine       - high performance C-based polling engine'),('.1.3.6.1.4.1.23925.1.7.0','cactiApplPollerInterval','CACTI-MIB','Unsigned32','DATA','Scalar','read-only','300','The polling interval in seconds which determines how often<br>data sources will be checked and updated.'),('.1.3.6.1.4.1.23925.1.8.0','cactiApplPollerMaxProcesses','CACTI-MIB','Unsigned32','DATA','Scalar','read-only','1','Represents the number of maximum poller processes Cacti is allowed to<br>perform in parallel.'),('.1.3.6.1.4.1.23925.1.9.0','cactiApplPollerLoadBalance','CACTI-MIB','TruthValue','DATA','Scalar','read-only','1','If true Cacti attempt to balance the load of each poller process.'),('.1.3.6.1.4.1.23925.2','cactiStats','CACTI-MIB','','OBJECT-IDENTITY','Node','not-accessible','','reserved for cacti statistics'),('.1.3.6.1.4.1.23925.2.1.0','cactiStatsLastUpdate','CACTI-MIB','Unsigned32','DATA','Scalar','read-only','1585445414','Unix timestamp when this data has been updated for the last time.'),('.1.3.6.1.4.1.23925.2.10','cactiStatsPollerTable','CACTI-MIB','SEQUENCE OF','OBJECT-TYPE','Table','not-accessible','','A table of statistics for all pollers registered on a Cacti system.<br>The maximum number of entries is implementation dependent.<br>This table has a 1:1 relationship to cactiApplPollerTable.'),('.1.3.6.1.4.1.23925.2.10.1','cactiStatsPollerEntry','CACTI-MIB','CactiStatsPollerEntry','OBJECT-TYPE','Row','not-accessible','','An entry in the table of statistics for registered pollers of a Cacti system.<br>A row in this table cannot be created or deleted by SNMP operations on<br>columns of the table.'),('.1.3.6.1.4.1.23925.2.10.1.1','cactiStatsPollerIndex','CACTI-MIB','Unsigned32','OBJECT-TYPE','Column','read-only','','A unique poller identifier. This ID will be created by Cacti itself.'),('.1.3.6.1.4.1.23925.2.10.1.10','cactiStatsPollerRrrdsProcessed','CACTI-MIB','Unsigned32','OBJECT-TYPE','Column','read-only','','Number of RRDs being processed. This object will always return zero<br>if RRD updates will be handled by BOOST.'),('.1.3.6.1.4.1.23925.2.10.1.11','cactiStatsPollerUtilization','CACTI-MIB','DisplayString','OBJECT-TYPE','Column','read-only','','The proportion of the poller interval in percent the poller requires<br>to poll all data sources.'),('.1.3.6.1.4.1.23925.2.10.1.2','cactiStatsPollerHostname','CACTI-MIB','DisplayString','OBJECT-TYPE','Column','read-only','','Name of the device where the poller is running on.'),('.1.3.6.1.4.1.23925.2.10.1.3','cactiStatsPollerRunTime','CACTI-MIB','DisplayString','OBJECT-TYPE','Column','read-only','','Last poller runtime in seconds.'),('.1.3.6.1.4.1.23925.2.10.1.4','cactiStatsPollerMethod','CACTI-MIB','TcCactiApplPollerType','OBJECT-TYPE','Column','read-only','','Describes the polling engine used by Cacti:<br>cmd         - php based poller<br>spine       - high performance C-based polling engine'),('.1.3.6.1.4.1.23925.2.10.1.5','cactiStatsPollerConcurrentProcesses','CACTI-MIB','Unsigned32','OBJECT-TYPE','Column','read-only','','Number of concurrent processes.'),('.1.3.6.1.4.1.23925.2.10.1.6','cactiStatsPollerThreads','CACTI-MIB','Unsigned32','OBJECT-TYPE','Column','read-only','','Number of threads. This object will always return zero if<br>polling method is CMD.'),('.1.3.6.1.4.1.23925.2.10.1.7','cactiStatsPollerHosts','CACTI-MIB','Unsigned32','OBJECT-TYPE','Column','read-only','','Number of polled devices.'),('.1.3.6.1.4.1.23925.2.10.1.8','cactiStatsPollerHostsPerProcess','CACTI-MIB','Unsigned32','OBJECT-TYPE','Column','read-only','','Maximum number of hosts per process.'),('.1.3.6.1.4.1.23925.2.10.1.9','cactiStatsPollerItems','CACTI-MIB','Unsigned32','OBJECT-TYPE','Column','read-only','','Number of items being polled.'),('.1.3.6.1.4.1.23925.2.11.0','cactiStatsTotalsDeviceStatusUnknown','CACTI-MIB','Unsigned32','DATA','Scalar','read-only','1','Total number of devices that have not been polled yet.'),('.1.3.6.1.4.1.23925.2.12.0','cactiStatsTotalsDeviceStatusDown','CACTI-MIB','Unsigned32','DATA','Scalar','read-only','5','Total number of devices being unreachable.'),('.1.3.6.1.4.1.23925.2.13.0','cactiStatsTotalsDeviceStatusRecovering','CACTI-MIB','Unsigned32','DATA','Scalar','read-only','0','Total number of devices recovering.'),('.1.3.6.1.4.1.23925.2.14.0','cactiStatsTotalsDeviceStatusUp','CACTI-MIB','Unsigned32','DATA','Scalar','read-only','6','Total number of devices being reachable.'),('.1.3.6.1.4.1.23925.2.15.0','cactiStatsTotalsDeviceStatusDisabled','CACTI-MIB','Unsigned32','DATA','Scalar','read-only','0','Total number of devices being reachable.'),('.1.3.6.1.4.1.23925.2.2.0','cactiStatsRecacheTime','CACTI-MIB','Unsigned32','DATA','Scalar','read-only','','Returns the recache Time in seconds.'),('.1.3.6.1.4.1.23925.2.3.0','cactiStatsRecachedHosts','CACTI-MIB','Unsigned32','DATA','Scalar','read-only','','The current number of recaching events being discovered.'),('.1.3.6.1.4.1.23925.2.4.0','cactiStatsLocalPollerRuntime','CACTI-MIB','DisplayString','DATA','Scalar','read-only','12.4086','Returns the runtime of the local poller in seconds.'),('.1.3.6.1.4.1.23925.2.5.0','cactiStatsTotalsDevices','CACTI-MIB','Unsigned32','DATA','Scalar','read-only','12','Returns the total number of registered devices.'),('.1.3.6.1.4.1.23925.2.6.0','cactiStatsTotalsDataSources','CACTI-MIB','Unsigned32','DATA','Scalar','read-only','149','Returns the total number of data sources.'),('.1.3.6.1.4.1.23925.2.7.0','cactiStatsTotalsGraphs','CACTI-MIB','Unsigned32','DATA','Scalar','read-only','149','Returns the total number of graphs.'),('.1.3.6.1.4.1.23925.2.8','cactiStatsTotalsDeviceStatusTable','CACTI-MIB','SEQUENCE OF','OBJECT-TYPE','Table','not-accessible','','A table of statistics for all devices registered on a Cacti system<br>in relation to their device status.<br>The maximum number of entries is limited to maximum number of<br>device stati.'),('.1.3.6.1.4.1.23925.2.8.1','cactiStatsTotalsDeviceStatusEntry','CACTI-MIB','CactiStatsTotalsDeviceStatusEntry','OBJECT-TYPE','Row','not-accessible','','A table of statistics for all devices registered on a Cacti system<br>in relation to their device status.<br>A row in this table cannot be created or deleted by SNMP operations on<br>columns of the table.'),('.1.3.6.1.4.1.23925.2.8.1.1','cactiStatsTotalsDeviceStatusIndex','CACTI-MIB','INTEGER','OBJECT-TYPE','Column','read-only','','unknown(0)     - Total number of devices that have not been polled yet<br>down(1)        - Total number of devices being unreachable<br>recovering(2)  - Total number of devices recovering<br>up(3)          - Total number of devices being reachable<br>disabled(4)    - Total number of devices that will not be monitored'),('.1.3.6.1.4.1.23925.2.8.1.1.0','cactiStatsTotalsDeviceStatusIndex','CACTI-MIB','INTEGER','DATA','Column Data','read-only','0',''),('.1.3.6.1.4.1.23925.2.8.1.1.1','cactiStatsTotalsDeviceStatusIndex','CACTI-MIB','INTEGER','DATA','Column Data','read-only','1',''),('.1.3.6.1.4.1.23925.2.8.1.1.2','cactiStatsTotalsDeviceStatusIndex','CACTI-MIB','INTEGER','DATA','Column Data','read-only','2',''),('.1.3.6.1.4.1.23925.2.8.1.1.3','cactiStatsTotalsDeviceStatusIndex','CACTI-MIB','INTEGER','DATA','Column Data','read-only','3',''),('.1.3.6.1.4.1.23925.2.8.1.1.4','cactiStatsTotalsDeviceStatusIndex','CACTI-MIB','INTEGER','DATA','Column Data','read-only','4',''),('.1.3.6.1.4.1.23925.2.8.1.2','cactiStatsTotalsDeviceStatusCounter','CACTI-MIB','Unsigned32','OBJECT-TYPE','Column','read-only','','Returns the total number of registered devices in relation to<br>cactiStatsTotalsDeviceStatusIndex.'),('.1.3.6.1.4.1.23925.2.8.1.2.0','cactiStatsTotalsDeviceStatusCounter','CACTI-MIB','Unsigned32','DATA','Column Data','read-only','1',''),('.1.3.6.1.4.1.23925.2.8.1.2.1','cactiStatsTotalsDeviceStatusCounter','CACTI-MIB','Unsigned32','DATA','Column Data','read-only','5',''),('.1.3.6.1.4.1.23925.2.8.1.2.2','cactiStatsTotalsDeviceStatusCounter','CACTI-MIB','Unsigned32','DATA','Column Data','read-only','0',''),('.1.3.6.1.4.1.23925.2.8.1.2.3','cactiStatsTotalsDeviceStatusCounter','CACTI-MIB','Unsigned32','DATA','Column Data','read-only','6',''),('.1.3.6.1.4.1.23925.2.8.1.2.4','cactiStatsTotalsDeviceStatusCounter','CACTI-MIB','Unsigned32','DATA','Column Data','read-only','0',''),('.1.3.6.1.4.1.23925.2.9','cactiStatsDeviceTable','CACTI-MIB','SEQUENCE OF','OBJECT-TYPE','Table','not-accessible','','A table of statistics for all devices registered on a Cacti system.<br>The maximum number of entries is implementation dependent.<br>This table has a 1:1 relationship to cactiApplDeviceTable.'),('.1.3.6.1.4.1.23925.2.9.1','cactiStatsDeviceEntry','CACTI-MIB','CactiStatsDeviceEntry','OBJECT-TYPE','Row','not-accessible','','An entry in the table of statistics for registered devices of a Cacti system.<br>A row in this table cannot be created or deleted by SNMP operations on<br>columns of the table.'),('.1.3.6.1.4.1.23925.2.9.1.1','cactiStatsDeviceIndex','CACTI-MIB','Unsigned32','OBJECT-TYPE','Column','read-only','','A unique device identifier. This ID will be created by Cacti itself.'),('.1.3.6.1.4.1.23925.2.9.1.1.1','cactiStatsDeviceIndex','CACTI-MIB','Unsigned32','DATA','Column Data','read-only','1',''),('.1.3.6.1.4.1.23925.2.9.1.1.12','cactiStatsDeviceIndex','CACTI-MIB','Unsigned32','DATA','Column Data','read-only','12',''),('.1.3.6.1.4.1.23925.2.9.1.1.15','cactiStatsDeviceIndex','CACTI-MIB','Unsigned32','DATA','Column Data','read-only','15',''),('.1.3.6.1.4.1.23925.2.9.1.1.17','cactiStatsDeviceIndex','CACTI-MIB','Unsigned32','DATA','Column Data','read-only','17',''),('.1.3.6.1.4.1.23925.2.9.1.1.18','cactiStatsDeviceIndex','CACTI-MIB','Unsigned32','DATA','Column Data','read-only','18',''),('.1.3.6.1.4.1.23925.2.9.1.1.19','cactiStatsDeviceIndex','CACTI-MIB','Unsigned32','DATA','Column Data','read-only','19',''),('.1.3.6.1.4.1.23925.2.9.1.1.20','cactiStatsDeviceIndex','CACTI-MIB','Unsigned32','DATA','Column Data','read-only','20',''),('.1.3.6.1.4.1.23925.2.9.1.1.21','cactiStatsDeviceIndex','CACTI-MIB','Unsigned32','DATA','Column Data','read-only','21',''),('.1.3.6.1.4.1.23925.2.9.1.1.22','cactiStatsDeviceIndex','CACTI-MIB','Unsigned32','DATA','Column Data','read-only','22',''),('.1.3.6.1.4.1.23925.2.9.1.1.23','cactiStatsDeviceIndex','CACTI-MIB','Unsigned32','DATA','Column Data','read-only','23',''),('.1.3.6.1.4.1.23925.2.9.1.1.3','cactiStatsDeviceIndex','CACTI-MIB','Unsigned32','DATA','Column Data','read-only','3',''),('.1.3.6.1.4.1.23925.2.9.1.1.4','cactiStatsDeviceIndex','CACTI-MIB','Unsigned32','DATA','Column Data','read-only','4',''),('.1.3.6.1.4.1.23925.2.9.1.2','cactiStatsDeviceHostname','CACTI-MIB','DisplayString','OBJECT-TYPE','Column','read-only','','Fully qualified devicename or IP address.'),('.1.3.6.1.4.1.23925.2.9.1.2.1','cactiStatsDeviceHostname','CACTI-MIB','DisplayString','DATA','Column Data','read-only','10.254.0.1',''),('.1.3.6.1.4.1.23925.2.9.1.2.12','cactiStatsDeviceHostname','CACTI-MIB','DisplayString','DATA','Column Data','read-only','10.254.110.193',''),('.1.3.6.1.4.1.23925.2.9.1.2.15','cactiStatsDeviceHostname','CACTI-MIB','DisplayString','DATA','Column Data','read-only','10.101.0.1',''),('.1.3.6.1.4.1.23925.2.9.1.2.17','cactiStatsDeviceHostname','CACTI-MIB','DisplayString','DATA','Column Data','read-only','10.254.254.252',''),('.1.3.6.1.4.1.23925.2.9.1.2.18','cactiStatsDeviceHostname','CACTI-MIB','DisplayString','DATA','Column Data','read-only','10.254.10.241',''),('.1.3.6.1.4.1.23925.2.9.1.2.19','cactiStatsDeviceHostname','CACTI-MIB','DisplayString','DATA','Column Data','read-only','10.254.254.1',''),('.1.3.6.1.4.1.23925.2.9.1.2.20','cactiStatsDeviceHostname','CACTI-MIB','DisplayString','DATA','Column Data','read-only','10.254.254.2',''),('.1.3.6.1.4.1.23925.2.9.1.2.21','cactiStatsDeviceHostname','CACTI-MIB','DisplayString','DATA','Column Data','read-only','10.254.10.251',''),('.1.3.6.1.4.1.23925.2.9.1.2.22','cactiStatsDeviceHostname','CACTI-MIB','DisplayString','DATA','Column Data','read-only','10.254.10.206',''),('.1.3.6.1.4.1.23925.2.9.1.2.23','cactiStatsDeviceHostname','CACTI-MIB','DisplayString','DATA','Column Data','read-only','10.254.10.201',''),('.1.3.6.1.4.1.23925.2.9.1.2.3','cactiStatsDeviceHostname','CACTI-MIB','DisplayString','DATA','Column Data','read-only','10.254.10.105',''),('.1.3.6.1.4.1.23925.2.9.1.2.4','cactiStatsDeviceHostname','CACTI-MIB','DisplayString','DATA','Column Data','read-only','10.1.0.1',''),('.1.3.6.1.4.1.23925.2.9.1.3','cactiStatsDeviceMinTime','CACTI-MIB','DisplayString','OBJECT-TYPE','Column','read-only','','Minimum response time in seconds.'),('.1.3.6.1.4.1.23925.2.9.1.3.1','cactiStatsDeviceMinTime','CACTI-MIB','DisplayString','DATA','Column Data','read-only','0.79989',''),('.1.3.6.1.4.1.23925.2.9.1.3.12','cactiStatsDeviceMinTime','CACTI-MIB','DisplayString','DATA','Column Data','read-only','0.77796',''),('.1.3.6.1.4.1.23925.2.9.1.3.15','cactiStatsDeviceMinTime','CACTI-MIB','DisplayString','DATA','Column Data','read-only','9.19986',''),('.1.3.6.1.4.1.23925.2.9.1.3.17','cactiStatsDeviceMinTime','CACTI-MIB','DisplayString','DATA','Column Data','read-only','0.76413',''),('.1.3.6.1.4.1.23925.2.9.1.3.18','cactiStatsDeviceMinTime','CACTI-MIB','DisplayString','DATA','Column Data','read-only','0.67902',''),('.1.3.6.1.4.1.23925.2.9.1.3.19','cactiStatsDeviceMinTime','CACTI-MIB','DisplayString','DATA','Column Data','read-only','2.12598',''),('.1.3.6.1.4.1.23925.2.9.1.3.20','cactiStatsDeviceMinTime','CACTI-MIB','DisplayString','DATA','Column Data','read-only','2.29692',''),('.1.3.6.1.4.1.23925.2.9.1.3.21','cactiStatsDeviceMinTime','CACTI-MIB','DisplayString','DATA','Column Data','read-only','0.33498',''),('.1.3.6.1.4.1.23925.2.9.1.3.22','cactiStatsDeviceMinTime','CACTI-MIB','DisplayString','DATA','Column Data','read-only','1.42217',''),('.1.3.6.1.4.1.23925.2.9.1.3.23','cactiStatsDeviceMinTime','CACTI-MIB','DisplayString','DATA','Column Data','read-only','0.44489',''),('.1.3.6.1.4.1.23925.2.9.1.3.3','cactiStatsDeviceMinTime','CACTI-MIB','DisplayString','DATA','Column Data','read-only','0.14400',''),('.1.3.6.1.4.1.23925.2.9.1.3.4','cactiStatsDeviceMinTime','CACTI-MIB','DisplayString','DATA','Column Data','read-only','8.38518',''),('.1.3.6.1.4.1.23925.2.9.1.4','cactiStatsDeviceMaxTime','CACTI-MIB','DisplayString','OBJECT-TYPE','Column','read-only','','Maximum response time in seconds.'),('.1.3.6.1.4.1.23925.2.9.1.4.1','cactiStatsDeviceMaxTime','CACTI-MIB','DisplayString','DATA','Column Data','read-only','1037.97197',''),('.1.3.6.1.4.1.23925.2.9.1.4.12','cactiStatsDeviceMaxTime','CACTI-MIB','DisplayString','DATA','Column Data','read-only','1990.75818',''),('.1.3.6.1.4.1.23925.2.9.1.4.15','cactiStatsDeviceMaxTime','CACTI-MIB','DisplayString','DATA','Column Data','read-only','1979.87700',''),('.1.3.6.1.4.1.23925.2.9.1.4.17','cactiStatsDeviceMaxTime','CACTI-MIB','DisplayString','DATA','Column Data','read-only','527.61507',''),('.1.3.6.1.4.1.23925.2.9.1.4.18','cactiStatsDeviceMaxTime','CACTI-MIB','DisplayString','DATA','Column Data','read-only','410.90107',''),('.1.3.6.1.4.1.23925.2.9.1.4.19','cactiStatsDeviceMaxTime','CACTI-MIB','DisplayString','DATA','Column Data','read-only','365.56411',''),('.1.3.6.1.4.1.23925.2.9.1.4.20','cactiStatsDeviceMaxTime','CACTI-MIB','DisplayString','DATA','Column Data','read-only','70.29414',''),('.1.3.6.1.4.1.23925.2.9.1.4.21','cactiStatsDeviceMaxTime','CACTI-MIB','DisplayString','DATA','Column Data','read-only','366.94503',''),('.1.3.6.1.4.1.23925.2.9.1.4.22','cactiStatsDeviceMaxTime','CACTI-MIB','DisplayString','DATA','Column Data','read-only','33.39314',''),('.1.3.6.1.4.1.23925.2.9.1.4.23','cactiStatsDeviceMaxTime','CACTI-MIB','DisplayString','DATA','Column Data','read-only','35.44688',''),('.1.3.6.1.4.1.23925.2.9.1.4.3','cactiStatsDeviceMaxTime','CACTI-MIB','DisplayString','DATA','Column Data','read-only','1354.22993',''),('.1.3.6.1.4.1.23925.2.9.1.4.4','cactiStatsDeviceMaxTime','CACTI-MIB','DisplayString','DATA','Column Data','read-only','1759.61781',''),('.1.3.6.1.4.1.23925.2.9.1.5','cactiStatsDeviceCurTime','CACTI-MIB','DisplayString','OBJECT-TYPE','Column','read-only','','Last response time in seconds.'),('.1.3.6.1.4.1.23925.2.9.1.5.1','cactiStatsDeviceCurTime','CACTI-MIB','DisplayString','DATA','Column Data','read-only','1.50418',''),('.1.3.6.1.4.1.23925.2.9.1.5.12','cactiStatsDeviceCurTime','CACTI-MIB','DisplayString','DATA','Column Data','read-only','1.50800',''),('.1.3.6.1.4.1.23925.2.9.1.5.15','cactiStatsDeviceCurTime','CACTI-MIB','DisplayString','DATA','Column Data','read-only','10.34307',''),('.1.3.6.1.4.1.23925.2.9.1.5.17','cactiStatsDeviceCurTime','CACTI-MIB','DisplayString','DATA','Column Data','read-only','1.70183',''),('.1.3.6.1.4.1.23925.2.9.1.5.18','cactiStatsDeviceCurTime','CACTI-MIB','DisplayString','DATA','Column Data','read-only','0.86117',''),('.1.3.6.1.4.1.23925.2.9.1.5.19','cactiStatsDeviceCurTime','CACTI-MIB','DisplayString','DATA','Column Data','read-only','3.02720',''),('.1.3.6.1.4.1.23925.2.9.1.5.20','cactiStatsDeviceCurTime','CACTI-MIB','DisplayString','DATA','Column Data','read-only','2.89392',''),('.1.3.6.1.4.1.23925.2.9.1.5.21','cactiStatsDeviceCurTime','CACTI-MIB','DisplayString','DATA','Column Data','read-only','0.41199',''),('.1.3.6.1.4.1.23925.2.9.1.5.22','cactiStatsDeviceCurTime','CACTI-MIB','DisplayString','DATA','Column Data','read-only','1.78289',''),('.1.3.6.1.4.1.23925.2.9.1.5.23','cactiStatsDeviceCurTime','CACTI-MIB','DisplayString','DATA','Column Data','read-only','0.69380',''),('.1.3.6.1.4.1.23925.2.9.1.5.3','cactiStatsDeviceCurTime','CACTI-MIB','DisplayString','DATA','Column Data','read-only','0.48304',''),('.1.3.6.1.4.1.23925.2.9.1.5.4','cactiStatsDeviceCurTime','CACTI-MIB','DisplayString','DATA','Column Data','read-only','62.95204',''),('.1.3.6.1.4.1.23925.2.9.1.6','cactiStatsDeviceAvgTime','CACTI-MIB','DisplayString','OBJECT-TYPE','Column','read-only','','Average response time in seconds.'),('.1.3.6.1.4.1.23925.2.9.1.6.1','cactiStatsDeviceAvgTime','CACTI-MIB','DisplayString','DATA','Column Data','read-only','2.01545',''),('.1.3.6.1.4.1.23925.2.9.1.6.12','cactiStatsDeviceAvgTime','CACTI-MIB','DisplayString','DATA','Column Data','read-only','10.40416',''),('.1.3.6.1.4.1.23925.2.9.1.6.15','cactiStatsDeviceAvgTime','CACTI-MIB','DisplayString','DATA','Column Data','read-only','70.50312',''),('.1.3.6.1.4.1.23925.2.9.1.6.17','cactiStatsDeviceAvgTime','CACTI-MIB','DisplayString','DATA','Column Data','read-only','3.34882',''),('.1.3.6.1.4.1.23925.2.9.1.6.18','cactiStatsDeviceAvgTime','CACTI-MIB','DisplayString','DATA','Column Data','read-only','1.39848',''),('.1.3.6.1.4.1.23925.2.9.1.6.19','cactiStatsDeviceAvgTime','CACTI-MIB','DisplayString','DATA','Column Data','read-only','3.25344',''),('.1.3.6.1.4.1.23925.2.9.1.6.20','cactiStatsDeviceAvgTime','CACTI-MIB','DisplayString','DATA','Column Data','read-only','3.19770',''),('.1.3.6.1.4.1.23925.2.9.1.6.21','cactiStatsDeviceAvgTime','CACTI-MIB','DisplayString','DATA','Column Data','read-only','0.96340',''),('.1.3.6.1.4.1.23925.2.9.1.6.22','cactiStatsDeviceAvgTime','CACTI-MIB','DisplayString','DATA','Column Data','read-only','1.89141',''),('.1.3.6.1.4.1.23925.2.9.1.6.23','cactiStatsDeviceAvgTime','CACTI-MIB','DisplayString','DATA','Column Data','read-only','1.73884',''),('.1.3.6.1.4.1.23925.2.9.1.6.3','cactiStatsDeviceAvgTime','CACTI-MIB','DisplayString','DATA','Column Data','read-only','0.60448',''),('.1.3.6.1.4.1.23925.2.9.1.6.4','cactiStatsDeviceAvgTime','CACTI-MIB','DisplayString','DATA','Column Data','read-only','30.93865',''),('.1.3.6.1.4.1.23925.2.9.1.7','cactiStatsDeviceTotalPolls','CACTI-MIB','Unsigned32','OBJECT-TYPE','Column','read-only','','Number of total polls against a monitored device.'),('.1.3.6.1.4.1.23925.2.9.1.7.1','cactiStatsDeviceTotalPolls','CACTI-MIB','Unsigned32','DATA','Column Data','read-only','80429',''),('.1.3.6.1.4.1.23925.2.9.1.7.12','cactiStatsDeviceTotalPolls','CACTI-MIB','Unsigned32','DATA','Column Data','read-only','80416',''),('.1.3.6.1.4.1.23925.2.9.1.7.15','cactiStatsDeviceTotalPolls','CACTI-MIB','Unsigned32','DATA','Column Data','read-only','64439',''),('.1.3.6.1.4.1.23925.2.9.1.7.17','cactiStatsDeviceTotalPolls','CACTI-MIB','Unsigned32','DATA','Column Data','read-only','17231',''),('.1.3.6.1.4.1.23925.2.9.1.7.18','cactiStatsDeviceTotalPolls','CACTI-MIB','Unsigned32','DATA','Column Data','read-only','15789',''),('.1.3.6.1.4.1.23925.2.9.1.7.19','cactiStatsDeviceTotalPolls','CACTI-MIB','Unsigned32','DATA','Column Data','read-only','13925',''),('.1.3.6.1.4.1.23925.2.9.1.7.20','cactiStatsDeviceTotalPolls','CACTI-MIB','Unsigned32','DATA','Column Data','read-only','13924',''),('.1.3.6.1.4.1.23925.2.9.1.7.21','cactiStatsDeviceTotalPolls','CACTI-MIB','Unsigned32','DATA','Column Data','read-only','13902',''),('.1.3.6.1.4.1.23925.2.9.1.7.22','cactiStatsDeviceTotalPolls','CACTI-MIB','Unsigned32','DATA','Column Data','read-only','13764',''),('.1.3.6.1.4.1.23925.2.9.1.7.23','cactiStatsDeviceTotalPolls','CACTI-MIB','Unsigned32','DATA','Column Data','read-only','13164',''),('.1.3.6.1.4.1.23925.2.9.1.7.3','cactiStatsDeviceTotalPolls','CACTI-MIB','Unsigned32','DATA','Column Data','read-only','80429',''),('.1.3.6.1.4.1.23925.2.9.1.7.4','cactiStatsDeviceTotalPolls','CACTI-MIB','Unsigned32','DATA','Column Data','read-only','80426',''),('.1.3.6.1.4.1.23925.2.9.1.8','cactiStatsDeviceFailedPolls','CACTI-MIB','Unsigned32','OBJECT-TYPE','Column','read-only','','Number of failed polls.'),('.1.3.6.1.4.1.23925.2.9.1.8.1','cactiStatsDeviceFailedPolls','CACTI-MIB','Unsigned32','DATA','Column Data','read-only','13',''),('.1.3.6.1.4.1.23925.2.9.1.8.12','cactiStatsDeviceFailedPolls','CACTI-MIB','Unsigned32','DATA','Column Data','read-only','33950',''),('.1.3.6.1.4.1.23925.2.9.1.8.15','cactiStatsDeviceFailedPolls','CACTI-MIB','Unsigned32','DATA','Column Data','read-only','43186',''),('.1.3.6.1.4.1.23925.2.9.1.8.17','cactiStatsDeviceFailedPolls','CACTI-MIB','Unsigned32','DATA','Column Data','read-only','11',''),('.1.3.6.1.4.1.23925.2.9.1.8.18','cactiStatsDeviceFailedPolls','CACTI-MIB','Unsigned32','DATA','Column Data','read-only','1',''),('.1.3.6.1.4.1.23925.2.9.1.8.19','cactiStatsDeviceFailedPolls','CACTI-MIB','Unsigned32','DATA','Column Data','read-only','2528',''),('.1.3.6.1.4.1.23925.2.9.1.8.20','cactiStatsDeviceFailedPolls','CACTI-MIB','Unsigned32','DATA','Column Data','read-only','2655',''),('.1.3.6.1.4.1.23925.2.9.1.8.21','cactiStatsDeviceFailedPolls','CACTI-MIB','Unsigned32','DATA','Column Data','read-only','1882',''),('.1.3.6.1.4.1.23925.2.9.1.8.22','cactiStatsDeviceFailedPolls','CACTI-MIB','Unsigned32','DATA','Column Data','read-only','8142',''),('.1.3.6.1.4.1.23925.2.9.1.8.23','cactiStatsDeviceFailedPolls','CACTI-MIB','Unsigned32','DATA','Column Data','read-only','2252',''),('.1.3.6.1.4.1.23925.2.9.1.8.3','cactiStatsDeviceFailedPolls','CACTI-MIB','Unsigned32','DATA','Column Data','read-only','3',''),('.1.3.6.1.4.1.23925.2.9.1.8.4','cactiStatsDeviceFailedPolls','CACTI-MIB','Unsigned32','DATA','Column Data','read-only','34835',''),('.1.3.6.1.4.1.23925.2.9.1.9','cactiStatsDeviceAvailability','CACTI-MIB','DisplayString','OBJECT-TYPE','Column','read-only','','Calculated availablity in percent.'),('.1.3.6.1.4.1.23925.2.9.1.9.1','cactiStatsDeviceAvailability','CACTI-MIB','DisplayString','DATA','Column Data','read-only','99.98380',''),('.1.3.6.1.4.1.23925.2.9.1.9.12','cactiStatsDeviceAvailability','CACTI-MIB','DisplayString','DATA','Column Data','read-only','57.78200',''),('.1.3.6.1.4.1.23925.2.9.1.9.15','cactiStatsDeviceAvailability','CACTI-MIB','DisplayString','DATA','Column Data','read-only','32.98160',''),('.1.3.6.1.4.1.23925.2.9.1.9.17','cactiStatsDeviceAvailability','CACTI-MIB','DisplayString','DATA','Column Data','read-only','99.93620',''),('.1.3.6.1.4.1.23925.2.9.1.9.18','cactiStatsDeviceAvailability','CACTI-MIB','DisplayString','DATA','Column Data','read-only','99.99370',''),('.1.3.6.1.4.1.23925.2.9.1.9.19','cactiStatsDeviceAvailability','CACTI-MIB','DisplayString','DATA','Column Data','read-only','81.84560',''),('.1.3.6.1.4.1.23925.2.9.1.9.20','cactiStatsDeviceAvailability','CACTI-MIB','DisplayString','DATA','Column Data','read-only','80.93220',''),('.1.3.6.1.4.1.23925.2.9.1.9.21','cactiStatsDeviceAvailability','CACTI-MIB','DisplayString','DATA','Column Data','read-only','86.46240',''),('.1.3.6.1.4.1.23925.2.9.1.9.22','cactiStatsDeviceAvailability','CACTI-MIB','DisplayString','DATA','Column Data','read-only','40.84570',''),('.1.3.6.1.4.1.23925.2.9.1.9.23','cactiStatsDeviceAvailability','CACTI-MIB','DisplayString','DATA','Column Data','read-only','82.89270',''),('.1.3.6.1.4.1.23925.2.9.1.9.3','cactiStatsDeviceAvailability','CACTI-MIB','DisplayString','DATA','Column Data','read-only','99.99630',''),('.1.3.6.1.4.1.23925.2.9.1.9.4','cactiStatsDeviceAvailability','CACTI-MIB','DisplayString','DATA','Column Data','read-only','56.68690',''),('.1.3.6.1.4.1.23925.3','cactiEvents','CACTI-MIB','','OBJECT-IDENTITY','Node','not-accessible','','reserved for cacti events'),('.1.3.6.1.4.1.23925.3.1','cactiEventAttributes','CACTI-MIB','','OBJECT-IDENTITY','Node','not-accessible','','resevered for event attributes, used as varbind for the SMNP notifications'),('.1.3.6.1.4.1.23925.3.1.1.0','cactiEventDescription','CACTI-MIB','DisplayString','DATA','Scalar','accessible-for-notify','','Contains a customized event description.'),('.1.3.6.1.4.1.23925.3.2','cactiEventNotifications','CACTI-MIB','','OBJECT-IDENTITY','Node','not-accessible','','resevered for event notifications'),('.1.3.6.1.4.1.23925.3.2.1','cactiNotify','CACTI-MIB','','NOTIFICATION-TYPE','Notification','not-accessible','','This SNMP notification will only include varbind cactiEventDescription<br>and can be used as a simple and generic notification by plugins for example.'),('.1.3.6.1.4.1.23925.3.2.2','cactiNotifyDeviceDown','CACTI-MIB','','NOTIFICATION-TYPE','Notification','not-accessible','','This SNMP notification will be send to notification receivers if Cacti has detected<br>that a monitored device went down.'),('.1.3.6.1.4.1.23925.3.2.3','cactiNotifyDeviceRecovering','CACTI-MIB','','NOTIFICATION-TYPE','Notification','not-accessible','','This SNMP notification will be send to notification receivers if Cacti has detected<br>that a monitored device became reachable again.'),('.1.3.6.1.4.1.23925.3.2.4','cactiNotifyPollerRuntimeExceeding','CACTI-MIB','','NOTIFICATION-TYPE','Notification','not-accessible','','This SNMP notification will be send to notification receivers if a Cacti poller<br>has breached its maximum runtime.'),('.1.3.6.1.4.1.23925.3.2.5','cactiNotifyDeviceFailedPoll','CACTI-MIB','','NOTIFICATION-TYPE','Notification','not-accessible','','This SNMP notification will be send to notification receivers if Cacti<br>was unable to poll a device.'),('.1.3.6.1.4.1.23925.4','cactiPlugins','CACTI-MIB','','OBJECT-IDENTITY','Node','not-accessible','','cactiPlugins provides a root object identifier<br>from which mibs produced by plugin developers may be<br>placed. mibs written by other developers will typically<br>be implemented with the object identifiers as defined<br>in the mib.<br>Plugin developers have to take notice of the following<br>requirements:<br><br>|MIB name: CACTI-<plugin_name>-MIB<br>|Module name: <plugin_name><br>|Architecture:<br>Plugin mibs have to reserve the first three<br>sub-trees for:<br>+<br>|-<plugin_name>Appl(1)<br>|-<plugin_name>Stats(2)<br>|-<plugin_name>Events(3)<br>|-<plugin_name>MibGroups(4)<br><br>The plugin name has to be written in lower cases only.<br><br>As reference plugin developers should take a look at<br>the CACTI-THOLD-MIB.'),('.1.3.6.1.4.1.23925.4.2','boost','CACTI-BOOST-MIB','','MODULE-IDENTITY','Node','not-accessible','','Initial version of this MIB module.'),('.1.3.6.1.4.1.23925.4.2.1','boostAppl','CACTI-BOOST-MIB','','OBJECT-IDENTITY','Node','not-accessible','','reserved for Boost application data'),('.1.3.6.1.4.1.23925.4.2.1.1.0','boostApplLastUpdate','CACTI-BOOST-MIB','Unsigned32','DATA','Scalar','read-only','1561622879','Unix timestamp when this data has been updated for the last time.'),('.1.3.6.1.4.1.23925.4.2.1.10.0','boostApplServerEnabled','CACTI-BOOST-MIB','TruthValue','DATA','Scalar','read-only','','If Boost Server will be used for RRDUpdates this object is set<br>to true (1).'),('.1.3.6.1.4.1.23925.4.2.1.11.0','boostApplServerMultiprocess','CACTI-BOOST-MIB','TruthValue','DATA','Scalar','read-only','','This object returns true (1) if Boost Server should  fork a separate<br>update process for each boost request'),('.1.3.6.1.4.1.23925.4.2.1.12.0','boostApplServerHostname','CACTI-BOOST-MIB','DisplayString','DATA','Scalar','read-only','','Returns the Hostname/IP of the boost server.'),('.1.3.6.1.4.1.23925.4.2.1.13.0','boostApplServerListenPort','CACTI-BOOST-MIB','DisplayString','DATA','Scalar','read-only','','Returns the TCP port the boost server will listen on.'),('.1.3.6.1.4.1.23925.4.2.1.14.0','boostApplServerTimeOuts','CACTI-BOOST-MIB','Unsigned32','DATA','Scalar','read-only','','Defines the maximum number of seconds a client should wait on the<br>Boost server before giving up.'),('.1.3.6.1.4.1.23925.4.2.1.15.0','boostApplImageCacheEnabled','CACTI-BOOST-MIB','TruthValue','DATA','Scalar','read-only','2','If image caching has been enabled this object is set to true (1).'),('.1.3.6.1.4.1.23925.4.2.1.16.0','boostApplLoggingEnabled','CACTI-BOOST-MIB','TruthValue','DATA','Scalar','read-only','2','If Boost debug logging is enabled this object will return true (1).'),('.1.3.6.1.4.1.23925.4.2.1.17.0','boostApplStorageDatabaseEngine','CACTI-BOOST-MIB','DisplayString','DATA','Scalar','read-only','','Returns the database engine being used for the boost storage.'),('.1.3.6.1.4.1.23925.4.2.1.18.0','boostApplStorageMaxTableSize','CACTI-BOOST-MIB','Integer32','DATA','Scalar','read-only','','This object contains the maximum size in kbytes a boost memory (1) table<br>is allowed to have. If boostApplStorageDatabaseEngine is set to<br>myisam (2) the table size is unlimited and this object returns -1.'),('.1.3.6.1.4.1.23925.4.2.1.19.0','boostApplStorageMaxRecords','CACTI-BOOST-MIB','Unsigned32','DATA','Scalar','read-only','','This object contains the estimated number of records a boost memory (1)<br>table can store. If boostApplStorageDatabaseEngine is set to<br>myisam (2) the number of maximum records is unlimited and<br>this object returns 0.'),('.1.3.6.1.4.1.23925.4.2.1.2.0','boostApplRrdUpdateEnabled','CACTI-BOOST-MIB','TruthValue','DATA','Scalar','read-only','2','If Boost on demand RRD updating has been enabled this object is set<br>to true(1).'),('.1.3.6.1.4.1.23925.4.2.1.3.0','boostApplRrdUpdateInterval','CACTI-BOOST-MIB','Unsigned32','DATA','Scalar','read-only','60','If Boost has been enabled this interval determines when<br>RRDfiles will be updated automatically.'),('.1.3.6.1.4.1.23925.4.2.1.4.0','boostApplRrdUpdateMaxRecords','CACTI-BOOST-MIB','Unsigned32','DATA','Scalar','read-only','1000000','Represents the maximum size in records of the Boost output table.<br>If the boost output table exceeds this size, in records, an update<br>will take place.'),('.1.3.6.1.4.1.23925.4.2.1.5.0','boostApplRrdUpdateMaxRecordsPerSelect','CACTI-BOOST-MIB','Unsigned32','DATA','Scalar','read-only','50000','Defines the maximum number of data source items that should be<br>retrieved in one single pass.'),('.1.3.6.1.4.1.23925.4.2.1.6.0','boostApplRrdUpdateMaxStringLength','CACTI-BOOST-MIB','Unsigned32','DATA','Scalar','read-only','2000','Defines the maximum argument length Boost must not exceed for update<br>commands to RRDtool. This limit varies by operating system and kernel<br>level.'),('.1.3.6.1.4.1.23925.4.2.1.7.0','boostApplRrdUpdatePollerMemLimit','CACTI-BOOST-MIB','Unsigned32','DATA','Scalar','read-only','1024','Returns the maximum amount of memory for the Cacti Poller and<br>Boost\'s Poller.'),('.1.3.6.1.4.1.23925.4.2.1.8.0','boostApplRrdUpdateMaxRunTime','CACTI-BOOST-MIB','Unsigned32','DATA','Scalar','read-only','1200','Represents the maximum boot poller run time in seconds being allowed.'),('.1.3.6.1.4.1.23925.4.2.1.9.0','boostApplRrdUpdateRedirect','CACTI-BOOST-MIB','TruthValue','DATA','Scalar','read-only','2','If direct population of poller_output_boost table by spine has been<br>enabled this object is set to true(1). This enables direct insert of<br>records into poller output boost.'),('.1.3.6.1.4.1.23925.4.2.2','boostStats','CACTI-BOOST-MIB','','OBJECT-IDENTITY','Node','not-accessible','','reserved for boost statistics'),('.1.3.6.1.4.1.23925.4.2.2.1.0','boostStatsLastUpdate','CACTI-BOOST-MIB','Unsigned32','DATA','Scalar','read-only','','Unix timestamp when this data has been updated for the last time.'),('.1.3.6.1.4.1.23925.4.2.2.10.0','boostStatsTotalsRecords','CACTI-BOOST-MIB','Unsigned32','DATA','Scalar','read-only','','Returns the total number of records being handled by Boost.'),('.1.3.6.1.4.1.23925.4.2.2.11.0','boostStatsTotalsRecordsPending','CACTI-BOOST-MIB','Unsigned32','DATA','Scalar','read-only','','Total number of records marked as pending.'),('.1.3.6.1.4.1.23925.4.2.2.12.0','boostStatsTotalsRecordsArchived','CACTI-BOOST-MIB','Unsigned32','DATA','Scalar','read-only','','Total number of records marked as archived.'),('.1.3.6.1.4.1.23925.4.2.2.13.0','boostStatsStorageTableSize','CACTI-BOOST-MIB','Unsigned32','DATA','Scalar','read-only','','This object contains the current size of the boost memory table<br>in kBytes.'),('.1.3.6.1.4.1.23925.4.2.2.14.0','boostStatsStorageAverageRecordSize','CACTI-BOOST-MIB','Unsigned32','DATA','Scalar','read-only','','Returns the average record size of the boost memory table in bytes.'),('.1.3.6.1.4.1.23925.4.2.2.15.0','boostStatsStorageMaxRecordLength','CACTI-BOOST-MIB','Unsigned32','DATA','Scalar','read-only','','Returns size of longest record within the boost memory table<br>in bytes.'),('.1.3.6.1.4.1.23925.4.2.2.16.0','boostStatsTotalsImagesCacheSize','CACTI-BOOST-MIB','Unsigned32','DATA','Scalar','read-only','','Represents the total number of RRD image files being<br>currently cached by Boost.'),('.1.3.6.1.4.1.23925.4.2.2.17.0','boostStatsTotalsImagesCacheReads','CACTI-BOOST-MIB','Counter64','DATA','Scalar','read-only','','Number of succesful read operations.'),('.1.3.6.1.4.1.23925.4.2.2.18.0','boostStatsTotalsImagesCacheWrites','CACTI-BOOST-MIB','Counter64','DATA','Scalar','read-only','','Indicates the number of uncached read operations.'),('.1.3.6.1.4.1.23925.4.2.2.2.0','boostStatsRrdUpdateProcessStatus','CACTI-BOOST-MIB','INTEGER','DATA','Scalar','read-only','','The status the update process of Boost can have:<br>disabled(0)    - RRD update process has been disabled.<br>neverrun(1)    - RRD update process is enabled but did not run so far<br>complete(2)    - Last RRD update process has been completed<br>running(3)     - RRD update process is still running<br>overrun(4)     - Overrun detected ?     *review*<br>timeout(5)     - Time out detected ?    *review*<br>other(6)       - Undefined state        *review*'),('.1.3.6.1.4.1.23925.4.2.2.3.0','boostStatsRrdUpdateLastRun','CACTI-BOOST-MIB','DisplayString','DATA','Scalar','read-only','','Date of last run'),('.1.3.6.1.4.1.23925.4.2.2.4.0','boostStatsRrdUpdates','CACTI-BOOST-MIB','Unsigned32','DATA','Scalar','read-only','','Number of RRDs being updated.'),('.1.3.6.1.4.1.23925.4.2.2.5.0','boostStatsRrdUpdateDuration','CACTI-BOOST-MIB','DisplayString','DATA','Scalar','read-only','','Represents the duration of the last update process in seconds.'),('.1.3.6.1.4.1.23925.4.2.2.6.0','boostStatsRrdUpdateUtilization','CACTI-BOOST-MIB','DisplayString','DATA','Scalar','read-only','','The proportion of the maximum upate frequency in percent Boost requires<br>to update all rrds.'),('.1.3.6.1.4.1.23925.4.2.2.7.0','boostStatsRrdUpdatePollerPeakMemory','CACTI-BOOST-MIB','Unsigned32','DATA','Scalar','read-only','','Returns the peak of memory in bytes that has been allocated by Boost<br>during the last rrd update process.'),('.1.3.6.1.4.1.23925.4.2.2.8.0','boostStatsRrdUpdateNextRun','CACTI-BOOST-MIB','DisplayString','DATA','Scalar','read-only','','Date of next run'),('.1.3.6.1.4.1.23925.4.2.2.9.0','boostStatsTotalsDataSources','CACTI-BOOST-MIB','Unsigned32','DATA','Scalar','read-only','','Represents the total number of poller items Boost has to take care of.'),('.1.3.6.1.4.1.23925.4.2.3','boostEvents','CACTI-BOOST-MIB','','OBJECT-IDENTITY','Node','not-accessible','','reserved for boost events'),('.1.3.6.1.4.1.23925.4.2.4','boostMibGroups','CACTI-BOOST-MIB','','OBJECT-IDENTITY','Node','not-accessible','','reserved for group definitions'),('.1.3.6.1.4.1.23925.4.4','snmpagent','CACTI-SNMPAGENT-MIB','','MODULE-IDENTITY','Node','not-accessible','','Initial version of this MIB module.'),('.1.3.6.1.4.1.23925.4.4.1','snmpagentAppl','CACTI-SNMPAGENT-MIB','','OBJECT-IDENTITY','Node','not-accessible','','resevered for statistics'),('.1.3.6.1.4.1.23925.4.4.1.1.0','snmpagentApplLastUpdate','CACTI-SNMPAGENT-MIB','Unsigned32','DATA','Scalar','read-only','','Unix timestamp when this data has been updated for the last time.'),('.1.3.6.1.4.1.23925.4.4.2','snmpagentStats','CACTI-SNMPAGENT-MIB','','OBJECT-IDENTITY','Node','not-accessible','','resevered for statistics'),('.1.3.6.1.4.1.23925.4.4.2.1.0','snmpagentStatsLastUpdate','CACTI-SNMPAGENT-MIB','Unsigned32','DATA','Scalar','read-only','','Unix timestamp when this data has been updated for the last time.'),('.1.3.6.1.4.1.23925.4.4.3','snmpagentEvents','CACTI-SNMPAGENT-MIB','','OBJECT-IDENTITY','Node','not-accessible','','resevered for events'),('.1.3.6.1.4.1.23925.4.4.3.1','snmpagentEventAttributes','CACTI-SNMPAGENT-MIB','','OBJECT-IDENTITY','Node','not-accessible','','resevered for event attributes, used as varbind for the SMNP notifications'),('.1.3.6.1.4.1.23925.4.4.3.1.1.0','snmpagentEventDescription','CACTI-SNMPAGENT-MIB','DisplayString','DATA','Scalar','accessible-for-notify','','Contains a customized event description.'),('.1.3.6.1.4.1.23925.4.4.3.2','snmpagentEventNotifications','CACTI-SNMPAGENT-MIB','','OBJECT-IDENTITY','Node','not-accessible','','resevered for event notifications'),('.1.3.6.1.4.1.23925.4.4.3.2.1','snmpagentNotificationTest','CACTI-SNMPAGENT-MIB','','NOTIFICATION-TYPE','Notification','not-accessible','','This SNMP notification will only include varbind snmpagentEventDescription<br>and can be used to verify the configuration of SNMP managers.'),('.1.3.6.1.4.1.23925.4.4.4','snmpagentMibGroups','CACTI-SNMPAGENT-MIB','','OBJECT-IDENTITY','Node','not-accessible','','resevered for group definitions'),('.1.3.6.1.4.1.23925.4.4.4.1','snmpagentEventGroup','CACTI-SNMPAGENT-MIB','','OBJECT-GROUP','Group','not-accessible','','A collection of objects providing the SNMPAgent event<br>attributes.'),('.1.3.6.1.4.1.23925.4.4.4.2','snmpagentNotifyGroup','CACTI-SNMPAGENT-MIB','','NOTIFICATION-GROUP','Group','not-accessible','','The group of notifications SNMPAgent offers.'),('.1.3.6.1.4.1.23925.5','cactiMibGroups','CACTI-MIB','','OBJECT-IDENTITY','Node','not-accessible','','reserved for group definitions'),('.1.3.6.1.4.1.23925.5.1','cactiApplPollerGroup','CACTI-MIB','','OBJECT-GROUP','Group','not-accessible','','A collection of poller settings.'),('.1.3.6.1.4.1.23925.5.2','cactiApplSpineGroup','CACTI-MIB','','OBJECT-GROUP','Group','not-accessible','','A collection of Spine specific parameters.'),('.1.3.6.1.4.1.23925.5.3','cactiStatsTotalsDeviceGroup','CACTI-MIB','','OBJECT-GROUP','Group','not-accessible','','A collection of Spine specific parameters.'),('.1.3.6.1.4.1.23925.5.4','cactiNotifyGroup','CACTI-MIB','','NOTIFICATION-GROUP','Group','not-accessible','','The group of notifications Cacti supports.');
/*!40000 ALTER TABLE `snmpagent_cache` ENABLE KEYS */;
UNLOCK TABLES;

--
-- Table structure for table `snmpagent_cache_notifications`
--

DROP TABLE IF EXISTS `snmpagent_cache_notifications`;
/*!40101 SET @saved_cs_client     = @@character_set_client */;
/*!40101 SET character_set_client = utf8 */;
CREATE TABLE `snmpagent_cache_notifications` (
  `name` varchar(50) COLLATE utf8mb4_unicode_ci NOT NULL,
  `mib` varchar(50) COLLATE utf8mb4_unicode_ci NOT NULL,
  `attribute` varchar(50) COLLATE utf8mb4_unicode_ci NOT NULL,
  `sequence_id` smallint(6) NOT NULL,
  PRIMARY KEY (`name`,`mib`,`attribute`,`sequence_id`),
  KEY `name` (`name`)
) ENGINE=InnoDB DEFAULT CHARSET=utf8mb4 COLLATE=utf8mb4_unicode_ci ROW_FORMAT=DYNAMIC COMMENT='Notifcations and related attributes';
/*!40101 SET character_set_client = @saved_cs_client */;

--
-- Dumping data for table `snmpagent_cache_notifications`
--

LOCK TABLES `snmpagent_cache_notifications` WRITE;
/*!40000 ALTER TABLE `snmpagent_cache_notifications` DISABLE KEYS */;
INSERT INTO `snmpagent_cache_notifications` VALUES ('cactiNotify','CACTI-MIB','cactiEventDescription',0),('cactiNotifyDeviceDown','CACTI-MIB','cactiApplDeviceDescription',2),('cactiNotifyDeviceDown','CACTI-MIB','cactiApplDeviceHostname',4),('cactiNotifyDeviceDown','CACTI-MIB','cactiApplDeviceIndex',0),('cactiNotifyDeviceDown','CACTI-MIB','cactiApplDeviceLastError',6),('cactiNotifyDeviceFailedPoll','CACTI-MIB','cactiApplDeviceDescription',2),('cactiNotifyDeviceFailedPoll','CACTI-MIB','cactiApplDeviceHostname',4),('cactiNotifyDeviceFailedPoll','CACTI-MIB','cactiApplDeviceIndex',0),('cactiNotifyDeviceFailedPoll','CACTI-MIB','cactiApplDeviceLastError',6),('cactiNotifyDeviceRecovering','CACTI-MIB','cactiApplDeviceDescription',2),('cactiNotifyDeviceRecovering','CACTI-MIB','cactiApplDeviceHostname',4),('cactiNotifyDeviceRecovering','CACTI-MIB','cactiApplDeviceIndex',0),('cactiNotifyDeviceRecovering','CACTI-MIB','cactiApplDeviceLastError',6),('cactiNotifyPollerRuntimeExceeding','CACTI-MIB','cactiApplPollerHostname',2),('cactiNotifyPollerRuntimeExceeding','CACTI-MIB','cactiApplPollerIndex',0),('cactiNotifyPollerRuntimeExceeding','CACTI-MIB','cactiApplPollerIpAddress',4),('snmpagentNotificationTest','CACTI-SNMPAGENT-MIB','snmpagentEventDescription',0);
/*!40000 ALTER TABLE `snmpagent_cache_notifications` ENABLE KEYS */;
UNLOCK TABLES;

--
-- Table structure for table `snmpagent_cache_textual_conventions`
--

DROP TABLE IF EXISTS `snmpagent_cache_textual_conventions`;
/*!40101 SET @saved_cs_client     = @@character_set_client */;
/*!40101 SET character_set_client = utf8 */;
CREATE TABLE `snmpagent_cache_textual_conventions` (
  `name` varchar(50) COLLATE utf8mb4_unicode_ci NOT NULL,
  `mib` varchar(50) COLLATE utf8mb4_unicode_ci NOT NULL,
  `type` varchar(50) COLLATE utf8mb4_unicode_ci NOT NULL DEFAULT '',
  `description` varchar(5000) COLLATE utf8mb4_unicode_ci NOT NULL DEFAULT '',
  PRIMARY KEY (`name`,`mib`,`type`),
  KEY `name` (`name`),
  KEY `mib` (`mib`)
) ENGINE=InnoDB DEFAULT CHARSET=utf8mb4 COLLATE=utf8mb4_unicode_ci ROW_FORMAT=DYNAMIC COMMENT='Textual conventions';
/*!40101 SET character_set_client = @saved_cs_client */;

--
-- Dumping data for table `snmpagent_cache_textual_conventions`
--

LOCK TABLES `snmpagent_cache_textual_conventions` WRITE;
/*!40000 ALTER TABLE `snmpagent_cache_textual_conventions` DISABLE KEYS */;
INSERT INTO `snmpagent_cache_textual_conventions` VALUES ('TcCactiApplPollerType','CACTI-MIB','INTEGER','Poller types:<br />\r\n<br />\r\ncmd         - php based poller<br />\r\nspine       - high performance C-based polling engine<br />\r\n'),('TcCactiApplSnmpVersion','CACTI-MIB','INTEGER','The type of SNMP being used:<br />\r\n<br />\r\nNET-SNMP<br />\r\nUCD-SNMP<br />\r\nPHP-SNMP<br />\r\n');
/*!40000 ALTER TABLE `snmpagent_cache_textual_conventions` ENABLE KEYS */;
UNLOCK TABLES;

--
-- Table structure for table `snmpagent_managers`
--

DROP TABLE IF EXISTS `snmpagent_managers`;
/*!40101 SET @saved_cs_client     = @@character_set_client */;
/*!40101 SET character_set_client = utf8 */;
CREATE TABLE `snmpagent_managers` (
  `id` int(8) NOT NULL AUTO_INCREMENT,
  `hostname` varchar(100) COLLATE utf8mb4_unicode_ci NOT NULL,
  `description` varchar(255) COLLATE utf8mb4_unicode_ci NOT NULL,
  `disabled` char(2) COLLATE utf8mb4_unicode_ci DEFAULT NULL,
  `max_log_size` tinyint(1) NOT NULL,
  `snmp_version` tinyint(1) unsigned NOT NULL DEFAULT 1,
  `snmp_community` varchar(100) COLLATE utf8mb4_unicode_ci NOT NULL DEFAULT '',
  `snmp_username` varchar(50) COLLATE utf8mb4_unicode_ci NOT NULL,
  `snmp_password` varchar(50) COLLATE utf8mb4_unicode_ci NOT NULL,
  `snmp_auth_protocol` char(6) COLLATE utf8mb4_unicode_ci NOT NULL,
  `snmp_priv_passphrase` varchar(200) COLLATE utf8mb4_unicode_ci NOT NULL,
  `snmp_priv_protocol` char(6) COLLATE utf8mb4_unicode_ci NOT NULL,
  `snmp_engine_id` varchar(64) COLLATE utf8mb4_unicode_ci DEFAULT NULL,
  `snmp_port` mediumint(5) unsigned NOT NULL DEFAULT 161,
  `snmp_message_type` tinyint(1) NOT NULL,
  `notes` mediumtext COLLATE utf8mb4_unicode_ci DEFAULT NULL,
  PRIMARY KEY (`id`),
  KEY `hostname` (`hostname`)
) ENGINE=InnoDB DEFAULT CHARSET=utf8mb4 COLLATE=utf8mb4_unicode_ci ROW_FORMAT=DYNAMIC COMMENT='snmp notification receivers';
/*!40101 SET character_set_client = @saved_cs_client */;

--
-- Dumping data for table `snmpagent_managers`
--

LOCK TABLES `snmpagent_managers` WRITE;
/*!40000 ALTER TABLE `snmpagent_managers` DISABLE KEYS */;
/*!40000 ALTER TABLE `snmpagent_managers` ENABLE KEYS */;
UNLOCK TABLES;

--
-- Table structure for table `snmpagent_managers_notifications`
--

DROP TABLE IF EXISTS `snmpagent_managers_notifications`;
/*!40101 SET @saved_cs_client     = @@character_set_client */;
/*!40101 SET character_set_client = utf8 */;
CREATE TABLE `snmpagent_managers_notifications` (
  `manager_id` int(8) NOT NULL,
  `notification` varchar(50) COLLATE utf8mb4_unicode_ci NOT NULL,
  `mib` varchar(50) COLLATE utf8mb4_unicode_ci NOT NULL,
  PRIMARY KEY (`manager_id`,`notification`,`mib`),
  KEY `mib` (`mib`),
  KEY `manager_id_notification` (`manager_id`,`notification`)
) ENGINE=InnoDB DEFAULT CHARSET=utf8mb4 COLLATE=utf8mb4_unicode_ci ROW_FORMAT=DYNAMIC COMMENT='snmp notifications to receivers';
/*!40101 SET character_set_client = @saved_cs_client */;

--
-- Dumping data for table `snmpagent_managers_notifications`
--

LOCK TABLES `snmpagent_managers_notifications` WRITE;
/*!40000 ALTER TABLE `snmpagent_managers_notifications` DISABLE KEYS */;
/*!40000 ALTER TABLE `snmpagent_managers_notifications` ENABLE KEYS */;
UNLOCK TABLES;

--
-- Table structure for table `snmpagent_mibs`
--

DROP TABLE IF EXISTS `snmpagent_mibs`;
/*!40101 SET @saved_cs_client     = @@character_set_client */;
/*!40101 SET character_set_client = utf8 */;
CREATE TABLE `snmpagent_mibs` (
  `id` int(8) NOT NULL AUTO_INCREMENT,
  `name` varchar(50) COLLATE utf8mb4_unicode_ci NOT NULL DEFAULT '',
  `file` varchar(255) COLLATE utf8mb4_unicode_ci NOT NULL DEFAULT '',
  PRIMARY KEY (`id`)
) ENGINE=InnoDB AUTO_INCREMENT=4 DEFAULT CHARSET=utf8mb4 COLLATE=utf8mb4_unicode_ci ROW_FORMAT=DYNAMIC COMMENT='Registered MIB files';
/*!40101 SET character_set_client = @saved_cs_client */;

--
-- Dumping data for table `snmpagent_mibs`
--

LOCK TABLES `snmpagent_mibs` WRITE;
/*!40000 ALTER TABLE `snmpagent_mibs` DISABLE KEYS */;
INSERT INTO `snmpagent_mibs` VALUES (1,'CACTI-MIB','/usr/share/cacti/mibs/CACTI-MIB'),(2,'CACTI-SNMPAGENT-MIB','/usr/share/cacti/mibs/CACTI-SNMPAGENT-MIB'),(3,'CACTI-BOOST-MIB','/usr/share/cacti/mibs/CACTI-BOOST-MIB');
/*!40000 ALTER TABLE `snmpagent_mibs` ENABLE KEYS */;
UNLOCK TABLES;

--
-- Table structure for table `snmpagent_notifications_log`
--

DROP TABLE IF EXISTS `snmpagent_notifications_log`;
/*!40101 SET @saved_cs_client     = @@character_set_client */;
/*!40101 SET character_set_client = utf8 */;
CREATE TABLE `snmpagent_notifications_log` (
  `id` int(12) NOT NULL AUTO_INCREMENT,
  `time` int(24) NOT NULL,
  `severity` tinyint(1) NOT NULL,
  `manager_id` int(8) NOT NULL,
  `notification` varchar(190) COLLATE utf8mb4_unicode_ci NOT NULL,
  `mib` varchar(50) COLLATE utf8mb4_unicode_ci NOT NULL,
  `varbinds` varchar(5000) COLLATE utf8mb4_unicode_ci NOT NULL,
  PRIMARY KEY (`id`),
  KEY `time` (`time`),
  KEY `severity` (`severity`),
  KEY `manager_id_notification` (`manager_id`,`notification`)
) ENGINE=InnoDB DEFAULT CHARSET=utf8mb4 COLLATE=utf8mb4_unicode_ci ROW_FORMAT=DYNAMIC COMMENT='logs snmp notifications to receivers';
/*!40101 SET character_set_client = @saved_cs_client */;

--
-- Dumping data for table `snmpagent_notifications_log`
--

LOCK TABLES `snmpagent_notifications_log` WRITE;
/*!40000 ALTER TABLE `snmpagent_notifications_log` DISABLE KEYS */;
/*!40000 ALTER TABLE `snmpagent_notifications_log` ENABLE KEYS */;
UNLOCK TABLES;

--
-- Table structure for table `user_auth`
--

DROP TABLE IF EXISTS `user_auth`;
/*!40101 SET @saved_cs_client     = @@character_set_client */;
/*!40101 SET character_set_client = utf8 */;
CREATE TABLE `user_auth` (
  `id` mediumint(8) unsigned NOT NULL AUTO_INCREMENT,
  `username` varchar(50) COLLATE utf8mb4_unicode_ci NOT NULL DEFAULT '0',
  `password` varchar(256) COLLATE utf8mb4_unicode_ci NOT NULL DEFAULT '',
  `realm` mediumint(8) NOT NULL DEFAULT 0,
  `full_name` varchar(100) COLLATE utf8mb4_unicode_ci DEFAULT '0',
  `email_address` varchar(128) COLLATE utf8mb4_unicode_ci DEFAULT NULL,
  `must_change_password` char(2) COLLATE utf8mb4_unicode_ci DEFAULT NULL,
  `password_change` char(2) COLLATE utf8mb4_unicode_ci DEFAULT 'on',
  `show_tree` char(2) COLLATE utf8mb4_unicode_ci DEFAULT 'on',
  `show_list` char(2) COLLATE utf8mb4_unicode_ci DEFAULT 'on',
  `show_preview` char(2) COLLATE utf8mb4_unicode_ci NOT NULL DEFAULT 'on',
  `graph_settings` char(2) COLLATE utf8mb4_unicode_ci DEFAULT NULL,
  `login_opts` tinyint(1) NOT NULL DEFAULT 1,
  `policy_graphs` tinyint(1) unsigned NOT NULL DEFAULT 1,
  `policy_trees` tinyint(1) unsigned NOT NULL DEFAULT 1,
  `policy_hosts` tinyint(1) unsigned NOT NULL DEFAULT 1,
  `policy_graph_templates` tinyint(1) unsigned NOT NULL DEFAULT 1,
  `enabled` char(2) COLLATE utf8mb4_unicode_ci NOT NULL DEFAULT 'on',
  `lastchange` int(12) NOT NULL DEFAULT -1,
  `lastlogin` int(12) NOT NULL DEFAULT -1,
  `password_history` varchar(4096) COLLATE utf8mb4_unicode_ci NOT NULL DEFAULT '-1',
  `locked` varchar(3) COLLATE utf8mb4_unicode_ci NOT NULL DEFAULT '',
  `failed_attempts` int(5) NOT NULL DEFAULT 0,
  `lastfail` int(12) NOT NULL DEFAULT 0,
  `reset_perms` int(12) unsigned NOT NULL DEFAULT 0,
  PRIMARY KEY (`id`),
  KEY `username` (`username`),
  KEY `realm` (`realm`),
  KEY `enabled` (`enabled`)
) ENGINE=InnoDB AUTO_INCREMENT=4 DEFAULT CHARSET=utf8mb4 COLLATE=utf8mb4_unicode_ci ROW_FORMAT=DYNAMIC;
/*!40101 SET character_set_client = @saved_cs_client */;

--
-- Dumping data for table `user_auth`
--

LOCK TABLES `user_auth` WRITE;
/*!40000 ALTER TABLE `user_auth` DISABLE KEYS */;
INSERT INTO `user_auth` VALUES (1,'admin','026b32f7d5ad916cdc38b8e5a91f0eed',0,'Administrator','','','on','on','on','on','on',2,1,1,1,1,'on',-1,-1,'-1','',0,0,3018683403),(3,'guest','43e9a4ab75570f5b',0,'Guest Account','','on','on','on','on','on','3',1,1,1,1,1,'',-1,-1,'-1','',0,0,0);
/*!40000 ALTER TABLE `user_auth` ENABLE KEYS */;
UNLOCK TABLES;

--
-- Table structure for table `user_auth_cache`
--

DROP TABLE IF EXISTS `user_auth_cache`;
/*!40101 SET @saved_cs_client     = @@character_set_client */;
/*!40101 SET character_set_client = utf8 */;
CREATE TABLE `user_auth_cache` (
  `id` int(10) unsigned NOT NULL AUTO_INCREMENT,
  `user_id` int(10) unsigned NOT NULL DEFAULT 0,
  `hostname` varchar(100) COLLATE utf8mb4_unicode_ci NOT NULL DEFAULT '',
  `last_update` timestamp NOT NULL DEFAULT current_timestamp(),
  `token` varchar(191) COLLATE utf8mb4_unicode_ci NOT NULL DEFAULT '',
  PRIMARY KEY (`id`),
  UNIQUE KEY `tokenkey` (`token`),
  KEY `hostname` (`hostname`),
  KEY `user_id` (`user_id`),
  KEY `last_update` (`last_update`)
) ENGINE=InnoDB AUTO_INCREMENT=4 DEFAULT CHARSET=utf8mb4 COLLATE=utf8mb4_unicode_ci ROW_FORMAT=DYNAMIC COMMENT='Caches Remember Me Details';
/*!40101 SET character_set_client = @saved_cs_client */;

--
-- Dumping data for table `user_auth_cache`
--

LOCK TABLES `user_auth_cache` WRITE;
/*!40000 ALTER TABLE `user_auth_cache` DISABLE KEYS */;
INSERT INTO `user_auth_cache` VALUES (2,1,'10.254.10.11','2020-02-15 07:54:12','edf5dbbf9003be5af73cd4ed2ea31a3c7146f346d043f3bfb949dbca3ecd0bcb7e8476cfa5d4066aeedbcad81022905a2299268bc1eabf7ae458497cf7e23723'),(3,1,'10.254.10.11','2020-02-15 07:54:20','d098075d480efd07551a112df0e0b3493215a784846a4664865286e38a3b6de91ccfed272b10d4317b934744cfed20a69d4e6b46f507c5a7a69ca0fca06fe847');
/*!40000 ALTER TABLE `user_auth_cache` ENABLE KEYS */;
UNLOCK TABLES;

--
-- Table structure for table `user_auth_group`
--

DROP TABLE IF EXISTS `user_auth_group`;
/*!40101 SET @saved_cs_client     = @@character_set_client */;
/*!40101 SET character_set_client = utf8 */;
CREATE TABLE `user_auth_group` (
  `id` int(10) unsigned NOT NULL AUTO_INCREMENT,
  `name` varchar(20) COLLATE utf8mb4_unicode_ci NOT NULL,
  `description` varchar(255) COLLATE utf8mb4_unicode_ci NOT NULL DEFAULT '',
  `graph_settings` varchar(2) COLLATE utf8mb4_unicode_ci DEFAULT NULL,
  `login_opts` tinyint(1) NOT NULL DEFAULT 1,
  `show_tree` varchar(2) COLLATE utf8mb4_unicode_ci DEFAULT 'on',
  `show_list` varchar(2) COLLATE utf8mb4_unicode_ci DEFAULT 'on',
  `show_preview` varchar(2) COLLATE utf8mb4_unicode_ci NOT NULL DEFAULT 'on',
  `policy_graphs` tinyint(1) unsigned NOT NULL DEFAULT 1,
  `policy_trees` tinyint(1) unsigned NOT NULL DEFAULT 1,
  `policy_hosts` tinyint(1) unsigned NOT NULL DEFAULT 1,
  `policy_graph_templates` tinyint(1) unsigned NOT NULL DEFAULT 1,
  `enabled` char(2) COLLATE utf8mb4_unicode_ci NOT NULL DEFAULT 'on',
  PRIMARY KEY (`id`)
) ENGINE=InnoDB DEFAULT CHARSET=utf8mb4 COLLATE=utf8mb4_unicode_ci ROW_FORMAT=DYNAMIC COMMENT='Table that Contains User Groups';
/*!40101 SET character_set_client = @saved_cs_client */;

--
-- Dumping data for table `user_auth_group`
--

LOCK TABLES `user_auth_group` WRITE;
/*!40000 ALTER TABLE `user_auth_group` DISABLE KEYS */;
/*!40000 ALTER TABLE `user_auth_group` ENABLE KEYS */;
UNLOCK TABLES;

--
-- Table structure for table `user_auth_group_members`
--

DROP TABLE IF EXISTS `user_auth_group_members`;
/*!40101 SET @saved_cs_client     = @@character_set_client */;
/*!40101 SET character_set_client = utf8 */;
CREATE TABLE `user_auth_group_members` (
  `group_id` int(10) unsigned NOT NULL,
  `user_id` int(10) unsigned NOT NULL,
  PRIMARY KEY (`group_id`,`user_id`),
  KEY `realm_id` (`user_id`)
) ENGINE=InnoDB DEFAULT CHARSET=utf8mb4 COLLATE=utf8mb4_unicode_ci ROW_FORMAT=DYNAMIC COMMENT='Table that Contains User Group Members';
/*!40101 SET character_set_client = @saved_cs_client */;

--
-- Dumping data for table `user_auth_group_members`
--

LOCK TABLES `user_auth_group_members` WRITE;
/*!40000 ALTER TABLE `user_auth_group_members` DISABLE KEYS */;
/*!40000 ALTER TABLE `user_auth_group_members` ENABLE KEYS */;
UNLOCK TABLES;

--
-- Table structure for table `user_auth_group_perms`
--

DROP TABLE IF EXISTS `user_auth_group_perms`;
/*!40101 SET @saved_cs_client     = @@character_set_client */;
/*!40101 SET character_set_client = utf8 */;
CREATE TABLE `user_auth_group_perms` (
  `group_id` mediumint(8) unsigned NOT NULL DEFAULT 0,
  `item_id` mediumint(8) unsigned NOT NULL DEFAULT 0,
  `type` tinyint(2) unsigned NOT NULL DEFAULT 0,
  PRIMARY KEY (`group_id`,`item_id`,`type`),
  KEY `group_id` (`group_id`,`type`)
) ENGINE=InnoDB DEFAULT CHARSET=utf8mb4 COLLATE=utf8mb4_unicode_ci ROW_FORMAT=DYNAMIC COMMENT='Table that Contains User Group Permissions';
/*!40101 SET character_set_client = @saved_cs_client */;

--
-- Dumping data for table `user_auth_group_perms`
--

LOCK TABLES `user_auth_group_perms` WRITE;
/*!40000 ALTER TABLE `user_auth_group_perms` DISABLE KEYS */;
/*!40000 ALTER TABLE `user_auth_group_perms` ENABLE KEYS */;
UNLOCK TABLES;

--
-- Table structure for table `user_auth_group_realm`
--

DROP TABLE IF EXISTS `user_auth_group_realm`;
/*!40101 SET @saved_cs_client     = @@character_set_client */;
/*!40101 SET character_set_client = utf8 */;
CREATE TABLE `user_auth_group_realm` (
  `group_id` int(10) unsigned NOT NULL,
  `realm_id` int(10) unsigned NOT NULL,
  PRIMARY KEY (`group_id`,`realm_id`),
  KEY `realm_id` (`realm_id`)
) ENGINE=InnoDB DEFAULT CHARSET=utf8mb4 COLLATE=utf8mb4_unicode_ci ROW_FORMAT=DYNAMIC COMMENT='Table that Contains User Group Realm Permissions';
/*!40101 SET character_set_client = @saved_cs_client */;

--
-- Dumping data for table `user_auth_group_realm`
--

LOCK TABLES `user_auth_group_realm` WRITE;
/*!40000 ALTER TABLE `user_auth_group_realm` DISABLE KEYS */;
/*!40000 ALTER TABLE `user_auth_group_realm` ENABLE KEYS */;
UNLOCK TABLES;

--
-- Table structure for table `user_auth_perms`
--

DROP TABLE IF EXISTS `user_auth_perms`;
/*!40101 SET @saved_cs_client     = @@character_set_client */;
/*!40101 SET character_set_client = utf8 */;
CREATE TABLE `user_auth_perms` (
  `user_id` mediumint(8) unsigned NOT NULL DEFAULT 0,
  `item_id` mediumint(8) unsigned NOT NULL DEFAULT 0,
  `type` tinyint(2) unsigned NOT NULL DEFAULT 0,
  PRIMARY KEY (`user_id`,`item_id`,`type`),
  KEY `user_id` (`user_id`,`type`)
) ENGINE=InnoDB DEFAULT CHARSET=utf8mb4 COLLATE=utf8mb4_unicode_ci ROW_FORMAT=DYNAMIC;
/*!40101 SET character_set_client = @saved_cs_client */;

--
-- Dumping data for table `user_auth_perms`
--

LOCK TABLES `user_auth_perms` WRITE;
/*!40000 ALTER TABLE `user_auth_perms` DISABLE KEYS */;
/*!40000 ALTER TABLE `user_auth_perms` ENABLE KEYS */;
UNLOCK TABLES;

--
-- Table structure for table `user_auth_realm`
--

DROP TABLE IF EXISTS `user_auth_realm`;
/*!40101 SET @saved_cs_client     = @@character_set_client */;
/*!40101 SET character_set_client = utf8 */;
CREATE TABLE `user_auth_realm` (
  `realm_id` mediumint(8) unsigned NOT NULL DEFAULT 0,
  `user_id` mediumint(8) unsigned NOT NULL DEFAULT 0,
  PRIMARY KEY (`realm_id`,`user_id`),
  KEY `user_id` (`user_id`)
) ENGINE=InnoDB DEFAULT CHARSET=utf8mb4 COLLATE=utf8mb4_unicode_ci ROW_FORMAT=DYNAMIC;
/*!40101 SET character_set_client = @saved_cs_client */;

--
-- Dumping data for table `user_auth_realm`
--

LOCK TABLES `user_auth_realm` WRITE;
/*!40000 ALTER TABLE `user_auth_realm` DISABLE KEYS */;
INSERT INTO `user_auth_realm` VALUES (1,1),(2,1),(3,1),(4,1),(5,1),(7,1),(7,3),(8,1),(9,1),(10,1),(11,1),(12,1),(13,1),(14,1),(15,1),(16,1),(17,1),(18,1),(20,1),(21,1),(22,1),(23,1),(25,1),(26,1),(101,1);
/*!40000 ALTER TABLE `user_auth_realm` ENABLE KEYS */;
UNLOCK TABLES;

--
-- Table structure for table `user_domains`
--

DROP TABLE IF EXISTS `user_domains`;
/*!40101 SET @saved_cs_client     = @@character_set_client */;
/*!40101 SET character_set_client = utf8 */;
CREATE TABLE `user_domains` (
  `domain_id` int(10) unsigned NOT NULL AUTO_INCREMENT,
  `domain_name` varchar(20) COLLATE utf8mb4_unicode_ci NOT NULL,
  `type` int(10) unsigned NOT NULL DEFAULT 0,
  `enabled` char(2) COLLATE utf8mb4_unicode_ci NOT NULL DEFAULT 'on',
  `defdomain` tinyint(3) NOT NULL DEFAULT 0,
  `user_id` int(10) unsigned NOT NULL DEFAULT 0,
  PRIMARY KEY (`domain_id`)
) ENGINE=InnoDB DEFAULT CHARSET=utf8mb4 COLLATE=utf8mb4_unicode_ci ROW_FORMAT=DYNAMIC COMMENT='Table to Hold Login Domains';
/*!40101 SET character_set_client = @saved_cs_client */;

--
-- Dumping data for table `user_domains`
--

LOCK TABLES `user_domains` WRITE;
/*!40000 ALTER TABLE `user_domains` DISABLE KEYS */;
/*!40000 ALTER TABLE `user_domains` ENABLE KEYS */;
UNLOCK TABLES;

--
-- Table structure for table `user_domains_ldap`
--

DROP TABLE IF EXISTS `user_domains_ldap`;
/*!40101 SET @saved_cs_client     = @@character_set_client */;
/*!40101 SET character_set_client = utf8 */;
CREATE TABLE `user_domains_ldap` (
  `domain_id` int(10) unsigned NOT NULL,
  `server` varchar(128) COLLATE utf8mb4_unicode_ci NOT NULL,
  `port` int(10) unsigned NOT NULL,
  `port_ssl` int(10) unsigned NOT NULL,
  `proto_version` tinyint(3) unsigned NOT NULL,
  `encryption` tinyint(3) unsigned NOT NULL,
  `referrals` tinyint(3) unsigned NOT NULL,
  `mode` tinyint(3) unsigned NOT NULL,
  `dn` varchar(128) COLLATE utf8mb4_unicode_ci NOT NULL,
  `group_require` char(2) COLLATE utf8mb4_unicode_ci NOT NULL,
  `group_dn` varchar(128) COLLATE utf8mb4_unicode_ci NOT NULL,
  `group_attrib` varchar(128) COLLATE utf8mb4_unicode_ci NOT NULL,
  `group_member_type` tinyint(3) unsigned NOT NULL,
  `search_base` varchar(128) COLLATE utf8mb4_unicode_ci NOT NULL,
  `search_filter` varchar(128) COLLATE utf8mb4_unicode_ci NOT NULL,
  `specific_dn` varchar(128) COLLATE utf8mb4_unicode_ci NOT NULL,
  `specific_password` varchar(128) COLLATE utf8mb4_unicode_ci NOT NULL,
  `cn_full_name` varchar(50) COLLATE utf8mb4_unicode_ci DEFAULT '',
  `cn_email` varchar(50) COLLATE utf8mb4_unicode_ci DEFAULT '',
  PRIMARY KEY (`domain_id`)
) ENGINE=InnoDB DEFAULT CHARSET=utf8mb4 COLLATE=utf8mb4_unicode_ci ROW_FORMAT=DYNAMIC COMMENT='Table to Hold Login Domains for LDAP';
/*!40101 SET character_set_client = @saved_cs_client */;

--
-- Dumping data for table `user_domains_ldap`
--

LOCK TABLES `user_domains_ldap` WRITE;
/*!40000 ALTER TABLE `user_domains_ldap` DISABLE KEYS */;
/*!40000 ALTER TABLE `user_domains_ldap` ENABLE KEYS */;
UNLOCK TABLES;

--
-- Table structure for table `user_log`
--

DROP TABLE IF EXISTS `user_log`;
/*!40101 SET @saved_cs_client     = @@character_set_client */;
/*!40101 SET character_set_client = utf8 */;
CREATE TABLE `user_log` (
  `username` varchar(50) COLLATE utf8mb4_unicode_ci NOT NULL DEFAULT '0',
  `user_id` mediumint(8) NOT NULL DEFAULT 0,
  `time` timestamp NOT NULL DEFAULT '0000-00-00 00:00:00',
  `result` tinyint(1) NOT NULL DEFAULT 0,
  `ip` varchar(40) COLLATE utf8mb4_unicode_ci NOT NULL DEFAULT '',
  PRIMARY KEY (`username`,`user_id`,`time`),
  KEY `user_id` (`user_id`)
) ENGINE=InnoDB DEFAULT CHARSET=utf8mb4 COLLATE=utf8mb4_unicode_ci ROW_FORMAT=DYNAMIC;
/*!40101 SET character_set_client = @saved_cs_client */;

--
-- Dumping data for table `user_log`
--

LOCK TABLES `user_log` WRITE;
/*!40000 ALTER TABLE `user_log` DISABLE KEYS */;
INSERT INTO `user_log` VALUES ('admin',0,'2019-01-19 16:46:36',0,'10.1.29.6'),('admin',0,'2019-01-19 16:47:06',0,'10.1.29.6'),('admin',0,'2019-01-20 00:51:09',0,'10.1.29.1'),('admin',0,'2019-01-20 00:51:25',3,'10.1.29.1'),('admin',0,'2019-04-05 23:59:33',0,'10.1.19.2'),('admin',0,'2019-04-05 23:59:45',0,'10.1.19.2'),('admin',0,'2019-04-05 23:59:53',0,'10.1.19.2'),('admin',0,'2019-04-27 16:57:47',0,'10.254.10.11'),('admin',0,'2019-05-03 23:57:57',0,'10.254.10.11'),('admin',0,'2020-01-17 00:25:25',0,'10.254.10.11'),('admin',0,'2020-01-17 00:25:31',0,'10.254.10.11'),('admin',0,'2020-01-17 00:25:43',0,'10.254.10.11'),('admin',0,'2020-02-05 08:10:41',0,'10.1.29.39'),('admin',1,'2019-01-20 00:51:15',1,'10.1.29.1'),('admin',1,'2019-01-20 07:55:09',1,'10.254.10.103'),('admin',1,'2019-01-20 08:25:56',1,'10.1.19.1'),('admin',1,'2019-01-20 22:04:38',1,'10.1.12.1'),('admin',1,'2019-01-22 14:14:31',1,'49.135.44.72'),('admin',1,'2019-01-22 14:50:45',1,'49.135.44.72'),('admin',1,'2019-01-23 11:58:44',1,'10.1.12.2'),('admin',1,'2019-01-23 22:14:25',2,'49.135.44.72'),('admin',1,'2019-01-24 12:42:22',2,'49.135.38.217'),('admin',1,'2019-01-25 21:39:44',2,'49.135.46.165'),('admin',1,'2019-01-25 23:14:13',2,'49.135.45.135'),('admin',1,'2019-01-26 00:13:31',2,'49.135.40.156'),('admin',1,'2019-01-28 12:07:42',1,'10.254.10.11'),('admin',1,'2019-04-06 00:01:56',1,'10.1.19.2'),('admin',1,'2019-04-17 15:23:56',1,'10.254.10.11'),('admin',1,'2019-04-17 16:10:02',1,'10.1.12.1'),('admin',1,'2019-04-19 01:03:51',1,'10.1.12.1'),('admin',1,'2019-04-20 02:40:02',1,'10.1.22.1'),('admin',1,'2019-04-27 16:57:58',1,'10.254.10.11'),('admin',1,'2019-04-28 16:50:53',1,'10.101.22.2'),('admin',1,'2019-05-03 23:38:22',1,'10.254.10.11'),('admin',1,'2019-05-03 23:58:03',1,'10.254.10.11'),('admin',1,'2019-05-04 00:00:04',1,'10.254.10.11'),('admin',1,'2019-05-04 00:01:25',1,'10.254.10.11'),('admin',1,'2019-05-04 00:02:29',1,'10.254.10.11'),('admin',1,'2019-05-04 00:03:04',1,'10.254.10.11'),('admin',1,'2019-05-04 13:26:26',1,'fd5a:ceb9:ed8d:fffb:9039:50ff:9b5f:2e34'),('admin',1,'2019-05-05 04:43:03',1,'fd5a:ceb9:ed8d:fffb:9039:50ff:9b5f:2e34'),('admin',1,'2019-05-05 11:42:38',1,'fd5a:ceb9:ed8d:fffb:9039:50ff:9b5f:2e34'),('admin',1,'2019-05-05 14:39:57',1,'fd5a:ceb9:ed8d:fffb:9039:50ff:9b5f:2e34'),('admin',1,'2019-06-25 14:43:34',1,'10.255.1.34'),('admin',1,'2019-06-27 08:55:45',1,'10.255.1.34'),('admin',1,'2020-01-17 00:25:46',1,'10.254.10.11'),('admin',1,'2020-01-17 01:11:26',1,'10.254.10.11'),('admin',1,'2020-01-18 00:05:31',1,'10.254.10.11'),('admin',1,'2020-01-20 13:21:00',1,'10.254.10.11'),('admin',1,'2020-01-20 15:20:04',1,'10.254.10.11'),('admin',1,'2020-01-27 13:10:40',1,'10.1.29.39'),('admin',1,'2020-01-28 00:03:16',1,'10.254.10.11'),('admin',1,'2020-02-01 12:06:52',1,'172.16.1.2'),('admin',1,'2020-02-02 01:43:32',1,'10.254.10.11'),('admin',1,'2020-02-05 08:10:44',1,'10.1.29.39'),('admin',1,'2020-02-07 13:59:05',1,'10.254.10.11'),('admin',1,'2020-02-09 12:03:47',1,'10.254.10.11'),('admin',1,'2020-02-11 07:25:03',1,'10.254.10.11'),('admin',1,'2020-02-12 22:55:35',1,'10.254.10.11'),('admin',1,'2020-02-15 07:54:12',2,'10.254.10.11'),('admin',1,'2020-02-15 07:54:20',1,'10.254.10.11'),('admin',1,'2020-02-25 16:02:26',1,'192.168.1.64'),('admin',1,'2020-02-26 13:50:14',1,'192.168.1.64'),('admin',1,'2020-03-05 08:57:34',1,'10.254.10.251'),('admin',1,'2020-03-15 02:47:11',1,'10.254.10.251'),('admin',1,'2020-03-16 09:49:21',1,'10.1.29.196'),('admin',1,'2020-03-21 06:48:55',1,'10.254.10.11');
/*!40000 ALTER TABLE `user_log` ENABLE KEYS */;
UNLOCK TABLES;

--
-- Table structure for table `vdef`
--

DROP TABLE IF EXISTS `vdef`;
/*!40101 SET @saved_cs_client     = @@character_set_client */;
/*!40101 SET character_set_client = utf8 */;
CREATE TABLE `vdef` (
  `id` mediumint(8) unsigned NOT NULL AUTO_INCREMENT,
  `hash` varchar(32) COLLATE utf8mb4_unicode_ci NOT NULL DEFAULT '',
  `name` varchar(255) COLLATE utf8mb4_unicode_ci NOT NULL DEFAULT '',
  PRIMARY KEY (`id`),
  KEY `hash` (`hash`),
  KEY `name` (`name`(171))
) ENGINE=InnoDB AUTO_INCREMENT=8 DEFAULT CHARSET=utf8mb4 COLLATE=utf8mb4_unicode_ci ROW_FORMAT=DYNAMIC COMMENT='vdef';
/*!40101 SET character_set_client = @saved_cs_client */;

--
-- Dumping data for table `vdef`
--

LOCK TABLES `vdef` WRITE;
/*!40000 ALTER TABLE `vdef` DISABLE KEYS */;
INSERT INTO `vdef` VALUES (1,'e06ed529238448773038601afb3cf278','Maximum'),(2,'e4872dda82092393d6459c831a50dc3b','Minimum'),(3,'5ce1061a46bb62f36840c80412d2e629','Average'),(4,'06bd3cbe802da6a0745ea5ba93af554a','Last (Current)'),(5,'631c1b9086f3979d6dcf5c7a6946f104','First'),(6,'6b5335843630b66f858ce6b7c61fc493','Total: Current Data Source'),(7,'c80d12b0f030af3574da68b28826cd39','95th Percentage: Current Data Source');
/*!40000 ALTER TABLE `vdef` ENABLE KEYS */;
UNLOCK TABLES;

--
-- Table structure for table `vdef_items`
--

DROP TABLE IF EXISTS `vdef_items`;
/*!40101 SET @saved_cs_client     = @@character_set_client */;
/*!40101 SET character_set_client = utf8 */;
CREATE TABLE `vdef_items` (
  `id` mediumint(8) unsigned NOT NULL AUTO_INCREMENT,
  `hash` varchar(32) COLLATE utf8mb4_unicode_ci NOT NULL DEFAULT '',
  `vdef_id` mediumint(8) unsigned NOT NULL DEFAULT 0,
  `sequence` mediumint(8) unsigned NOT NULL DEFAULT 0,
  `type` tinyint(2) NOT NULL DEFAULT 0,
  `value` varchar(150) COLLATE utf8mb4_unicode_ci NOT NULL DEFAULT '',
  PRIMARY KEY (`id`),
  KEY `vdef_id_sequence` (`vdef_id`,`sequence`)
) ENGINE=InnoDB AUTO_INCREMENT=16 DEFAULT CHARSET=utf8mb4 COLLATE=utf8mb4_unicode_ci ROW_FORMAT=DYNAMIC COMMENT='vdef items';
/*!40101 SET character_set_client = @saved_cs_client */;

--
-- Dumping data for table `vdef_items`
--

LOCK TABLES `vdef_items` WRITE;
/*!40000 ALTER TABLE `vdef_items` DISABLE KEYS */;
INSERT INTO `vdef_items` VALUES (1,'88d33bf9271ac2bdf490cf1784a342c1',1,1,4,'CURRENT_DATA_SOURCE'),(2,'a307afab0c9b1779580039e3f7c4f6e5',1,2,1,'1'),(3,'0945a96068bb57c80bfbd726cf1afa02',2,1,4,'CURRENT_DATA_SOURCE'),(4,'95a8df2eac60a89e8a8ca3ea3d019c44',2,2,1,'2'),(5,'cc2e1c47ec0b4f02eb13708cf6dac585',3,1,4,'CURRENT_DATA_SOURCE'),(6,'a2fd796335b87d9ba54af6a855689507',3,2,1,'3'),(7,'a1d7974ee6018083a2053e0d0f7cb901',4,1,4,'CURRENT_DATA_SOURCE'),(8,'26fccba1c215439616bc1b83637ae7f3',4,2,1,'5'),(9,'a8993b265f4c5398f4a47c44b5b37a07',5,1,4,'CURRENT_DATA_SOURCE'),(10,'5a380d469d611719057c3695ce1e4eee',5,2,1,'6'),(11,'65cfe546b17175fad41fcca98c057feb',6,1,4,'CURRENT_DATA_SOURCE'),(12,'f330b5633c3517d7c62762cef091cc9e',6,2,1,'7'),(13,'f1bf2ecf54ca0565cf39c9c3f7e5394b',7,1,4,'CURRENT_DATA_SOURCE'),(14,'11a26f18feba3919be3af426670cba95',7,2,6,'95'),(15,'e7ae90275bc1efada07c19ca3472d9db',7,3,1,'8');
/*!40000 ALTER TABLE `vdef_items` ENABLE KEYS */;
UNLOCK TABLES;

--
-- Table structure for table `version`
--

DROP TABLE IF EXISTS `version`;
/*!40101 SET @saved_cs_client     = @@character_set_client */;
/*!40101 SET character_set_client = utf8 */;
CREATE TABLE `version` (
  `cacti` char(20) COLLATE utf8mb4_unicode_ci NOT NULL DEFAULT '',
  PRIMARY KEY (`cacti`)
) ENGINE=InnoDB DEFAULT CHARSET=utf8mb4 COLLATE=utf8mb4_unicode_ci ROW_FORMAT=DYNAMIC;
/*!40101 SET character_set_client = @saved_cs_client */;

--
-- Dumping data for table `version`
--

LOCK TABLES `version` WRITE;
/*!40000 ALTER TABLE `version` DISABLE KEYS */;
INSERT INTO `version` VALUES ('1.2.10');
/*!40000 ALTER TABLE `version` ENABLE KEYS */;
UNLOCK TABLES;
/*!40103 SET TIME_ZONE=@OLD_TIME_ZONE */;

/*!40101 SET SQL_MODE=@OLD_SQL_MODE */;
/*!40014 SET FOREIGN_KEY_CHECKS=@OLD_FOREIGN_KEY_CHECKS */;
/*!40014 SET UNIQUE_CHECKS=@OLD_UNIQUE_CHECKS */;
/*!40101 SET CHARACTER_SET_CLIENT=@OLD_CHARACTER_SET_CLIENT */;
/*!40101 SET CHARACTER_SET_RESULTS=@OLD_CHARACTER_SET_RESULTS */;
/*!40101 SET COLLATION_CONNECTION=@OLD_COLLATION_CONNECTION */;
/*!40111 SET SQL_NOTES=@OLD_SQL_NOTES */;

-- Dump completed on 2020-03-29 10:34:14
